C_self,R_self,CR,SR
365.25,213.0625,0.5833,0.75
608.75,365.25,0.6,1.0
334.8125,25.3917,0.0758,0.1979
365.25,213.0625,0.5833,0.75
166.0227,17.497,0.1054,0.1617
547.875,298.8409,0.5455,0.6364
365.25,121.75,0.3333,0.4167
365.25,224.7692,0.6154,1.1538
547.875,365.25,0.6667,1.2308
410.9062,273.9375,0.6667,1.0833
16.4157,5.4842,0.3341,0.4414
365.25,300.7941,0.8235,1.0588
511.35,319.5938,0.625,1.125
547.875,182.625,0.3333,0.375
255.675,273.9375,1.0714,1.0
313.0714,8.6377,0.0276,0.027
365.25,365.25,1.0,1.2222
365.25,257.8235,0.7059,1.0588
365.25,265.6364,0.7273,0.9091
292.2,228.2812,0.7812,0.875
474.825,73.05,0.1538,0.28
255.675,224.7692,0.8791,1.3846
304.375,17.0545,0.056,0.0973
410.9062,252.8654,0.6154,0.7692
438.3,410.9062,0.9375,0.875
292.2,319.5938,1.0938,0.625
182.625,12.2203,0.0669,0.1041
365.25,196.6731,0.5385,0.6154
324.6667,66.4091,0.2045,0.3409
46.381,45.6562,0.9844,1.0156
324.6667,16.7717,0.0517,0.1173
11.7282,8.1425,0.6943,1.0987
365.25,162.3333,0.4444,0.3889
292.2,162.3333,0.5556,0.6667
365.25,280.9615,0.7692,1.3846
304.375,255.675,0.84,0.8
313.0714,232.4318,0.7424,0.8182
146.1,13.0446,0.0893,0.0714
365.25,228.2812,0.625,0.5
487.0,410.9062,0.8438,1.375
9.1887,9.3654,1.0192,1.6182
365.25,334.8125,0.9167,0.8333
273.9375,20.454,0.0747,0.096
182.625,182.625,1.0,1.0
487.0,53.4512,0.1098,0.0976
34.9707,21.4853,0.6144,0.5508
309.0577,17.9179,0.058,0.1434
398.4545,273.9375,0.6875,0.9375
511.35,324.6667,0.6349,0.7778
410.9062,280.9615,0.6838,1.0769
313.0714,219.15,0.7,0.8
365.25,365.25,1.0,1.125
365.25,298.8409,0.8182,0.8182
365.25,202.9167,0.5556,0.6667
393.3462,31.4194,0.0799,0.1075
446.4167,398.4545,0.8926,1.3636
243.5,55.1321,0.2264,0.3585
273.9375,152.1875,0.5556,0.5
273.9375,328.725,1.2,1.4
417.4286,304.375,0.7292,0.8333
365.25,292.2,0.8,1.4
328.725,93.2553,0.2837,0.6383
260.8929,9.8716,0.0378,0.0405
365.25,14.3491,0.0393,0.1
417.4286,298.8409,0.7159,0.9091
426.125,324.6667,0.7619,1.0
243.5,228.2812,0.9375,1.5
43.83,42.9706,0.9804,1.0784
140.4808,24.1203,0.1717,0.1981
469.6071,298.8409,0.6364,1.2727
332.0455,39.1339,0.1179,0.1161
202.9167,81.1667,0.4,0.3611
511.35,365.25,0.7143,0.9
365.25,54.3989,0.1489,0.1489
251.1094,39.7011,0.1581,0.3696
219.15,182.625,0.8333,0.75
426.125,292.2,0.6857,1.0
365.25,168.5769,0.4615,0.4615
273.9375,14.298,0.0522,0.1246
257.8235,26.3104,0.102,0.2076
417.4286,15.2895,0.0366,0.0419
313.0714,219.15,0.7,1.0
469.6071,304.375,0.6481,1.0
243.5,23.6919,0.0973,0.2378
639.1875,328.725,0.5143,0.8
469.6071,332.0455,0.7071,1.0909
547.875,284.0833,0.5185,0.7778
4.4183,4.2971,0.9725,1.0971
487.0,456.5625,0.9375,1.25
438.3,219.15,0.5,0.7
228.2812,10.227,0.0448,0.088
438.3,19.0565,0.0435,0.0696
365.25,324.6667,0.8889,0.8889
365.25,219.15,0.6,0.7
298.8409,365.25,1.2222,1.9231
334.8125,23.1171,0.069,0.1857
334.8125,316.55,0.9455,1.4
316.55,28.2319,0.0892,0.2029
365.25,319.5938,0.875,0.875
547.875,328.725,0.6,1.0
469.6071,17.5601,0.0374,0.0577
456.5625,273.9375,0.6,0.625
417.4286,328.725,0.7875,1.1
328.725,12.3623,0.0376,0.0369
162.3333,11.1244,0.0685,0.1117
213.0625,26.9447,0.1265,0.1885
273.9375,292.2,1.0667,1.3333
639.1875,37.0543,0.058,0.1014
313.0714,39.8455,0.1273,0.1455
365.25,219.15,0.6,0.4
365.25,365.25,1.0,0.875
319.5938,15.1287,0.0473,0.0592
319.5938,16.7931,0.0525,0.0575
304.375,19.7844,0.065,0.1625
365.25,39.8455,0.1091,0.1091
328.725,14.717,0.0448,0.044
273.9375,11.7402,0.0429,0.1071
292.2,228.2812,0.7812,0.875
304.375,192.2368,0.6316,0.8421
365.25,208.7143,0.5714,0.7143
365.25,273.9375,0.75,1.0833
365.25,228.2812,0.625,0.5
260.8929,182.625,0.7,1.0833
319.5938,298.8409,0.9351,0.8182
136.9688,9.7141,0.0709,0.1064
260.8929,9.5615,0.0366,0.0524
438.3,319.5938,0.7292,0.875
417.4286,273.9375,0.6563,0.8333
417.4286,252.8654,0.6058,0.7692
365.25,309.0577,0.8462,1.0
304.375,169.5804,0.5571,1.4643
438.3,243.5,0.5556,0.6667
24.35,6.0875,0.25,0.4
487.0,199.2273,0.4091,0.4545
304.375,202.9167,0.6667,0.7778
547.875,232.4318,0.4242,0.5455
456.5625,334.8125,0.7333,0.9167
365.25,166.0227,0.4545,0.4545
410.9062,205.4531,0.5,0.5625
313.0714,284.0833,0.9074,0.7778
584.4,41.7429,0.0714,0.1286
401.775,337.1538,0.8392,1.0
417.4286,292.2,0.7,1.0
438.3,182.625,0.4167,0.6667
521.7857,334.8125,0.6417,1.0
365.25,208.7143,0.5714,0.5714
319.5938,73.05,0.2286,0.275
1095.75,228.2812,0.2083,0.375
284.0833,224.7692,0.7912,0.9231
298.8409,273.9375,0.9167,1.6667
324.6667,243.5,0.75,0.9333
168.5769,24.5317,0.1455,0.2463
365.25,219.15,0.6,0.9
194.8,37.2014,0.191,0.3704
136.9688,132.8182,0.9697,0.8182
417.4286,273.9375,0.6563,1.0
243.5,42.1442,0.1731,0.4103
511.35,196.6731,0.3846,0.5385
273.9375,232.4318,0.8485,1.1818
10.7779,10.903,1.0116,1.2597
243.5,284.0833,1.1667,0.7778
438.3,213.0625,0.4861,0.6667
252.8654,243.5,0.963,1.2
365.25,265.6364,0.7273,1.0909
260.8929,37.1441,0.1424,0.1356
319.5938,224.7692,0.7033,0.8462
208.7143,199.2273,0.9545,0.8182
182.625,162.3333,0.8889,0.7778
304.375,219.15,0.72,0.8
365.25,243.5,0.6667,0.5833
456.5625,273.9375,0.6,1.0
456.5625,273.9375,0.6,0.625
456.5625,199.2273,0.4364,0.4545
166.0227,29.4556,0.1774,0.2339
426.125,35.3468,0.0829,0.0753
319.5938,16.9884,0.0532,0.093
365.25,182.625,0.5,0.75
438.3,163.7328,0.3736,0.5517
339.1607,18.6624,0.055,0.0766
438.3,365.25,0.8333,1.2308
584.4,365.25,0.625,0.9091
365.25,224.7692,0.6154,0.6923
417.4286,298.8409,0.7159,0.7273
365.25,255.675,0.7,0.9
57.2941,35.4612,0.6189,0.5146
292.2,166.0227,0.5682,0.8182
438.3,9.7726,0.0223,0.0201
251.1094,31.4454,0.1252,0.3245
328.725,304.375,0.9259,1.3333
292.2,304.375,1.0417,1.5
243.5,17.3929,0.0714,0.1376
547.875,255.675,0.4667,0.6
365.25,162.3333,0.4444,0.4444
365.25,182.625,0.5,0.375
547.875,273.9375,0.5,1.0
304.375,255.675,0.84,0.9
104.3571,9.6481,0.0925,0.1208
456.5625,214.8529,0.4706,0.7059
292.2,309.0577,1.0577,1.2308
417.4286,13.0446,0.0312,0.0437
243.5,182.625,0.75,0.75
547.875,202.9167,0.3704,0.3333
365.25,284.0833,0.7778,0.7778
304.375,284.0833,0.9333,0.8889
292.2,84.2885,0.2885,0.2821
273.9375,182.625,0.6667,0.5
365.25,243.5,0.6667,0.6667
365.25,365.25,1.0,1.75
265.6364,211.4605,0.7961,1.3158
14.1692,11.0015,0.7764,1.244
164.3625,43.2016,0.2628,0.3871
410.9062,332.0455,0.8081,1.1818
298.8409,22.3622,0.0748,0.199
456.5625,243.5,0.5333,0.5556
304.375,309.0577,1.0154,1.4615
446.4167,18.1116,0.0406,0.0744
365.25,234.8036,0.6429,0.7143
328.725,280.9615,0.8547,1.3077
584.4,31.0851,0.0532,0.0957
328.725,243.5,0.7407,1.1333
13.0446,16.2093,1.2426,1.5207
365.25,284.0833,0.7778,1.0
365.25,309.0577,0.8462,1.6154
309.0577,236.3382,0.7647,1.1176
521.7857,304.375,0.5833,0.9167
304.375,319.5938,1.05,0.75
199.2273,13.2818,0.0667,0.1409
7.583,8.0149,1.0569,1.5204
182.625,162.3333,0.8889,0.6667
292.2,26.4674,0.0906,0.0942
456.5625,255.675,0.56,0.6
292.2,45.6562,0.1562,0.3523
365.25,273.9375,0.75,0.8333
365.25,10.7426,0.0294,0.0336
243.5,232.4318,0.9545,1.0909
365.25,273.9375,0.75,1.0
405.8333,365.25,0.9,1.1
292.2,202.9167,0.6944,0.5556
639.1875,255.675,0.4,0.8
168.5769,44.6417,0.2648,0.4444
608.75,199.2273,0.3273,0.5455
474.825,319.5938,0.6731,1.125
304.375,182.625,0.6,0.8
232.4318,41.5057,0.1786,0.3977
9.8274,9.2177,0.938,0.8549
469.6071,298.8409,0.6364,1.0909
243.5,18.2625,0.075,0.145
365.25,202.9167,0.5556,0.4444
547.875,60.875,0.1111,0.1333
324.6667,252.8654,0.7788,0.8462
298.8409,243.5,0.8148,0.9333
456.5625,243.5,0.5333,0.7778
469.6071,332.0455,0.7071,1.0
410.9062,328.725,0.8,1.2
292.2,16.2333,0.0556,0.1074
280.9615,43.1659,0.1536,0.3636
182.625,82.1812,0.45,0.625
260.8929,35.3468,0.1355,0.2151
487.0,12.0944,0.0248,0.0265
456.5625,304.375,0.6667,0.8333
365.25,162.3333,0.4444,0.4444
182.625,69.5714,0.381,1.0
511.35,255.675,0.5,0.8
456.5625,319.5938,0.7,0.875
23.5645,11.0347,0.4683,0.4683
304.375,168.5769,0.5538,1.0
273.9375,319.5938,1.1667,1.0
202.9167,14.4449,0.0712,0.1356
578.3125,87.8449,0.1519,0.2532
273.9375,284.0833,1.037,1.4444
14.2305,13.783,0.9686,0.9019
417.4286,252.8654,0.6058,0.9231
11.9754,6.9571,0.581,0.7714
12.175,4.4273,0.3636,0.3636
324.6667,328.725,1.0125,1.6
243.5,9.2177,0.0379,0.0789
398.4545,421.4423,1.0577,1.3846
205.4531,17.6993,0.0861,0.1101
156.5357,54.7875,0.35,0.225
365.25,252.8654,0.6923,1.0
319.5938,208.7143,0.6531,0.5714
456.5625,243.5,0.5333,0.5556
328.725,71.8525,0.2186,0.5246
365.25,324.6667,0.8889,1.6667
304.375,255.675,0.84,0.8
365.25,73.9196,0.2024,0.5
487.0,162.3333,0.3333,0.4444
9.3654,6.9351,0.7405,0.6835
332.0455,16.1734,0.0487,0.1402
547.875,304.375,0.5556,0.8333
401.775,78.2679,0.1948,0.2143
365.25,21.915,0.06,0.165
365.25,228.2812,0.625,0.625
5.9877,7.1153,1.1883,0.9935
12.175,4.4273,0.3636,0.2727
365.25,365.25,1.0,0.875
213.0625,68.8152,0.323,0.5797
8.9085,8.7224,0.9791,1.0119
11.4141,4.2971,0.3765,0.5529
547.875,228.2812,0.4167,0.375
410.9062,280.9615,0.6838,0.7692
292.2,152.1875,0.5208,0.4167
10.8849,11.0347,1.0138,1.5287
405.8333,309.0577,0.7615,1.2308
196.6731,15.4767,0.0787,0.1483
365.25,232.4318,0.6364,0.6364
313.0714,243.5,0.7778,0.6667
328.725,304.375,0.9259,1.4167
365.25,309.0577,0.8462,1.1538
9.3057,9.5283,1.0239,1.2145
365.25,319.5938,0.875,1.125
260.8929,232.4318,0.8909,0.7273
166.0227,7.4541,0.0449,0.0408
417.4286,332.0455,0.7955,1.0
608.75,319.5938,0.525,0.625
456.5625,243.5,0.5333,0.5556
365.25,228.2812,0.625,0.75
292.2,313.0714,1.0714,0.7857
15.2188,5.5341,0.3636,0.4545
365.25,109.575,0.3,0.3333
421.4423,273.9375,0.65,1.5
547.875,232.4318,0.4242,0.7273
365.25,228.2812,0.625,0.625
284.0833,251.1094,0.8839,1.875
531.2727,229.9722,0.4329,0.6296
292.2,160.71,0.55,1.12
365.25,365.25,1.0,1.6923
511.35,32.4667,0.0635,0.0889
438.3,292.2,0.6667,0.8
456.5625,219.15,0.48,0.5
410.9062,401.775,0.9778,1.6
365.25,365.25,1.0,1.0
511.35,365.25,0.7143,1.375
365.25,17.6024,0.0482,0.0522
182.625,265.6364,1.4545,1.3636
18.098,14.0066,0.7739,1.0472
304.375,45.6562,0.15,0.375
273.9375,146.1,0.5333,0.4
365.25,395.6875,1.0833,1.5833
502.2188,398.4545,0.7934,1.4545
438.3,182.625,0.4167,0.6667
313.0714,243.5,0.7778,0.6667
66.4091,54.7875,0.825,0.875
511.35,213.0625,0.4167,0.6667
365.25,328.725,0.9,1.7
232.4318,28.8355,0.1241,0.1579
202.9167,146.1,0.72,0.8
168.5769,23.1496,0.1373,0.2465
438.3,12.0247,0.0274,0.0658
304.375,219.15,0.72,0.6
365.25,273.9375,0.75,1.0
547.875,292.2,0.5333,0.9
332.0455,334.8125,1.0083,1.1667
511.35,255.675,0.5,0.7
213.0625,20.9914,0.0985,0.2126
10.2681,8.5689,0.8345,1.2053
487.0,328.725,0.675,1.1
393.3462,21.9699,0.0559,0.0789
324.6667,243.5,0.75,1.0
365.25,273.9375,0.75,1.0833
15.2188,6.6409,0.4364,0.4545
608.75,273.9375,0.45,0.75
608.75,6.5457,0.0108,0.0179
365.25,11.6216,0.0318,0.0364
280.9615,40.5833,0.1444,0.3095
426.125,365.25,0.8571,1.0
365.25,9.2973,0.0255,0.0291
292.2,273.9375,0.9375,0.75
273.9375,298.8409,1.0909,0.8182
487.0,199.2273,0.4091,0.4545
324.6667,304.375,0.9375,1.0833
365.25,265.6364,0.7273,0.9091
410.9062,332.0455,0.8081,0.9091
417.4286,243.5,0.5833,0.75
365.25,243.5,0.6667,0.7778
426.125,224.7692,0.5275,0.5385
365.25,12.0744,0.0331,0.0248
171.8824,37.6546,0.2191,0.3093
284.0833,273.9375,0.9643,1.0
401.775,85.225,0.2121,0.3167
243.5,98.3365,0.4038,0.3077
456.5625,20.8714,0.0457,0.0971
14.2835,8.4207,0.5895,0.7839
228.2812,106.5312,0.4667,0.875
199.2273,105.7303,0.5307,0.8421
639.1875,328.725,0.5143,0.8
365.25,365.25,1.0,1.1
401.775,24.0824,0.0599,0.0714
228.2812,60.875,0.2667,0.4889
319.5938,224.7692,0.7033,0.7692
511.35,193.3676,0.3782,0.4118
456.5625,15.8804,0.0348,0.0435
93.436,82.6981,0.8851,0.9057
309.0577,40.5833,0.1313,0.3571
365.25,243.5,0.6667,0.8889
292.2,33.407,0.1143,0.3415
112.3846,20.5197,0.1826,0.191
365.25,319.5938,0.875,1.0
365.25,168.5769,0.4615,0.4615
13.2474,9.1599,0.6914,1.0219
365.25,243.5,0.6667,0.8333
521.7857,280.9615,0.5385,1.0769
208.7143,202.9167,0.9722,1.2222
365.25,255.675,0.7,0.6
365.25,25.0171,0.0685,0.0959
265.6364,280.9615,1.0577,1.0769
319.5938,224.7692,0.7033,0.8462
300.7941,17.7407,0.059,0.1457
365.25,243.5,0.6667,0.7778
273.9375,7.6895,0.0281,0.0263
319.5938,170.45,0.5333,0.8667
46.381,48.3419,1.0423,1.0147
182.625,166.0227,0.9091,1.0
328.725,273.9375,0.8333,1.1667
456.5625,7.3937,0.0162,0.0243
61.9068,70.6935,1.1419,1.0
243.5,202.9167,0.8333,0.3333
182.625,23.5645,0.129,0.1398
298.8409,309.0577,1.0342,1.9231
273.9375,182.625,0.6667,0.75
255.675,13.6287,0.0533,0.1119
273.9375,202.9167,0.7407,0.4444
426.125,127.0435,0.2981,0.4348
292.2,319.5938,1.0938,1.125
298.8409,63.5217,0.2126,0.5652
405.8333,398.4545,0.9818,1.3636
502.2188,251.1094,0.5,0.75
365.25,168.5769,0.4615,0.4615
109.575,110.6818,1.0101,1.0303
319.5938,273.9375,0.8571,1.4167
18.9249,13.4037,0.7083,0.7309
365.25,182.625,0.5,0.625
324.6667,298.8409,0.9205,1.2727
273.9375,182.625,0.6667,0.8333
304.375,255.675,0.84,0.6
487.0,365.25,0.75,1.2
438.3,196.6731,0.4487,0.5385
446.4167,334.8125,0.75,1.8333
410.9062,332.0455,0.8081,1.0909
313.0714,298.8409,0.9545,1.2727
168.5769,113.3534,0.6724,1.1724
365.25,14.0481,0.0385,0.0299
5.7976,7.0016,1.2077,1.3099
438.3,365.25,0.8333,0.875
313.0714,328.725,1.05,1.0
313.0714,284.0833,0.9074,1.0
365.25,20.2917,0.0556,0.0657
265.6364,208.7143,0.7857,1.0714
292.2,162.3333,0.5556,0.6667
487.0,202.9167,0.4167,0.5556
446.4167,334.8125,0.75,0.9167
304.375,41.1549,0.1352,0.1408
365.25,324.6667,0.8889,1.3333
38.2643,12.175,0.3182,0.3303
417.4286,365.25,0.875,1.0909
469.6071,365.25,0.7778,1.1
208.7143,73.05,0.35,0.4
365.25,182.625,0.5,0.625
228.2812,11.6322,0.051,0.0637
182.625,260.8929,1.4286,1.4286
365.25,28.7275,0.0787,0.0787
219.15,16.7406,0.0764,0.175
182.625,11.9973,0.0657,0.1277
304.375,273.9375,0.9,1.5
456.5625,46.6277,0.1021,0.1064
260.8929,196.6731,0.7538,0.7692
6.7953,5.8534,0.8614,1.0929
639.1875,319.5938,0.5,0.875
469.6071,304.375,0.6481,1.0
446.4167,267.85,0.6,0.8
365.25,365.25,1.0,1.3
260.8929,182.625,0.7,0.75
243.5,202.9167,0.8333,0.6667
219.15,146.1,0.6667,0.7
426.125,243.5,0.5714,0.75
243.5,11.3696,0.0467,0.1012
162.3333,29.4556,0.1815,0.2419
59.4593,14.7278,0.2477,0.371
584.4,410.9062,0.7031,1.0
469.6071,304.375,0.6481,0.8333
324.6667,208.7143,0.6429,0.7857
328.725,214.8529,0.6536,0.7647
410.9062,73.05,0.1778,0.2727
365.25,265.6364,0.7273,0.9091
16.9097,13.9654,0.8259,0.9706
547.875,284.0833,0.5185,0.6667
70.4868,11.8518,0.1681,0.1858
365.25,243.5,0.6667,0.6667
324.6667,265.6364,0.8182,1.2727
292.2,298.8409,1.0227,1.4545
243.5,70.2404,0.2885,0.2692
426.125,252.8654,0.5934,0.6923
194.8,20.5197,0.1053,0.2528
91.3125,162.3333,1.7778,1.2222
365.25,58.9113,0.1613,0.1613
319.5938,273.9375,0.8571,0.9167
365.25,219.15,0.6,0.7
365.25,39.8455,0.1091,0.0909
365.25,304.375,0.8333,1.25
365.25,194.8,0.5333,0.6
438.3,319.5938,0.7292,0.75
199.2273,170.45,0.8556,1.0667
365.25,232.4318,0.6364,0.5455
255.675,280.9615,1.0989,2.1538
162.3333,28.0962,0.1731,0.2222
426.125,365.25,0.8571,1.1111
232.4318,15.8804,0.0683,0.1033
182.625,101.4583,0.5556,0.8611
313.0714,328.725,1.05,1.1
44.4223,51.5096,1.1595,1.0
365.25,309.0577,0.8462,1.1538
456.5625,29.4922,0.0646,0.0683
547.875,426.125,0.7778,1.1667
86.9643,95.2826,1.0957,1.7391
324.6667,243.5,0.75,1.0
405.8333,309.0577,0.7615,1.3077
332.0455,273.9375,0.825,1.0
365.25,159.7969,0.4375,0.5625
426.125,319.5938,0.75,1.0
304.375,192.2368,0.6316,1.0526
313.0714,324.6667,1.037,1.5556
365.25,267.85,0.7333,1.6
121.75,7.7057,0.0633,0.0717
243.5,24.0296,0.0987,0.0789
332.0455,251.1094,0.7562,1.0
243.5,232.4318,0.9545,1.3636
319.5938,12.7413,0.0399,0.0504
487.0,243.5,0.5,0.8333
487.0,365.25,0.75,1.25
365.25,267.85,0.7333,0.8667
313.0714,232.4318,0.7424,1.0909
10.1458,5.5341,0.5455,0.6364
199.2273,18.2625,0.0917,0.1643
304.375,284.0833,0.9333,1.0
456.5625,182.625,0.4,0.6
365.25,279.3088,0.7647,0.9412
162.3333,41.9139,0.2582,0.377
365.25,202.9167,0.5556,0.6667
405.8333,365.25,0.9,1.1667
162.3333,30.4375,0.1875,0.2604
438.3,243.5,0.5556,0.7778
219.15,228.2812,1.0417,0.875
365.25,219.15,0.6,0.6
365.25,146.1,0.4,0.45
232.4318,273.9375,1.1786,1.3333
365.25,146.1,0.4,0.5333
438.3,319.5938,0.7292,1.125
547.875,284.0833,0.5185,0.7778
10.5108,10.587,1.0072,1.3594
365.25,9.0934,0.0249,0.029
313.0714,273.9375,0.875,1.5
11.6747,7.4324,0.6366,0.9157
243.5,40.5833,0.1667,0.1667
313.0714,16.729,0.0534,0.0611
182.625,8.6964,0.0476,0.0437
365.25,280.9615,0.7692,1.0
7.024,9.1028,1.296,1.6729
265.6364,17.2107,0.0648,0.1152
45.0926,13.2818,0.2945,0.3394
8.1895,8.0149,0.9787,0.9028
547.875,273.9375,0.5,0.875
332.0455,309.0577,0.9308,1.5385
365.25,365.25,1.0,1.3636
234.8036,13.9991,0.0596,0.1045
273.9375,17.7837,0.0649,0.1161
328.725,365.25,1.1111,1.3636
365.25,213.0625,0.5833,0.8333
15.2188,5.5341,0.3636,0.4545
456.5625,60.875,0.1333,0.1389
292.2,23.5645,0.0806,0.1129
334.8125,118.4595,0.3538,0.5676
502.2188,337.1538,0.6713,1.3077
417.4286,280.9615,0.6731,0.9231
417.4286,252.8654,0.6058,0.6154
12.175,4.87,0.4,0.5
10.3512,10.4689,1.0114,1.0764
365.25,255.675,0.7,0.7
456.5625,199.2273,0.4364,0.6364
417.4286,252.8654,0.6058,0.7692
260.8929,255.675,0.98,0.9
365.25,273.9375,0.75,0.75
573.9643,487.0,0.8485,1.2222
228.2812,65.5577,0.2872,0.3846
438.3,15.9672,0.0364,0.0328
584.4,252.8654,0.4327,0.6154
417.4286,292.2,0.7,1.2
208.7143,13.3303,0.0639,0.0912
417.4286,365.25,0.875,1.1111
328.725,243.5,0.7407,0.6667
328.725,304.375,0.9259,1.5
257.8235,26.7256,0.1037,0.2634
456.5625,337.1538,0.7385,1.0769
547.875,255.675,0.4667,0.7
456.5625,398.4545,0.8727,1.0
511.35,265.6364,0.5195,0.6364
319.5938,213.0625,0.6667,1.25
219.15,228.2812,1.0417,0.625
298.8409,50.2219,0.1681,0.425
365.25,280.9615,0.7692,1.0769
365.25,410.9062,1.125,1.25
296.7656,121.75,0.4103,1.0444
417.4286,280.9615,0.6731,0.8462
365.25,202.9167,0.5556,0.6667
426.125,243.5,0.5714,0.6667
456.5625,24.35,0.0533,0.0933
365.25,20.386,0.0558,0.1023
56.1923,39.8455,0.7091,0.7455
324.6667,298.8409,0.9205,1.0
487.0,224.7692,0.4615,0.6923
313.0714,213.0625,0.6806,0.5833
521.7857,487.0,0.9333,1.2222
182.625,82.4758,0.4516,0.4839
487.0,332.0455,0.6818,0.7273
7.6733,7.6779,1.0006,0.8108
365.25,337.1538,0.9231,1.2308
365.25,219.15,0.6,0.8
365.25,298.8409,0.8182,0.8182
292.2,17.3294,0.0593,0.1022
328.725,280.9615,0.8547,1.1538
417.4286,280.9615,0.6731,1.0
365.25,243.5,0.6667,1.1111
547.875,182.625,0.3333,0.375
228.2812,219.15,0.96,0.9
73.05,10.7426,0.1471,0.1618
334.8125,365.25,1.0909,1.7692
10.2681,10.5699,1.0294,1.5016
365.25,332.0455,0.9091,1.0909
12.175,4.4273,0.3636,0.3636
219.15,243.5,1.1111,1.1667
298.8409,280.9615,0.9402,1.7692
292.2,5.1993,0.0178,0.0214
487.0,265.6364,0.5455,1.0
502.2188,365.25,0.7273,1.0
438.3,292.2,0.6667,0.7
417.4286,243.5,0.5833,0.9167
182.625,199.2273,1.0909,1.6364
487.0,202.9167,0.4167,0.4444
182.625,65.5577,0.359,0.5128
304.375,273.9375,0.9,1.25
243.5,232.4318,0.9545,0.7273
74.7102,81.1667,1.0864,1.8889
365.25,8.8725,0.0243,0.0162
273.9375,7.8973,0.0288,0.027
9.74,5.5341,0.5682,0.4545
182.625,162.3333,0.8889,0.4444
608.75,273.9375,0.45,0.625
292.2,213.0625,0.7292,0.75
292.2,182.625,0.625,0.6667
365.25,243.5,0.6667,0.5556
511.35,213.0625,0.4167,0.75
469.6071,332.0455,0.7071,0.9091
365.25,243.5,0.6667,1.1111
365.25,113.3534,0.3103,0.4138
284.0833,224.7692,0.7912,0.7692
265.6364,214.8529,0.8088,0.9412
401.775,337.1538,0.8392,0.9231
13.9586,6.3706,0.4564,0.5669
365.25,202.9167,0.5556,0.4444
502.2188,21.01,0.0418,0.0531
18.0168,15.0738,0.8367,1.5905
365.25,211.4605,0.5789,0.6842
243.5,199.2273,0.8182,0.6364
255.675,27.4624,0.1074,0.2256
260.8929,199.2273,0.7636,0.7273
446.4167,365.25,0.8182,2.0
417.4286,15.0619,0.0361,0.0722
438.3,273.9375,0.625,0.75
511.35,159.7969,0.3125,0.5
365.25,182.625,0.5,0.5
456.5625,319.5938,0.7,0.875
531.2727,449.5385,0.8462,1.3077
456.5625,228.2812,0.5,0.75
243.5,52.1786,0.2143,0.4725
273.9375,162.3333,0.5926,0.4444
298.8409,109.575,0.3667,0.72
398.4545,292.2,0.7333,1.2
584.4,365.25,0.625,0.8889
313.0714,213.0625,0.6806,0.6667
365.25,334.8125,0.9167,1.25
469.6071,252.8654,0.5385,0.6923
243.5,232.4318,0.9545,1.1818
365.25,273.9375,0.75,0.75
456.5625,21.4853,0.0471,0.0588
438.3,213.0625,0.4861,0.5
365.25,273.9375,0.75,1.125
456.5625,319.5938,0.7,0.875
365.25,265.6364,0.7273,1.0909
252.8654,115.3421,0.4561,1.0789
182.625,12.9867,0.0711,0.1378
410.9062,334.8125,0.8148,0.8333
365.25,30.4375,0.0833,0.1042
194.8,26.3582,0.1353,0.2268
313.0714,243.5,0.7778,1.1111
730.5,365.25,0.5,1.0
456.5625,243.5,0.5333,0.6667
487.0,73.05,0.15,0.16
332.0455,309.0577,0.9308,1.2308
273.9375,292.2,1.0667,1.2
547.875,53.7132,0.098,0.1324
280.9615,68.0975,0.2424,0.5593
260.8929,17.3929,0.0667,0.0952
23.2757,15.4955,0.6657,0.6303
273.9375,255.675,0.9333,1.0
292.2,280.9615,0.9615,1.2308
365.25,196.6731,0.5385,0.4615
365.25,182.625,0.5,0.4
365.25,19.4512,0.0533,0.0651
365.25,199.2273,0.5455,0.7273
365.25,365.25,1.0,1.0769
487.0,112.3846,0.2308,0.3077
208.7143,228.2812,1.0938,1.125
313.0714,265.6364,0.8485,1.0909
456.5625,365.25,0.8,1.0
273.9375,263.7917,0.963,1.5
511.35,324.6667,0.6349,1.3333
446.4167,28.7275,0.0644,0.073
10.6255,9.8716,0.9291,1.1742
319.5938,243.5,0.7619,1.0
255.675,106.9024,0.4181,0.7317
196.6731,42.1442,0.2143,0.4487
365.25,365.25,1.0,1.1
162.3333,166.0227,1.0227,1.1818
365.25,265.6364,0.7273,0.9091
438.3,365.25,0.8333,0.875
8.2264,7.347,0.8931,0.8218
365.25,319.5938,0.875,0.625
284.0833,28.0962,0.0989,0.2308
9.4258,9.4733,1.005,1.6974
324.6667,20.0687,0.0618,0.0934
426.125,213.0625,0.5,1.0833
405.8333,292.2,0.72,0.9333
243.5,140.4808,0.5769,0.4615
10.3933,9.9014,0.9527,1.0211
502.2188,309.0577,0.6154,0.8462
313.0714,273.9375,0.875,1.75
182.625,199.2273,1.0909,0.8182
365.25,273.9375,0.75,1.0833
511.35,213.0625,0.4167,0.5833
319.5938,265.6364,0.8312,0.8182
273.9375,224.7692,0.8205,0.7692
121.75,7.8268,0.0643,0.075
608.75,273.9375,0.45,0.75
16.7546,11.7136,0.6991,1.0845
456.5625,162.3333,0.3556,0.4815
313.0714,224.7692,0.7179,0.7692
292.2,8.6964,0.0298,0.0333
319.5938,328.725,1.0286,1.3
324.6667,20.8054,0.0641,0.1013
365.25,22.4455,0.0615,0.0726
304.375,255.675,0.84,1.0
140.4808,146.1,1.04,1.2667
417.4286,252.8654,0.6058,0.6923
456.5625,284.0833,0.6222,0.5556
332.0455,280.9615,0.8462,1.0769
10.849,8.6195,0.7945,0.9617
273.9375,25.4288,0.0928,0.2152
417.4286,280.9615,0.6731,0.7692
243.5,10.5487,0.0433,0.0866
547.875,328.725,0.6,0.7
273.9375,255.675,0.9333,1.0
426.125,243.5,0.5714,0.6667
328.725,62.477,0.1901,0.3816
273.9375,25.3646,0.0926,0.0556
502.2188,334.8125,0.6667,1.0
410.9062,214.8529,0.5229,0.8235
313.0714,13.1791,0.0421,0.0412
438.3,328.725,0.75,1.2
228.2812,166.0227,0.7273,0.9091
263.7917,46.8269,0.1775,0.3846
438.3,146.1,0.3333,0.4
152.1875,11.2819,0.0741,0.1158
199.2273,213.0625,1.0694,1.5833
265.6364,23.359,0.0879,0.1802
365.25,202.9167,0.5556,0.5556
284.0833,273.9375,0.9643,1.1667
365.25,252.8654,0.6923,0.7692
487.0,228.2812,0.4688,0.5
304.375,219.15,0.72,0.7
398.4545,292.2,0.7333,1.2667
487.0,162.3333,0.3333,0.4444
365.25,232.4318,0.6364,0.9091
456.5625,243.5,0.5333,0.6667
365.25,219.15,0.6,0.6
365.25,273.9375,0.75,1.3333
304.375,152.1875,0.5,0.6667
280.9615,28.5352,0.1016,0.2188
426.125,292.2,0.6857,0.8
292.2,273.9375,0.9375,0.75
284.0833,332.0455,1.1688,2.0
304.375,14.9518,0.0491,0.0585
292.2,17.1748,0.0588,0.1442
365.25,298.8409,0.8182,1.3636
219.15,166.0227,0.7576,0.5455
456.5625,228.2812,0.5,0.75
252.8654,17.3929,0.0688,0.1389
365.25,265.6364,0.7273,1.0909
417.4286,260.8929,0.625,0.7857
10.1812,10.8705,1.0677,1.4881
365.25,273.9375,0.75,0.75
365.25,401.775,1.1,1.9
11.4652,9.0464,0.789,1.0929
608.75,456.5625,0.75,1.25
438.3,284.0833,0.6481,0.7778
730.5,83.4857,0.1143,0.2571
417.4286,304.375,0.7292,0.8333
474.825,393.3462,0.8284,1.3846
8.7861,10.8705,1.2372,1.2054
232.4318,234.8036,1.0102,2.1429
273.9375,228.2812,0.8333,0.75
304.375,202.9167,0.6667,0.7778
365.25,273.9375,0.75,1.4167
284.0833,243.5,0.8571,1.25
319.5938,405.8333,1.2698,1.5556
13.8352,15.3099,1.1066,1.9581
296.7656,33.7154,0.1136,0.2462
273.9375,6.1387,0.0224,0.0168
365.25,319.5938,0.875,1.0
319.5938,252.8654,0.7912,0.9231
365.25,284.0833,0.7778,1.0
208.7143,255.675,1.225,0.8
456.5625,14.8074,0.0324,0.0405
438.3,199.2273,0.4545,0.6364
328.725,219.15,0.6667,0.8
469.6071,332.0455,0.7071,0.9091
456.5625,365.25,0.8,0.9167
365.25,89.9891,0.2464,0.4928
12.8158,5.5341,0.4318,0.3455
456.5625,334.8125,0.7333,0.9167
182.625,4.759,0.0261,0.013
521.7857,332.0455,0.6364,1.0
426.125,255.675,0.6,0.8
391.3393,35.3468,0.0903,0.1161
365.25,202.9167,0.5556,0.4444
365.25,173.0132,0.4737,0.6842
202.9167,182.625,0.9,1.0
332.0455,81.1667,0.2444,0.5556
304.375,214.8529,0.7059,1.0588
18.993,17.3378,0.9129,1.8006
309.0577,77.1655,0.2497,0.5352
573.9643,365.25,0.6364,1.1538
292.2,228.2812,0.7812,0.875
260.8929,20.4813,0.0785,0.1121
15.2188,5.5341,0.3636,0.4545
166.0227,13.1031,0.0789,0.13
365.25,228.2812,0.625,1.0
456.5625,255.675,0.56,0.6
456.5625,334.8125,0.7333,0.9167
469.6071,332.0455,0.7071,1.0
487.0,324.6667,0.6667,1.1111
255.675,18.1716,0.0711,0.1542
410.9062,133.925,0.3259,0.3667
208.7143,5.6409,0.027,0.027
243.5,83.0114,0.3409,0.5455
487.0,464.8636,0.9545,1.3636
365.25,280.9615,0.7692,0.6923
182.625,13.5907,0.0744,0.1209
243.5,228.2812,0.9375,0.875
182.625,12.2921,0.0673,0.1106
456.5625,334.8125,0.7333,1.0833
280.9615,50.3793,0.1793,0.5172
547.875,365.25,0.6667,1.4
852.25,255.675,0.3,0.8
365.25,182.625,0.5,0.8
405.8333,304.375,0.75,1.0
6.5692,7.4324,1.1314,1.0814
182.625,75.1985,0.4118,0.5
319.5938,196.6731,0.6154,0.8462
547.875,219.15,0.4,0.8
136.9688,162.3333,1.1852,1.1111
527.5833,393.3462,0.7456,1.2308
547.875,46.2993,0.0845,0.1268
398.4545,365.25,0.9167,1.5385
319.5938,324.6667,1.0159,1.8889
547.875,547.875,1.0,1.0
243.5,32.5701,0.1338,0.293
243.5,48.7,0.2,0.3667
252.8654,21.9549,0.0868,0.2022
469.6071,298.8409,0.6364,0.8182
405.8333,365.25,0.9,1.1667
426.125,324.6667,0.7619,1.0
365.25,365.25,1.0,1.25
304.375,243.5,0.8,0.8889
365.25,91.3125,0.25,0.625
487.0,365.25,0.75,1.0833
284.0833,17.5601,0.0618,0.1442
319.5938,265.6364,0.8312,1.2727
584.4,243.5,0.4167,0.6667
511.35,243.5,0.4762,0.9167
410.9062,13.6969,0.0333,0.0458
365.25,21.0721,0.0577,0.0577
410.9062,332.0455,0.8081,0.9091
547.875,319.5938,0.5833,0.75
417.4286,365.25,0.875,1.1
426.125,324.6667,0.7619,1.2222
487.0,146.1,0.3,0.4
298.8409,337.1538,1.1282,1.3846
410.9062,202.9167,0.4938,0.7778
332.0455,280.9615,0.8462,1.1538
417.4286,298.8409,0.7159,0.9091
292.2,182.625,0.625,0.4167
260.8929,182.625,0.7,0.75
446.4167,365.25,0.8182,1.1667
267.85,16.462,0.0615,0.1268
730.5,304.375,0.4167,0.6667
365.25,280.9615,0.7692,1.2308
228.2812,284.0833,1.2444,1.5556
273.9375,182.625,0.6667,0.875
438.3,273.9375,0.625,0.75
219.15,38.4474,0.1754,0.4079
438.3,319.5938,0.7292,1.125
182.625,14.61,0.08,0.12
608.75,202.9167,0.3333,0.5556
273.9375,182.625,0.6667,0.7
292.2,146.1,0.5,0.5
9.5117,8.1167,0.8533,0.9937
365.25,273.9375,0.75,0.875
324.6667,252.8654,0.7788,0.9231
202.9167,9.3654,0.0462,0.1026
313.0714,8.6964,0.0278,0.034
438.3,232.4318,0.5303,0.5455
426.125,365.25,0.8571,1.25
511.35,213.0625,0.4167,0.8333
456.5625,219.15,0.48,0.5
76.4477,18.2625,0.2389,0.23
438.3,232.4318,0.5303,0.6364
12.2567,6.6409,0.5418,0.7212
243.5,228.2812,0.9375,1.4375
298.8409,37.5491,0.1256,0.2897
365.25,47.129,0.129,0.0645
401.775,16.2006,0.0403,0.0645
657.45,328.725,0.5,0.9
182.625,182.625,1.0,0.875
319.5938,81.1667,0.254,0.5333
313.0714,284.0833,0.9074,1.5556
487.0,332.0455,0.6818,0.9091
608.75,365.25,0.6,0.625
365.25,243.5,0.6667,0.75
146.1,9.0026,0.0616,0.088
365.25,11.6414,0.0319,0.0359
730.5,182.625,0.25,0.25
228.2812,22.9878,0.1007,0.1608
365.25,146.1,0.4,0.3333
438.3,284.0833,0.6481,0.8889
228.2812,12.175,0.0533,0.0815
132.8182,8.6964,0.0655,0.0918
365.25,213.0625,0.5833,0.5833
365.25,41.5057,0.1136,0.0909
365.25,365.25,1.0,1.7778
19.2237,6.2974,0.3276,0.4598
40.5833,41.3491,1.0189,0.8868
273.9375,292.2,1.0667,1.3
527.5833,393.3462,0.7456,1.3077
182.625,43.6119,0.2388,0.3284
243.5,232.4318,0.9545,1.0909
365.25,24.35,0.0667,0.08
456.5625,328.725,0.72,0.6
426.125,213.0625,0.5,0.5833
365.25,284.0833,0.7778,0.6667
365.25,243.5,0.6667,0.6667
365.25,199.2273,0.5455,0.4545
365.25,202.9167,0.5556,0.5556
292.2,15.7435,0.0539,0.0776
5.8347,8.4942,1.4558,1.2471
417.4286,410.9062,0.9844,1.25
417.4286,252.8654,0.6058,0.6154
410.9062,228.2812,0.5556,0.8125
292.2,252.8654,0.8654,1.1538
273.9375,298.8409,1.0909,1.2727
219.15,243.5,1.1111,0.6667
410.9062,332.0455,0.8081,1.0
196.6731,22.0621,0.1122,0.255
426.125,232.4318,0.5455,0.8182
584.4,298.8409,0.5114,0.9091
324.6667,17.7777,0.0548,0.1416
487.0,279.3088,0.5735,0.8824
292.2,298.8409,1.0227,1.1818
243.5,146.1,0.6,0.7
328.725,219.15,0.6667,1.1333
365.25,284.0833,0.7778,0.7778
304.375,243.5,0.8,0.7778
408.2206,53.1693,0.1302,0.3418
365.25,273.9375,0.75,1.0
230.6842,138.2027,0.5991,1.6486
365.25,319.5938,0.875,1.125
136.9688,60.875,0.4444,0.6667
319.5938,48.7,0.1524,0.12
292.2,140.4808,0.4808,0.4615
284.0833,255.675,0.9,1.8
365.25,24.7162,0.0677,0.0526
511.35,252.8654,0.4945,0.6154
182.625,13.0446,0.0714,0.125
309.0577,33.2045,0.1074,0.2338
365.25,328.725,0.9,1.2
328.725,18.974,0.0577,0.1558
474.825,300.7941,0.6335,0.8235
284.0833,213.0625,0.75,1.0833
365.25,168.5769,0.4615,0.4615
456.5625,219.15,0.48,0.7
365.25,20.4813,0.0561,0.0935
365.25,255.675,0.7,0.6
319.5938,284.0833,0.8889,2.2222
410.9062,273.9375,0.6667,1.0
313.0714,265.6364,0.8485,0.7273
438.3,243.5,0.5556,0.8333
431.6591,393.3462,0.9112,1.5385
365.25,405.8333,1.1111,1.8889
324.6667,280.9615,0.8654,0.8462
405.8333,25.6662,0.0632,0.0973
405.8333,337.1538,0.8308,1.0769
410.9062,18.7745,0.0457,0.1262
319.5938,265.6364,0.8312,1.8182
260.8929,319.5938,1.225,1.375
313.0714,232.4318,0.7424,1.0
456.5625,24.1203,0.0528,0.0472
426.125,365.25,0.8571,1.0
99.6136,94.6944,0.9506,0.8889
365.25,243.5,0.6667,0.9167
365.25,228.2812,0.625,0.375
421.4423,288.3553,0.6842,0.9474
456.5625,182.625,0.4,0.5
273.9375,251.1094,0.9167,1.0
260.8929,13.6118,0.0522,0.0559
573.9643,334.8125,0.5833,1.0
313.0714,324.6667,1.037,1.1111
213.0625,16.5271,0.0776,0.1538
469.6071,19.6371,0.0418,0.0591
332.0455,48.7,0.1467,0.2222
365.25,199.2273,0.5455,0.9091
365.25,121.75,0.3333,0.4167
469.6071,365.25,0.7778,1.0
324.6667,48.7,0.15,0.1833
5.8675,5.3399,0.9101,0.9094
292.2,14.4653,0.0495,0.0792
438.3,17.6734,0.0403,0.0565
319.5938,21.4853,0.0672,0.1176
319.5938,224.7692,0.7033,1.2308
426.125,243.5,0.5714,0.5833
365.25,292.2,0.8,0.6
405.8333,280.9615,0.6923,1.1538
365.25,273.9375,0.75,1.25
365.25,273.9375,0.75,0.625
304.375,236.3382,0.7765,1.1176
426.125,322.2794,0.7563,1.0588
19.0565,6.5418,0.3433,0.4746
438.3,219.15,0.5,0.6
313.0714,219.15,0.7,1.0
292.2,243.5,0.8333,0.6667
365.25,182.625,0.5,0.3333
365.25,228.2812,0.625,0.75
252.8654,15.4529,0.0611,0.0923
456.5625,426.125,0.9333,0.8333
365.25,213.0625,0.5833,0.4167
328.725,260.8929,0.7937,1.1429
426.125,298.8409,0.7013,0.8182
547.875,243.5,0.4444,0.6667
255.675,14.61,0.0571,0.09
426.125,292.2,0.6857,0.7
9.3355,9.556,1.0236,1.6337
365.25,162.3333,0.4444,0.4444
273.9375,30.4375,0.1111,0.2738
328.725,280.9615,0.8547,1.4615
304.375,52.8072,0.1735,0.4217
121.75,9.0558,0.0744,0.0496
438.3,18.037,0.0412,0.0432
243.5,243.5,1.0,1.0
313.0714,284.0833,0.9074,0.8889
328.725,304.375,0.9259,1.4167
365.25,194.8,0.5333,0.6
365.25,132.8182,0.3636,0.4545
136.9688,8.1468,0.0595,0.0818
304.375,284.0833,0.9333,1.2222
166.0227,11.7823,0.071,0.1014
469.6071,438.3,0.9333,1.2
273.9375,28.8355,0.1053,0.1053
438.3,182.625,0.4167,0.5833
365.25,213.0625,0.5833,0.8333
365.25,121.75,0.3333,0.4167
304.375,243.5,0.8,0.6667
243.5,16.114,0.0662,0.0515
313.0714,182.625,0.5833,0.6667
273.9375,255.675,0.9333,1.0
255.675,36.1634,0.1414,0.2178
273.9375,222.3261,0.8116,1.5217
365.25,182.625,0.5,0.75
146.1,8.8012,0.0602,0.0422
182.625,12.434,0.0681,0.1234
456.5625,319.5938,0.7,0.875
284.0833,332.0455,1.1688,1.4545
219.15,14.2835,0.0652,0.1006
284.0833,243.5,0.8571,0.8333
15.3349,14.1317,0.9215,1.622
273.9375,12.499,0.0456,0.038
243.5,260.8929,1.0714,0.8571
474.825,339.1607,0.7143,1.0714
313.0714,304.375,0.9722,0.8333
319.5938,273.9375,0.8571,0.9167
438.3,199.2273,0.4545,0.6364
10.1863,9.5283,0.9354,0.9942
469.6071,17.4761,0.0372,0.0526
438.3,34.7857,0.0794,0.0952
255.675,219.15,0.8571,1.2
99.6136,73.05,0.7333,0.6
474.825,365.25,0.7692,1.1538
328.725,280.9615,0.8547,1.2308
365.25,304.375,0.8333,1.4167
365.25,243.5,0.6667,0.5556
547.875,243.5,0.4444,0.6667
304.375,232.4318,0.7636,0.7273
547.875,257.8235,0.4706,0.7647
324.6667,298.8409,0.9205,1.3636
273.9375,182.625,0.6667,0.75
156.5357,7.4162,0.0474,0.0406
304.375,292.2,0.96,0.7
365.25,22.8281,0.0625,0.0875
365.25,219.15,0.6,0.6
438.3,219.15,0.5,0.8
365.25,252.8654,0.6923,0.8462
12.175,6.0875,0.5,0.5
456.5625,8.6552,0.019,0.0379
304.375,219.15,0.72,0.7
228.2812,365.25,1.6,1.3333
469.6071,252.8654,0.5385,1.0
156.5357,219.15,1.4,1.0
12.9605,12.0292,0.9281,1.4311
319.5938,153.7895,0.4812,0.6842
9.4258,11.8169,1.2537,1.5912
405.8333,365.25,0.9,1.4167
255.675,224.7692,0.8791,1.1538
547.875,219.15,0.4,0.8
213.0625,21.7411,0.102,0.1369
284.0833,14.2121,0.05,0.1284
365.25,182.625,0.5,0.625
365.25,365.25,1.0,1.375
208.7143,20.8054,0.0997,0.1582
13.255,13.0446,0.9841,1.4583
469.6071,273.9375,0.5833,0.9167
438.3,255.675,0.5833,0.8
202.9167,11.878,0.0585,0.0935
426.125,265.6364,0.6234,0.8182
313.0714,196.6731,0.6282,0.6923
324.6667,243.5,0.75,1.1667
265.6364,30.9534,0.1165,0.2288
292.2,243.5,0.8333,0.7778
365.25,182.625,0.5,0.5833
365.25,280.9615,0.7692,0.6923
260.8929,243.5,0.9333,1.5556
401.775,309.0577,0.7692,1.3846
401.775,337.1538,0.8392,1.4615
136.9688,46.8269,0.3419,0.5128
243.5,182.625,0.75,0.5
365.25,319.5938,0.875,1.625
33.2045,47.6413,1.4348,0.9855
365.25,202.9167,0.5556,0.6667
417.4286,273.9375,0.6563,0.9167
456.5625,30.0205,0.0658,0.0822
23.5645,7.6321,0.3239,0.2806
365.25,219.15,0.6,0.8
202.9167,121.75,0.6,0.8333
324.6667,243.5,0.75,1.1667
313.0714,196.6731,0.6282,0.6154
365.25,38.4474,0.1053,0.0789
14.4813,11.4141,0.7882,1.4281
365.25,4.6677,0.0128,0.0064
456.5625,66.4091,0.1455,0.2182
584.4,280.9615,0.4808,0.6923
410.9062,401.775,0.9778,1.7
438.3,82.6981,0.1887,0.2642
171.8824,96.9031,0.5638,1.0204
260.8929,273.9375,1.05,1.0
365.25,13.2018,0.0361,0.0442
469.6071,304.375,0.6481,1.0
319.5938,224.7692,0.7033,0.8462
365.25,292.2,0.8,1.2
401.775,398.4545,0.9917,1.8182
243.5,243.5,1.0,1.4167
365.25,243.5,0.6667,0.75
219.15,182.625,0.8333,0.625
309.0577,22.9476,0.0743,0.1414
304.375,319.5938,1.05,1.125
365.25,280.9615,0.7692,1.0
365.25,255.675,0.7,0.6
547.875,273.9375,0.5,0.75
284.0833,42.8224,0.1507,0.3931
66.4091,10.3049,0.1552,0.1442
487.0,324.6667,0.6667,1.0
74.2881,67.4308,0.9077,1.4769
304.375,152.1875,0.5,0.5
401.775,337.1538,0.8392,1.2308
365.25,146.1,0.4,0.5
401.775,257.8235,0.6417,0.7647
469.6071,52.1786,0.1111,0.1429
405.8333,334.8125,0.825,1.3333
313.0714,365.25,1.1667,1.4444
438.3,273.9375,0.625,0.875
365.25,298.8409,0.8182,1.1818
417.4286,292.2,0.7,0.9
202.9167,224.7692,1.1077,0.9231
365.25,273.9375,0.75,0.75
292.2,24.955,0.0854,0.1988
365.25,219.15,0.6,0.6
255.675,136.9688,0.5357,1.2083
182.625,33.2045,0.1818,0.2626
280.9615,15.5979,0.0555,0.1601
273.9375,196.6731,0.7179,0.7692
199.2273,70.2404,0.3526,0.6346
365.25,23.5645,0.0645,0.0645
273.9375,62.9741,0.2299,0.4828
365.25,292.2,0.8,0.9
166.0227,7.3682,0.0444,0.0778
162.3333,18.4677,0.1138,0.1011
304.375,152.1875,0.5,0.5833
182.625,4.9863,0.0273,0.0341
313.0714,284.0833,0.9074,1.1111
106.5312,88.5455,0.8312,0.7879
365.25,328.725,0.9,0.9
438.3,10.193,0.0233,0.0326
502.2188,86.3318,0.1719,0.4727
304.375,337.1538,1.1077,2.2308
13.5907,10.5699,0.7777,1.5305
431.6591,365.25,0.8462,1.4
365.25,243.5,0.6667,0.7778
511.35,12.6572,0.0248,0.0446
313.0714,365.25,1.1667,1.5
365.25,33.2045,0.0909,0.0909
410.9062,252.8654,0.6154,0.9231
456.5625,438.3,0.96,1.5
319.5938,208.7143,0.6531,1.1429
365.25,12.0744,0.0331,0.0372
365.25,243.5,0.6667,0.8333
304.375,50.8576,0.1671,0.4051
426.125,243.5,0.5714,0.6667
502.2188,38.113,0.0759,0.113
511.35,265.6364,0.5195,0.7273
426.125,49.0634,0.1151,0.1045
219.15,39.6054,0.1807,0.2048
365.25,280.9615,0.7692,0.8462
280.9615,251.1094,0.8938,1.25
365.25,228.2812,0.625,1.0
639.1875,284.0833,0.4444,0.7778
121.75,78.2679,0.6429,0.8214
304.375,31.9594,0.105,0.2562
438.3,339.1607,0.7738,1.2857
12.3514,7.7477,0.6273,0.8818
243.5,243.5,1.0,1.0833
405.8333,337.1538,0.8308,0.9231
365.25,284.0833,0.7778,0.8889
365.25,273.9375,0.75,1.125
365.25,324.6667,0.8889,1.3333
365.25,243.5,0.6667,0.8889
417.4286,243.5,0.5833,0.8333
136.9688,162.3333,1.1852,1.3333
304.375,182.625,0.6,0.7
511.35,365.25,0.7143,0.7778
365.25,309.0577,0.8462,1.0769
487.0,146.1,0.3,0.4
426.125,243.5,0.5714,0.6667
292.2,219.15,0.75,0.6
365.25,199.2273,0.5455,0.5455
284.0833,232.4318,0.8182,1.3636
365.25,328.725,0.9,1.0
313.0714,9.4563,0.0302,0.0324
121.75,7.2327,0.0594,0.0347
410.9062,21.4853,0.0523,0.0529
365.25,252.8654,0.6923,0.8462
228.2812,19.0565,0.0835,0.087
365.25,328.725,0.9,0.9
438.3,26.0893,0.0595,0.0833
417.4286,328.725,0.7875,0.9
487.0,328.725,0.675,1.1
319.5938,14.9693,0.0468,0.0656
313.0714,273.9375,0.875,0.75
456.5625,202.9167,0.4444,0.5556
365.25,51.3633,0.1406,0.2031
121.75,10.7426,0.0882,0.0824
417.4286,265.6364,0.6364,0.7273
9.0558,11.9363,1.3181,1.7647
365.25,319.5938,0.875,1.5
280.9615,273.9375,0.975,1.1875
487.0,199.2273,0.4091,0.4545
405.8333,14.157,0.0349,0.0581
446.4167,309.0577,0.6923,0.9231
365.25,11.2632,0.0308,0.0352
313.0714,196.6731,0.6282,0.5385
365.25,228.2812,0.625,1.0
14.4449,11.0015,0.7616,0.7048
292.2,182.625,0.625,0.8
255.675,20.2917,0.0794,0.1049
292.2,166.0227,0.5682,0.6364
521.7857,337.1538,0.6462,1.0
304.375,309.0577,1.0154,1.3846
324.6667,328.725,1.0125,1.3
292.2,30.6933,0.105,0.3025
365.25,224.7692,0.6154,0.5385
91.3125,94.6944,1.037,0.963
114.7929,104.3571,0.9091,0.881
584.4,298.8409,0.5114,0.7273
292.2,48.4066,0.1657,0.4458
228.2812,15.2188,0.0667,0.125
33.2045,37.1441,1.1186,1.0
456.5625,199.2273,0.4364,0.4545
487.0,13.64,0.028,0.0373
365.25,273.9375,0.75,0.75
547.875,273.9375,0.5,0.875
70.2404,73.05,1.04,1.7818
219.15,9.6542,0.0441,0.0396
21.1302,8.4942,0.402,0.718
438.3,243.5,0.5556,1.0
365.25,324.6667,0.8889,1.0
365.25,273.9375,0.75,0.875
328.725,304.375,0.9259,1.75
9.164,7.7011,0.8404,1.0271
417.4286,328.725,0.7875,0.9
328.725,334.8125,1.0185,1.75
232.4318,224.7692,0.967,1.2308
365.25,5.5849,0.0153,0.0092
292.2,219.15,0.75,0.5
32.709,19.7432,0.6036,0.8649
365.25,182.625,0.5,0.375
365.25,182.625,0.5,0.5833
365.25,410.9062,1.125,1.0
456.5625,365.25,0.8,1.1765
324.6667,252.8654,0.7788,0.7692
365.25,365.25,1.0,1.8182
243.5,28.0962,0.1154,0.2
292.2,7.7989,0.0267,0.0249
292.2,243.5,0.8333,1.3333
456.5625,199.2273,0.4364,0.4545
410.9062,228.2812,0.5556,0.6875
252.8654,45.2214,0.1788,0.4286
365.25,140.4808,0.3846,0.3846
438.3,273.9375,0.625,1.25
365.25,273.9375,0.75,1.0
152.1875,20.8714,0.1371,0.2214
16.8318,13.6542,0.8112,1.0405
456.5625,319.5938,0.7,0.625
298.8409,22.9717,0.0769,0.1447
265.6364,224.7692,0.8462,1.3846
502.2188,401.775,0.8,1.4
230.6842,260.8929,1.131,2.619
304.375,236.3382,0.7765,1.0588
243.5,182.625,0.75,0.7
219.15,168.5769,0.7692,1.0769
365.25,292.2,0.8,1.3
11.9103,4.1506,0.3485,0.2614
304.375,243.5,0.8,1.0
7.9116,7.4541,0.9422,1.4315
469.6071,309.0577,0.6581,1.0
42.4709,16.4034,0.3862,0.3982
431.6591,284.0833,0.6581,0.7778
413.95,87.66,0.2118,0.2267
487.0,328.725,0.675,0.9
313.0714,171.8824,0.549,0.5294
365.25,365.25,1.0,1.5
417.4286,292.2,0.7,1.1
292.2,166.0227,0.5682,0.4545
405.8333,16.729,0.0412,0.0534
292.2,106.0403,0.3629,0.5484
30.9534,14.61,0.472,0.6033
365.25,15.0619,0.0412,0.0309
292.2,16.534,0.0566,0.1235
298.8409,17.0968,0.0572,0.1447
213.0625,31.3887,0.1473,0.2891
58.7009,53.8893,0.918,1.0
243.5,58.44,0.24,0.4933
365.25,365.25,1.0,1.7778
426.125,324.6667,0.7619,1.0
313.0714,196.6731,0.6282,0.6923
365.25,97.4,0.2667,0.2
182.625,224.7692,1.2308,1.4615
280.9615,20.6745,0.0736,0.1887
502.2188,334.8125,0.6667,0.9167
313.0714,232.4318,0.7424,1.2727
284.0833,208.7143,0.7347,0.9286
228.2812,199.2273,0.8727,0.9091
426.125,255.675,0.6,0.7
182.625,162.3333,0.8889,0.4444
319.5938,252.8654,0.7912,0.7692
365.25,196.6731,0.5385,0.6154
487.0,298.8409,0.6136,0.8182
328.725,332.0455,1.0101,1.9091
511.35,26.7723,0.0524,0.0995
243.5,12.4872,0.0513,0.0513
365.25,365.25,1.0,1.6667
456.5625,313.0714,0.6857,0.7143
313.0714,12.6676,0.0405,0.052
417.4286,265.6364,0.6364,1.0909
298.8409,24.2155,0.081,0.1768
208.7143,182.625,0.875,1.0
365.25,219.15,0.6,0.7
365.25,280.9615,0.7692,1.2308
365.25,182.625,0.5,0.4
487.0,365.25,0.75,0.8
438.3,324.6667,0.7407,0.8889
313.0714,265.6364,0.8485,0.8182
547.875,219.15,0.4,0.7
243.5,17.3104,0.0711,0.1137
304.375,273.9375,0.9,0.8125
228.2812,12.7413,0.0558,0.0756
487.0,10.903,0.0224,0.0336
438.3,395.6875,0.9028,1.4167
273.9375,280.9615,1.0256,1.7692
313.0714,213.0625,0.6806,0.8333
365.25,182.625,0.5,0.6667
547.875,10.0068,0.0183,0.0274
511.35,196.6731,0.3846,0.5385
365.25,146.1,0.4,0.3
426.125,21.6444,0.0508,0.0593
438.3,365.25,0.8333,0.6667
365.25,255.675,0.7,0.8
273.9375,232.4318,0.8485,0.9091
573.9643,20.7101,0.0361,0.067
469.6071,438.3,0.9333,1.3
438.3,243.5,0.5556,0.5833
438.3,319.5938,0.7292,0.875
365.25,182.625,0.5,0.5
365.25,273.9375,0.75,1.3333
417.4286,456.5625,1.0938,1.875
511.35,319.5938,0.625,1.125
260.8929,243.5,0.9333,1.3333
304.375,43.4821,0.1429,0.1667
9.487,9.8185,1.0349,1.8011
182.625,79.4022,0.4348,0.8913
232.4318,20.0687,0.0863,0.1044
365.25,146.1,0.4,0.4
162.3333,31.915,0.1966,0.2621
332.0455,365.25,1.1,1.4615
365.25,219.15,0.6,0.4
292.2,202.9167,0.6944,0.6667
487.0,37.4615,0.0769,0.1197
426.125,196.6731,0.4615,0.5385
395.6875,96.1184,0.2429,0.4737
443.5179,413.95,0.9333,2.0
365.25,25.1897,0.069,0.069
487.0,162.3333,0.3333,0.4444
255.675,18.0168,0.0705,0.1166
292.2,228.2812,0.7812,0.875
14.2473,13.4862,0.9466,1.4369
365.25,54.7875,0.15,0.1667
438.3,263.7917,0.6019,0.9444
219.15,7.0922,0.0324,0.0421
365.25,182.625,0.5,0.5
438.3,142.0417,0.3241,0.3333
260.8929,243.5,0.9333,0.8889
260.8929,213.0625,0.8167,0.6667
243.5,265.6364,1.0909,1.0909
365.25,232.4318,0.6364,0.6364
487.0,130.4464,0.2679,0.2857
252.8654,19.6949,0.0779,0.1324
18.2625,4.87,0.2667,0.3
313.0714,11.1244,0.0355,0.0508
365.25,298.8409,0.8182,1.1818
438.3,232.4318,0.5303,0.6364
410.9062,219.15,0.5333,0.6667
319.5938,170.45,0.5333,0.6
487.0,365.25,0.75,0.8889
10.2598,6.4267,0.6264,0.6188
255.675,15.676,0.0613,0.1202
365.25,159.7969,0.4375,0.4375
365.25,196.6731,0.5385,0.6923
319.5938,18.3459,0.0574,0.1187
417.4286,86.5066,0.2072,0.2105
365.25,232.4318,0.6364,0.8182
255.675,298.8409,1.1688,1.2727
292.2,319.5938,1.0938,1.25
469.6071,332.0455,0.7071,1.2727
319.5938,298.8409,0.9351,1.0
260.8929,273.9375,1.05,1.0
121.75,18.447,0.1515,0.2222
438.3,182.625,0.4167,0.6667
252.8654,92.8602,0.3672,0.7458
182.625,54.1111,0.2963,0.5
365.25,34.7857,0.0952,0.3476
273.9375,34.5507,0.1261,0.1216
365.25,219.15,0.6,0.6
547.875,273.9375,0.5,0.875
365.25,284.0833,0.7778,0.7778
365.25,213.0625,0.5833,0.8333
292.2,166.0227,0.5682,0.5455
365.25,100.7586,0.2759,0.3448
456.5625,286.9821,0.6286,0.8571
365.25,52.1786,0.1429,0.1429
365.25,219.15,0.6,0.8
365.25,273.9375,0.75,1.0
228.2812,25.8584,0.1133,0.1858
365.25,243.5,0.6667,0.6667
243.5,202.9167,0.8333,0.7778
11.9265,9.6118,0.8059,0.9854
280.9615,150.3971,0.5353,1.2941
219.15,12.0412,0.0549,0.1136
365.25,292.2,0.8,1.4
365.25,202.9167,0.5556,0.8889
365.25,162.3333,0.4444,0.6667
319.5938,224.7692,0.7033,1.0769
228.2812,284.0833,1.2444,1.0
398.4545,273.9375,0.6875,0.8125
365.25,39.2742,0.1075,0.1828
91.3125,102.7266,1.125,1.0938
136.9688,10.9356,0.0798,0.1317
426.125,182.625,0.4286,0.5
456.5625,334.8125,0.7333,1.1667
298.8409,33.2045,0.1111,0.1212
456.5625,267.85,0.5867,0.8
273.9375,36.525,0.1333,0.2083
487.0,365.25,0.75,1.1111
426.125,292.2,0.6857,1.0
393.3462,307.5789,0.782,0.8947
313.0714,232.4318,0.7424,0.8182
168.5769,14.717,0.0873,0.1245
547.875,365.25,0.6667,1.0769
146.1,11.1103,0.076,0.0913
405.8333,12.7144,0.0313,0.0411
255.675,15.2824,0.0598,0.1423
417.4286,332.0455,0.7955,1.0
547.875,199.2273,0.3636,0.5455
456.5625,332.0455,0.7273,1.1818
365.25,162.3333,0.4444,0.6667
410.9062,309.0577,0.7521,1.0769
208.7143,199.2273,0.9545,0.7273
273.9375,292.2,1.0667,1.1
365.25,243.5,0.6667,0.6667
365.25,332.0455,0.9091,1.6364
365.25,114.1406,0.3125,0.3125
182.625,13.0966,0.0717,0.1474
260.8929,14.2305,0.0545,0.1429
547.875,219.15,0.4,0.6
365.25,22.8281,0.0625,0.0764
304.375,30.6339,0.1006,0.0968
121.75,16.1615,0.1327,0.1416
446.4167,286.9821,0.6429,1.0
446.4167,309.0577,0.6923,1.0
365.25,219.15,0.6,0.5
313.0714,196.6731,0.6282,0.7692
417.4286,15.0791,0.0361,0.0459
13.783,11.4141,0.8281,0.8969
324.6667,12.9605,0.0399,0.0839
365.25,88.8446,0.2432,0.3243
304.375,27.901,0.0917,0.1042
162.3333,17.3929,0.1071,0.2338
365.25,213.0625,0.5833,0.6667
365.25,319.5938,0.875,1.25
365.25,228.2812,0.625,0.8125
219.15,243.5,1.1111,0.6667
328.725,12.3623,0.0376,0.0369
417.4286,265.6364,0.6364,0.9091
405.8333,332.0455,0.8182,1.1818
292.2,23.7737,0.0814,0.1953
456.5625,152.1875,0.3333,0.5
438.3,199.2273,0.4545,0.8182
365.25,255.675,0.7,0.7
365.25,196.6731,0.5385,0.6154
487.0,365.25,0.75,1.0
487.0,365.25,0.75,0.8
273.9375,40.5833,0.1481,0.3333
365.25,273.9375,0.75,0.75
243.5,13.5907,0.0558,0.1116
511.35,232.4318,0.4545,0.6364
456.5625,243.5,0.5333,0.6667
365.25,199.2273,0.5455,0.6364
140.4808,11.6216,0.0827,0.0955
365.25,15.093,0.0413,0.0496
292.2,202.9167,0.6944,0.5556
91.3125,55.3409,0.6061,0.303
365.25,228.2812,0.625,0.75
410.9062,304.375,0.7407,1.0
469.6071,273.9375,0.5833,0.9167
417.4286,273.9375,0.6563,0.8333
547.875,365.25,0.6667,1.0
78.973,14.7711,0.187,0.2132
417.4286,243.5,0.5833,0.8333
365.25,166.0227,0.4545,0.4545
304.375,273.9375,0.9,1.0
426.125,292.2,0.6857,0.8
456.5625,18.43,0.0404,0.0505
182.625,10.0759,0.0552,0.0414
584.4,365.25,0.625,1.0
319.5938,273.9375,0.8571,0.75
365.25,202.9167,0.5556,0.5556
426.125,255.675,0.6,0.8
228.2812,18.1491,0.0795,0.1366
365.25,224.7692,0.6154,0.6154
9.2636,10.0836,1.0885,1.1503
730.5,365.25,0.5,1.25
426.125,243.5,0.5714,0.75
5.9877,4.7902,0.8,0.8918
365.25,280.9615,0.7692,1.0769
365.25,265.6364,0.7273,0.7273
487.0,243.5,0.5,0.75
365.25,255.675,0.7,0.8
213.0625,18.6352,0.0875,0.1173
309.0577,27.0556,0.0875,0.2116
365.25,252.8654,0.6923,1.0
319.5938,42.6916,0.1336,0.1818
284.0833,60.875,0.2143,0.45
365.25,162.3333,0.4444,0.4444
365.25,71.7455,0.1964,0.1964
547.875,252.8654,0.4615,0.7692
438.3,426.125,0.9722,1.25
219.15,182.625,0.8333,0.75
405.8333,337.1538,0.8308,1.0
365.25,202.9167,0.5556,0.5556
324.6667,365.25,1.125,1.5
46.4864,43.3347,0.9322,0.9661
365.25,12.1245,0.0332,0.0332
146.1,20.957,0.1434,0.1066
410.9062,334.8125,0.8148,0.9167
313.0714,324.6667,1.037,1.2222
487.0,182.625,0.375,0.5
284.0833,14.494,0.051,0.1071
182.625,46.381,0.254,0.4127
410.9062,328.725,0.8,1.1
405.8333,309.0577,0.7615,0.9231
365.25,280.9615,0.7692,1.0769
398.4545,243.5,0.6111,0.7778
365.25,298.8409,0.8182,1.2727
292.2,224.7692,0.7692,1.2308
265.6364,24.8469,0.0935,0.2857
584.4,56.6767,0.097,0.1897
313.0714,292.2,0.9333,0.7
365.25,255.675,0.7,0.6
260.8929,232.4318,0.8909,0.9091
146.1,27.7908,0.1902,0.2826
365.25,304.375,0.8333,0.8333
199.2273,40.5833,0.2037,0.2222
334.8125,286.9821,0.8571,1.4286
273.9375,17.3929,0.0635,0.0423
464.8636,324.6667,0.6984,0.9444
192.2368,19.8672,0.1033,0.1967
365.25,41.1549,0.1127,0.1408
469.6071,298.8409,0.6364,1.0
469.6071,365.25,0.7778,1.2
260.8929,219.15,0.84,0.9
69.1014,62.3598,0.9024,0.9756
365.25,228.2812,0.625,0.75
410.9062,273.9375,0.6667,0.8333
328.725,252.8654,0.7692,1.1538
328.725,252.8654,0.7692,1.3077
319.5938,39.4865,0.1236,0.1216
328.725,298.8409,0.9091,1.4545
273.9375,71.8525,0.2623,0.623
313.0714,324.6667,1.037,1.2222
487.0,208.7143,0.4286,0.8571
304.375,166.0227,0.5455,0.5455
162.3333,13.2474,0.0816,0.0984
208.7143,13.7398,0.0658,0.0878
337.1538,29.22,0.0867,0.225
328.725,205.4531,0.625,0.8125
547.875,398.4545,0.7273,1.0909
417.4286,224.7692,0.5385,0.8462
260.8929,166.0227,0.6364,0.8182
469.6071,304.375,0.6481,0.8333
456.5625,309.0577,0.6769,0.8462
243.5,26.2598,0.1078,0.2092
456.5625,365.25,0.8,1.25
267.85,300.7941,1.123,1.3529
292.2,252.8654,0.8654,1.5385
319.5938,328.725,1.0286,0.9
255.675,14.8744,0.0582,0.1312
252.8654,17.6734,0.0699,0.1573
324.6667,173.0132,0.5329,0.8421
309.0577,28.9527,0.0937,0.2439
365.25,365.25,1.0,1.0
292.2,205.4531,0.7031,0.6875
365.25,162.3333,0.4444,0.5556
243.5,243.5,1.0,1.1111
224.7692,25.542,0.1136,0.2448
292.2,100.4438,0.3438,0.375
284.0833,280.9615,0.989,1.1538
168.5769,16.6971,0.099,0.1143
365.25,309.0577,0.8462,1.2308
365.25,255.675,0.7,0.5
547.875,228.2812,0.4167,0.375
365.25,182.625,0.5,0.5
304.375,284.0833,0.9333,1.0
219.15,280.9615,1.2821,1.6923
182.625,182.625,1.0,1.1
273.9375,228.2812,0.8333,1.0
365.25,26.5636,0.0727,0.0818
228.2812,199.2273,0.8727,1.0
426.125,324.6667,0.7619,1.1111
365.25,319.5938,0.875,1.125
365.25,365.25,1.0,1.2727
243.5,146.1,0.6,0.6
365.25,292.2,0.8,1.2
487.0,273.9375,0.5625,0.5
140.4808,29.8163,0.2122,0.3367
398.4545,337.1538,0.8462,1.3077
639.1875,243.5,0.381,0.5833
395.6875,304.375,0.7692,0.8333
324.6667,243.5,0.75,0.8667
324.6667,16.534,0.0509,0.1317
11.3696,9.9313,0.8735,1.577
365.25,182.625,0.5,0.75
365.25,152.1875,0.4167,0.6667
365.25,365.25,1.0,1.5
365.25,365.25,1.0,1.5
365.25,243.5,0.6667,0.6667
223.2083,17.8461,0.08,0.1075
162.3333,10.1863,0.0627,0.0956
196.6731,36.8601,0.1874,0.3945
410.9062,309.0577,0.7521,1.0
243.5,26.4036,0.1084,0.0843
273.9375,48.7,0.1778,0.1333
365.25,182.625,0.5,0.4
213.0625,26.6606,0.1251,0.2482
243.5,228.2812,0.9375,0.875
365.25,58.44,0.16,0.2
40.5833,45.6562,1.125,0.9792
511.35,324.6667,0.6349,0.8889
199.2273,14.3548,0.0721,0.1266
426.125,224.7692,0.5275,0.7692
511.35,196.6731,0.3846,0.5385
232.4318,18.3774,0.0791,0.1321
446.4167,279.3088,0.6257,0.7059
365.25,182.625,0.5,0.6
365.25,182.625,0.5,0.5833
365.25,140.4808,0.3846,0.3846
6.0206,6.4267,1.0674,0.6246
547.875,405.8333,0.7407,1.0
547.875,81.9949,0.1497,0.2041
410.9062,304.375,0.7407,0.9167
365.25,365.25,1.0,1.6154
365.25,55.5815,0.1522,0.1739
243.5,252.8654,1.0385,1.6154
243.5,12.6384,0.0519,0.1176
365.25,182.625,0.5,0.6
401.775,236.3382,0.5882,0.7059
365.25,365.25,1.0,0.6667
202.9167,20.6745,0.1019,0.1887
521.7857,365.25,0.7,1.0833
252.8654,25.7548,0.1019,0.2756
243.5,228.2812,0.9375,1.0
426.125,324.6667,0.7619,1.1111
313.0714,243.5,0.7778,1.1111
547.875,182.625,0.3333,0.375
657.45,401.775,0.6111,1.1
11.8588,7.7011,0.6494,0.753
337.1538,230.6842,0.6842,1.0
365.25,273.9375,0.75,0.9167
304.375,243.5,0.8,0.7778
162.3333,28.6471,0.1765,0.1765
219.15,182.625,0.8333,0.75
547.875,365.25,0.6667,1.1
260.8929,182.625,0.7,0.7
328.725,334.8125,1.0185,1.5
438.3,328.725,0.75,0.7
304.375,202.9167,0.6667,0.7778
280.9615,27.5314,0.098,0.2462
273.9375,46.9607,0.1714,0.3286
313.0714,265.6364,0.8485,0.6364
469.6071,365.25,0.7778,1.4444
365.25,273.9375,0.75,1.0
182.625,156.5357,0.8571,1.0
365.25,273.9375,0.75,0.75
328.725,24.0824,0.0733,0.1978
265.6364,33.9767,0.1279,0.2481
273.9375,202.9167,0.7407,0.5556
365.25,273.9375,0.75,0.8333
284.0833,42.1442,0.1484,0.1538
678.3214,163.7328,0.2414,0.5172
313.0714,213.0625,0.6806,0.75
365.25,13.0446,0.0357,0.0402
304.375,182.625,0.6,0.8
498.0682,39.2215,0.0787,0.1141
365.25,4.4954,0.0123,0.0154
511.35,319.5938,0.625,1.0
316.55,343.7647,1.086,2.7647
319.5938,196.6731,0.6154,1.0769
365.25,337.1538,0.9231,1.4615
334.8125,236.3382,0.7059,1.0588
365.25,18.572,0.0508,0.0678
456.5625,273.9375,0.6,0.75
18.7308,19.3693,1.0341,2.7689
417.4286,298.8409,0.7159,1.0
365.25,410.9062,1.125,1.375
298.8409,337.1538,1.1282,1.1538
365.25,273.9375,0.75,0.5
182.625,23.8207,0.1304,0.2717
243.5,23.0684,0.0947,0.0947
182.625,17.4854,0.0957,0.1596
313.0714,230.6842,0.7368,1.1579
265.6364,74.4028,0.2801,0.5556
365.25,202.9167,0.5556,0.4444
213.0625,28.8355,0.1353,0.1754
469.6071,9.7545,0.0208,0.0356
365.25,332.0455,0.9091,1.0
214.8529,192.2368,0.8947,1.3158
292.2,332.0455,1.1364,1.2727
292.2,304.375,1.0417,1.1667
456.5625,202.9167,0.4444,0.5556
304.375,219.15,0.72,0.9
456.5625,284.0833,0.6222,0.5556
456.5625,166.0227,0.3636,0.4545
365.25,213.0625,0.5833,0.8333
319.5938,18.2625,0.0571,0.0611
405.8333,309.0577,0.7615,1.3077
511.35,284.0833,0.5556,0.8889
255.675,43.83,0.1714,0.2533
273.9375,298.8409,1.0909,2.0
313.0714,182.625,0.5833,0.6667
284.0833,91.3125,0.3214,0.9444
182.625,18.6624,0.1022,0.0803
44.9538,46.2993,1.0299,0.9437
365.25,196.6731,0.5385,0.3846
284.0833,27.2575,0.0959,0.2015
304.375,251.1094,0.825,1.375
273.9375,196.6731,0.7179,0.8462
166.0227,35.6341,0.2146,0.3902
319.5938,243.5,0.7619,0.8333
438.3,39.9492,0.0911,0.0938
365.25,205.4531,0.5625,0.5
273.9375,365.25,1.3333,1.3333
365.25,304.375,0.8333,1.5
7.4238,5.9102,0.7961,1.2039
365.25,22.2111,0.0608,0.1081
487.0,280.9615,0.5769,0.7692
417.4286,273.9375,0.6563,0.8333
568.1667,300.7941,0.5294,1.0
324.6667,13.9943,0.0431,0.1149
136.9688,128.9118,0.9412,1.1176
328.725,280.9615,0.8547,1.1538
34.6026,9.9614,0.2879,0.2939
438.3,10.2681,0.0234,0.0241
304.375,410.9062,1.35,1.25
511.35,213.0625,0.4167,0.5833
252.8654,27.4465,0.1085,0.2832
365.25,19.5036,0.0534,0.0631
365.25,8.0099,0.0219,0.0263
182.625,228.2812,1.25,1.0
166.0227,10.2526,0.0618,0.1053
469.6071,252.8654,0.5385,0.8462
365.25,309.0577,0.8462,0.9231
365.25,30.8042,0.0843,0.0964
365.25,19.3938,0.0531,0.0973
243.5,18.1491,0.0745,0.118
252.8654,46.1368,0.1825,0.4632
10.6531,7.4541,0.6997,0.8746
202.9167,213.0625,1.05,1.0833
284.0833,34.9707,0.1231,0.2128
251.1094,22.0251,0.0877,0.1558
273.9375,232.4318,0.8485,0.8182
487.0,292.2,0.6,0.9
328.725,309.0577,0.9402,1.0769
405.8333,365.25,0.9,1.1538
608.75,446.4167,0.7333,1.2222
324.6667,252.8654,0.7788,1.0769
224.7692,20.9258,0.0931,0.1979
456.5625,168.5769,0.3692,0.5385
365.25,162.3333,0.4444,0.5556
328.725,365.25,1.1111,1.5455
417.4286,328.725,0.7875,1.0
328.725,273.9375,0.8333,0.8333
15.2188,5.5341,0.3636,0.5455
573.9643,334.8125,0.5833,1.0
273.9375,284.0833,1.037,1.1111
324.6667,365.25,1.125,1.5
324.6667,34.7857,0.1071,0.2952
243.5,196.6731,0.8077,0.9231
417.4286,365.25,0.875,1.1
469.6071,332.0455,0.7071,0.9091
487.0,298.8409,0.6136,0.7273
431.6591,393.3462,0.9112,1.3077
273.9375,13.9809,0.051,0.1053
547.875,365.25,0.6667,1.0
319.5938,27.4919,0.086,0.0968
511.35,284.0833,0.5556,0.7778
284.0833,53.7132,0.1891,0.1765
426.125,265.6364,0.6234,0.6364
232.4318,29.22,0.1257,0.28
324.6667,234.8036,0.7232,1.0
292.2,7.2089,0.0247,0.0362
438.3,219.15,0.5,0.8
365.25,324.6667,0.8889,0.5556
15.9672,9.0464,0.5666,0.6316
438.3,319.5938,0.7292,1.125
39.8455,34.7857,0.873,0.8889
527.5833,426.125,0.8077,1.1667
292.2,280.9615,0.9615,0.9231
417.4286,252.8654,0.6058,0.6923
487.0,365.25,0.75,1.125
213.0625,18.3543,0.0861,0.1608
365.25,343.7647,0.9412,1.3529
292.2,182.625,0.625,0.75
456.5625,29.9385,0.0656,0.1148
365.25,13.4779,0.0369,0.0517
219.15,228.2812,1.0417,1.0
365.25,213.0625,0.5833,0.6667
405.8333,316.55,0.78,0.8667
304.375,265.6364,0.8727,0.8182
456.5625,332.0455,0.7273,1.0909
365.25,334.8125,0.9167,1.75
260.8929,166.0227,0.6364,0.9091
5.844,5.8911,1.0081,1.1097
410.9062,12.7784,0.0311,0.0437
10.7426,7.7477,0.7212,0.6182
234.8036,19.6547,0.0837,0.2197
16.2333,4.7435,0.2922,0.487
365.25,166.0227,0.4545,0.5455
365.25,48.7,0.1333,0.1778
