R_lo,R_hi,C_lo,C_hi,count
2.0,2.5,1.5,2.0,2
2.0,2.5,2.5,3.0,1
2.0,2.5,3.0,3.5,2
2.0,2.5,4.0,4.5,1
2.0,2.5,4.5,5.0,2
2.0,2.5,5.0,5.5,1
2.0,2.5,6.0,6.5,1
2.0,2.5,6.5,7.0,1
2.0,2.5,7.5,8.0,1
2.0,2.5,9.5,10.0,1
2.0,2.5,17.0,17.5,1
2.5,3.0,1.5,2.0,3
2.5,3.0,2.0,2.5,3
2.5,3.0,2.5,3.0,2
2.5,3.0,3.0,3.5,4
2.5,3.0,3.5,4.0,2
2.5,3.0,4.0,4.5,8
2.5,3.0,4.5,5.0,1
2.5,3.0,5.0,5.5,5
2.5,3.0,5.5,6.0,5
2.5,3.0,6.0,6.5,4
2.5,3.0,6.5,7.0,3
2.5,3.0,7.0,7.5,3
2.5,3.0,7.5,8.0,2
2.5,3.0,8.0,8.5,1
2.5,3.0,8.5,9.0,3
2.5,3.0,9.0,9.5,1
2.5,3.0,9.5,10.0,2
2.5,3.0,10.5,11.0,1
2.5,3.0,12.0,12.5,1
2.5,3.0,13.0,13.5,1
2.5,3.0,15.0,15.5,1
2.5,3.0,17.0,17.5,5
2.5,3.0,18.0,18.5,1
2.5,3.0,29.5,30.0,1
2.5,3.0,32.0,32.5,2
3.0,3.5,1.5,2.0,2
3.0,3.5,2.0,2.5,3
3.0,3.5,2.5,3.0,5
3.0,3.5,3.0,3.5,10
3.0,3.5,3.5,4.0,8
3.0,3.5,4.0,4.5,11
3.0,3.5,4.5,5.0,6
3.0,3.5,5.0,5.5,8
3.0,3.5,5.5,6.0,7
3.0,3.5,6.0,6.5,6
3.0,3.5,6.5,7.0,7
3.0,3.5,7.0,7.5,8
3.0,3.5,7.5,8.0,3
3.0,3.5,8.0,8.5,8
3.0,3.5,8.5,9.0,3
3.0,3.5,9.0,9.5,3
3.0,3.5,9.5,10.0,3
3.0,3.5,10.0,10.5,3
3.0,3.5,10.5,11.0,5
3.0,3.5,11.0,11.5,2
3.0,3.5,11.5,12.0,3
3.0,3.5,12.0,12.5,1
3.0,3.5,13.0,13.5,5
3.0,3.5,13.5,14.0,1
3.0,3.5,14.0,14.5,3
3.0,3.5,14.5,15.0,1
3.0,3.5,15.0,15.5,2
3.0,3.5,15.5,16.0,1
3.0,3.5,16.0,16.5,2
3.0,3.5,17.0,17.5,3
3.0,3.5,17.5,18.0,1
3.0,3.5,18.0,18.5,1
3.0,3.5,18.5,19.0,1
3.0,3.5,19.5,20.0,2
3.0,3.5,20.0,20.5,2
3.0,3.5,20.5,21.0,1
3.0,3.5,24.0,24.5,6
3.0,3.5,28.0,28.5,1
3.0,3.5,28.5,29.0,1
3.0,3.5,29.5,30.0,1
3.5,4.0,1.5,2.0,2
3.5,4.0,2.0,2.5,1
3.5,4.0,2.5,3.0,5
3.5,4.0,3.0,3.5,6
3.5,4.0,3.5,4.0,8
3.5,4.0,4.0,4.5,17
3.5,4.0,4.5,5.0,9
3.5,4.0,5.0,5.5,6
3.5,4.0,5.5,6.0,4
3.5,4.0,6.0,6.5,12
3.5,4.0,6.5,7.0,7
3.5,4.0,7.0,7.5,5
3.5,4.0,7.5,8.0,4
3.5,4.0,8.0,8.5,9
3.5,4.0,8.5,9.0,2
3.5,4.0,9.0,9.5,9
3.5,4.0,9.5,10.0,2
3.5,4.0,10.0,10.5,3
3.5,4.0,11.0,11.5,5
3.5,4.0,11.5,12.0,2
3.5,4.0,12.0,12.5,6
3.5,4.0,13.0,13.5,4
3.5,4.0,14.0,14.5,7
3.5,4.0,14.5,15.0,2
3.5,4.0,15.5,16.0,2
3.5,4.0,16.0,16.5,4
3.5,4.0,16.5,17.0,2
3.5,4.0,17.0,17.5,5
3.5,4.0,17.5,18.0,5
3.5,4.0,18.5,19.0,3
3.5,4.0,20.0,20.5,1
3.5,4.0,20.5,21.0,2
3.5,4.0,23.5,24.0,2
3.5,4.0,24.0,24.5,5
3.5,4.0,28.5,29.0,1
3.5,4.0,30.0,30.5,1
3.5,4.0,31.5,32.0,1
4.0,4.5,1.5,2.0,1
4.0,4.5,2.0,2.5,1
4.0,4.5,2.5,3.0,6
4.0,4.5,3.0,3.5,7
4.0,4.5,3.5,4.0,7
4.0,4.5,4.0,4.5,15
4.0,4.5,4.5,5.0,25
4.0,4.5,5.0,5.5,26
4.0,4.5,5.5,6.0,8
4.0,4.5,6.0,6.5,19
4.0,4.5,6.5,7.0,10
4.0,4.5,7.0,7.5,10
4.0,4.5,7.5,8.0,9
4.0,4.5,8.0,8.5,11
4.0,4.5,8.5,9.0,11
4.0,4.5,9.0,9.5,9
4.0,4.5,9.5,10.0,5
4.0,4.5,10.0,10.5,9
4.0,4.5,10.5,11.0,9
4.0,4.5,11.0,11.5,4
4.0,4.5,11.5,12.0,6
4.0,4.5,12.0,12.5,4
4.0,4.5,12.5,13.0,1
4.0,4.5,13.0,13.5,7
4.0,4.5,13.5,14.0,4
4.0,4.5,14.0,14.5,7
4.0,4.5,14.5,15.0,3
4.0,4.5,15.0,15.5,4
4.0,4.5,15.5,16.0,3
4.0,4.5,16.0,16.5,3
4.0,4.5,16.5,17.0,2
4.0,4.5,17.0,17.5,2
4.0,4.5,17.5,18.0,2
4.0,4.5,18.0,18.5,7
4.0,4.5,18.5,19.0,5
4.0,4.5,19.0,19.5,3
4.0,4.5,19.5,20.0,2
4.0,4.5,20.0,20.5,4
4.0,4.5,20.5,21.0,5
4.0,4.5,21.0,21.5,4
4.0,4.5,21.5,22.0,1
4.0,4.5,23.5,24.0,5
4.0,4.5,24.0,24.5,8
4.0,4.5,30.0,30.5,1
4.0,4.5,33.5,34.0,1
4.5,5.0,1.0,1.5,1
4.5,5.0,2.5,3.0,1
4.5,5.0,3.0,3.5,2
4.5,5.0,3.5,4.0,6
4.5,5.0,4.0,4.5,19
4.5,5.0,4.5,5.0,14
4.5,5.0,5.0,5.5,19
4.5,5.0,5.5,6.0,14
4.5,5.0,6.0,6.5,18
4.5,5.0,6.5,7.0,16
4.5,5.0,7.0,7.5,18
4.5,5.0,7.5,8.0,9
4.5,5.0,8.0,8.5,14
4.5,5.0,8.5,9.0,13
4.5,5.0,9.0,9.5,11
4.5,5.0,9.5,10.0,11
4.5,5.0,10.0,10.5,8
4.5,5.0,10.5,11.0,9
4.5,5.0,11.0,11.5,6
4.5,5.0,11.5,12.0,4
4.5,5.0,12.0,12.5,10
4.5,5.0,12.5,13.0,7
4.5,5.0,13.0,13.5,4
4.5,5.0,13.5,14.0,3
4.5,5.0,14.0,14.5,5
4.5,5.0,14.5,15.0,6
4.5,5.0,15.0,15.5,10
4.5,5.0,15.5,16.0,2
4.5,5.0,16.0,16.5,1
4.5,5.0,16.5,17.0,4
4.5,5.0,17.0,17.5,4
4.5,5.0,17.5,18.0,1
4.5,5.0,18.0,18.5,3
4.5,5.0,18.5,19.0,3
4.5,5.0,19.0,19.5,4
4.5,5.0,19.5,20.0,4
4.5,5.0,20.0,20.5,3
4.5,5.0,20.5,21.0,7
4.5,5.0,21.5,22.0,1
4.5,5.0,23.5,24.0,4
4.5,5.0,24.0,24.5,11
4.5,5.0,27.0,27.5,2
4.5,5.0,28.0,28.5,1
4.5,5.0,29.5,30.0,2
4.5,5.0,30.0,30.5,1
4.5,5.0,30.5,31.0,1
5.0,5.5,1.5,2.0,1
5.0,5.5,2.0,2.5,1
5.0,5.5,2.5,3.0,1
5.0,5.5,3.0,3.5,4
5.0,5.5,3.5,4.0,5
5.0,5.5,4.0,4.5,18
5.0,5.5,4.5,5.0,19
5.0,5.5,5.0,5.5,21
5.0,5.5,5.5,6.0,21
5.0,5.5,6.0,6.5,30
5.0,5.5,6.5,7.0,19
5.0,5.5,7.0,7.5,30
5.0,5.5,7.5,8.0,15
5.0,5.5,8.0,8.5,23
5.0,5.5,8.5,9.0,28
5.0,5.5,9.0,9.5,17
5.0,5.5,9.5,10.0,14
5.0,5.5,10.0,10.5,12
5.0,5.5,10.5,11.0,16
5.0,5.5,11.0,11.5,14
5.0,5.5,11.5,12.0,13
5.0,5.5,12.0,12.5,19
5.0,5.5,12.5,13.0,11
5.0,5.5,13.0,13.5,13
5.0,5.5,13.5,14.0,11
5.0,5.5,14.0,14.5,8
5.0,5.5,14.5,15.0,13
5.0,5.5,15.0,15.5,12
5.0,5.5,15.5,16.0,2
5.0,5.5,16.0,16.5,11
5.0,5.5,16.5,17.0,3
5.0,5.5,17.0,17.5,11
5.0,5.5,17.5,18.0,8
5.0,5.5,18.0,18.5,3
5.0,5.5,18.5,19.0,2
5.0,5.5,19.0,19.5,4
5.0,5.5,19.5,20.0,3
5.0,5.5,20.0,20.5,7
5.0,5.5,20.5,21.0,4
5.0,5.5,21.0,21.5,3
5.0,5.5,21.5,22.0,3
5.0,5.5,23.5,24.0,11
5.0,5.5,24.0,24.5,10
5.0,5.5,26.5,27.0,1
5.0,5.5,27.0,27.5,2
5.0,5.5,28.0,28.5,1
5.0,5.5,28.5,29.0,1
5.0,5.5,30.0,30.5,3
5.0,5.5,30.5,31.0,1
5.0,5.5,33.5,34.0,1
5.5,6.0,2.5,3.0,3
5.5,6.0,3.0,3.5,1
5.5,6.0,3.5,4.0,5
5.5,6.0,4.0,4.5,6
5.5,6.0,4.5,5.0,14
5.5,6.0,5.0,5.5,24
5.5,6.0,5.5,6.0,24
5.5,6.0,6.0,6.5,36
5.5,6.0,6.5,7.0,23
5.5,6.0,7.0,7.5,22
5.5,6.0,7.5,8.0,23
5.5,6.0,8.0,8.5,25
5.5,6.0,8.5,9.0,14
5.5,6.0,9.0,9.5,20
5.5,6.0,9.5,10.0,14
5.5,6.0,10.0,10.5,15
5.5,6.0,10.5,11.0,14
5.5,6.0,11.0,11.5,12
5.5,6.0,11.5,12.0,8
5.5,6.0,12.0,12.5,12
5.5,6.0,12.5,13.0,9
5.5,6.0,13.0,13.5,14
5.5,6.0,13.5,14.0,10
5.5,6.0,14.0,14.5,12
5.5,6.0,14.5,15.0,11
5.5,6.0,15.0,15.5,9
5.5,6.0,15.5,16.0,7
5.5,6.0,16.0,16.5,6
5.5,6.0,16.5,17.0,9
5.5,6.0,17.0,17.5,5
5.5,6.0,17.5,18.0,7
5.5,6.0,18.0,18.5,3
5.5,6.0,18.5,19.0,5
5.5,6.0,19.0,19.5,5
5.5,6.0,19.5,20.0,5
5.5,6.0,20.0,20.5,4
5.5,6.0,20.5,21.0,4
5.5,6.0,21.0,21.5,2
5.5,6.0,21.5,22.0,3
5.5,6.0,22.0,22.5,2
5.5,6.0,23.5,24.0,4
5.5,6.0,24.0,24.5,10
5.5,6.0,28.5,29.0,1
5.5,6.0,30.0,30.5,2
5.5,6.0,31.0,31.5,1
5.5,6.0,32.0,32.5,1
5.5,6.0,34.0,34.5,1
6.0,6.5,2.0,2.5,1
6.0,6.5,2.5,3.0,1
6.0,6.5,3.0,3.5,5
6.0,6.5,3.5,4.0,3
6.0,6.5,4.0,4.5,6
6.0,6.5,4.5,5.0,20
6.0,6.5,5.0,5.5,30
6.0,6.5,5.5,6.0,27
6.0,6.5,6.0,6.5,55
6.0,6.5,6.5,7.0,45
6.0,6.5,7.0,7.5,41
6.0,6.5,7.5,8.0,40
6.0,6.5,8.0,8.5,49
6.0,6.5,8.5,9.0,43
6.0,6.5,9.0,9.5,25
6.0,6.5,9.5,10.0,30
6.0,6.5,10.0,10.5,30
6.0,6.5,10.5,11.0,33
6.0,6.5,11.0,11.5,26
6.0,6.5,11.5,12.0,15
6.0,6.5,12.0,12.5,18
6.0,6.5,12.5,13.0,19
6.0,6.5,13.0,13.5,22
6.0,6.5,13.5,14.0,15
6.0,6.5,14.0,14.5,13
6.0,6.5,14.5,15.0,14
6.0,6.5,15.0,15.5,10
6.0,6.5,15.5,16.0,10
6.0,6.5,16.0,16.5,18
6.0,6.5,16.5,17.0,14
6.0,6.5,17.0,17.5,15
6.0,6.5,17.5,18.0,5
6.0,6.5,18.0,18.5,8
6.0,6.5,18.5,19.0,7
6.0,6.5,19.0,19.5,9
6.0,6.5,19.5,20.0,7
6.0,6.5,20.0,20.5,12
6.0,6.5,20.5,21.0,6
6.0,6.5,21.0,21.5,6
6.0,6.5,21.5,22.0,7
6.0,6.5,22.0,22.5,3
6.0,6.5,23.5,24.0,16
6.0,6.5,24.0,24.5,18
6.0,6.5,26.0,26.5,3
6.0,6.5,26.5,27.0,2
6.0,6.5,27.0,27.5,3
6.0,6.5,27.5,28.0,1
6.0,6.5,28.0,28.5,2
6.0,6.5,28.5,29.0,3
6.0,6.5,29.5,30.0,2
6.0,6.5,30.0,30.5,1
6.0,6.5,38.0,38.5,1
6.5,7.0,3.0,3.5,1
6.5,7.0,3.5,4.0,3
6.5,7.0,4.0,4.5,5
6.5,7.0,4.5,5.0,6
6.5,7.0,5.0,5.5,18
6.5,7.0,5.5,6.0,25
6.5,7.0,6.0,6.5,39
6.5,7.0,6.5,7.0,46
6.5,7.0,7.0,7.5,60
6.5,7.0,7.5,8.0,40
6.5,7.0,8.0,8.5,55
6.5,7.0,8.5,9.0,49
6.5,7.0,9.0,9.5,41
6.5,7.0,9.5,10.0,35
6.5,7.0,10.0,10.5,38
6.5,7.0,10.5,11.0,19
6.5,7.0,11.0,11.5,21
6.5,7.0,11.5,12.0,13
6.5,7.0,12.0,12.5,23
6.5,7.0,12.5,13.0,24
6.5,7.0,13.0,13.5,22
6.5,7.0,13.5,14.0,16
6.5,7.0,14.0,14.5,17
6.5,7.0,14.5,15.0,15
6.5,7.0,15.0,15.5,14
6.5,7.0,15.5,16.0,15
6.5,7.0,16.0,16.5,16
6.5,7.0,16.5,17.0,10
6.5,7.0,17.0,17.5,7
6.5,7.0,17.5,18.0,8
6.5,7.0,18.0,18.5,9
6.5,7.0,18.5,19.0,7
6.5,7.0,19.0,19.5,9
6.5,7.0,19.5,20.0,5
6.5,7.0,20.0,20.5,9
6.5,7.0,20.5,21.0,10
6.5,7.0,21.0,21.5,5
6.5,7.0,21.5,22.0,4
6.5,7.0,22.0,22.5,2
6.5,7.0,22.5,23.0,1
6.5,7.0,23.5,24.0,9
6.5,7.0,24.0,24.5,18
6.5,7.0,26.0,26.5,2
6.5,7.0,26.5,27.0,1
6.5,7.0,27.0,27.5,2
6.5,7.0,27.5,28.0,1
6.5,7.0,28.5,29.0,3
6.5,7.0,29.0,29.5,1
6.5,7.0,29.5,30.0,1
6.5,7.0,30.0,30.5,2
6.5,7.0,32.0,32.5,4
6.5,7.0,33.5,34.0,2
6.5,7.0,35.5,36.0,1
6.5,7.0,36.0,36.5,1
7.0,7.5,1.5,2.0,1
7.0,7.5,2.0,2.5,1
7.0,7.5,3.0,3.5,1
7.0,7.5,4.0,4.5,2
7.0,7.5,4.5,5.0,9
7.0,7.5,5.0,5.5,9
7.0,7.5,5.5,6.0,16
7.0,7.5,6.0,6.5,39
7.0,7.5,6.5,7.0,47
7.0,7.5,7.0,7.5,79
7.0,7.5,7.5,8.0,56
7.0,7.5,8.0,8.5,66
7.0,7.5,8.5,9.0,60
7.0,7.5,9.0,9.5,43
7.0,7.5,9.5,10.0,45
7.0,7.5,10.0,10.5,49
7.0,7.5,10.5,11.0,37
7.0,7.5,11.0,11.5,28
7.0,7.5,11.5,12.0,23
7.0,7.5,12.0,12.5,31
7.0,7.5,12.5,13.0,30
7.0,7.5,13.0,13.5,31
7.0,7.5,13.5,14.0,21
7.0,7.5,14.0,14.5,23
7.0,7.5,14.5,15.0,22
7.0,7.5,15.0,15.5,18
7.0,7.5,15.5,16.0,18
7.0,7.5,16.0,16.5,19
7.0,7.5,16.5,17.0,17
7.0,7.5,17.0,17.5,20
7.0,7.5,17.5,18.0,15
7.0,7.5,18.0,18.5,8
7.0,7.5,18.5,19.0,8
7.0,7.5,19.0,19.5,14
7.0,7.5,19.5,20.0,10
7.0,7.5,20.0,20.5,9
7.0,7.5,20.5,21.0,10
7.0,7.5,21.0,21.5,6
7.0,7.5,21.5,22.0,5
7.0,7.5,22.0,22.5,7
7.0,7.5,23.5,24.0,11
7.0,7.5,24.0,24.5,15
7.0,7.5,26.0,26.5,1
7.0,7.5,26.5,27.0,2
7.0,7.5,27.0,27.5,1
7.0,7.5,28.0,28.5,2
7.0,7.5,28.5,29.0,3
7.0,7.5,29.5,30.0,3
7.0,7.5,30.0,30.5,3
7.0,7.5,32.0,32.5,4
7.0,7.5,33.5,34.0,2
7.5,8.0,3.0,3.5,1
7.5,8.0,3.5,4.0,1
7.5,8.0,4.0,4.5,4
7.5,8.0,4.5,5.0,2
7.5,8.0,5.0,5.5,7
7.5,8.0,5.5,6.0,15
7.5,8.0,6.0,6.5,22
7.5,8.0,6.5,7.0,35
7.5,8.0,7.0,7.5,52
7.5,8.0,7.5,8.0,41
7.5,8.0,8.0,8.5,75
7.5,8.0,8.5,9.0,45
7.5,8.0,9.0,9.5,56
7.5,8.0,9.5,10.0,39
7.5,8.0,10.0,10.5,46
7.5,8.0,10.5,11.0,41
7.5,8.0,11.0,11.5,27
7.5,8.0,11.5,12.0,23
7.5,8.0,12.0,12.5,35
7.5,8.0,12.5,13.0,22
7.5,8.0,13.0,13.5,21
7.5,8.0,13.5,14.0,26
7.5,8.0,14.0,14.5,27
7.5,8.0,14.5,15.0,16
7.5,8.0,15.0,15.5,20
7.5,8.0,15.5,16.0,9
7.5,8.0,16.0,16.5,18
7.5,8.0,16.5,17.0,12
7.5,8.0,17.0,17.5,18
7.5,8.0,17.5,18.0,9
7.5,8.0,18.0,18.5,12
7.5,8.0,18.5,19.0,10
7.5,8.0,19.0,19.5,9
7.5,8.0,19.5,20.0,6
7.5,8.0,20.0,20.5,12
7.5,8.0,20.5,21.0,10
7.5,8.0,21.0,21.5,7
7.5,8.0,21.5,22.0,3
7.5,8.0,22.0,22.5,4
7.5,8.0,22.5,23.0,1
7.5,8.0,23.5,24.0,8
7.5,8.0,24.0,24.5,6
7.5,8.0,26.0,26.5,1
7.5,8.0,27.0,27.5,1
7.5,8.0,27.5,28.0,1
7.5,8.0,28.0,28.5,1
7.5,8.0,28.5,29.0,2
7.5,8.0,29.0,29.5,1
7.5,8.0,30.0,30.5,1
7.5,8.0,35.5,36.0,2
7.5,8.0,37.5,38.0,1
8.0,8.5,2.5,3.0,2
8.0,8.5,3.0,3.5,1
8.0,8.5,3.5,4.0,2
8.0,8.5,4.0,4.5,3
8.0,8.5,4.5,5.0,1
8.0,8.5,5.0,5.5,9
8.0,8.5,5.5,6.0,11
8.0,8.5,6.0,6.5,29
8.0,8.5,6.5,7.0,28
8.0,8.5,7.0,7.5,67
8.0,8.5,7.5,8.0,59
8.0,8.5,8.0,8.5,108
8.0,8.5,8.5,9.0,93
8.0,8.5,9.0,9.5,95
8.0,8.5,9.5,10.0,82
8.0,8.5,10.0,10.5,96
8.0,8.5,10.5,11.0,75
8.0,8.5,11.0,11.5,82
8.0,8.5,11.5,12.0,54
8.0,8.5,12.0,12.5,84
8.0,8.5,12.5,13.0,54
8.0,8.5,13.0,13.5,63
8.0,8.5,13.5,14.0,35
8.0,8.5,14.0,14.5,51
8.0,8.5,14.5,15.0,28
8.0,8.5,15.0,15.5,34
8.0,8.5,15.5,16.0,29
8.0,8.5,16.0,16.5,38
8.0,8.5,16.5,17.0,26
8.0,8.5,17.0,17.5,50
8.0,8.5,17.5,18.0,21
8.0,8.5,18.0,18.5,30
8.0,8.5,18.5,19.0,20
8.0,8.5,19.0,19.5,16
8.0,8.5,19.5,20.0,9
8.0,8.5,20.0,20.5,11
8.0,8.5,20.5,21.0,34
8.0,8.5,21.0,21.5,14
8.0,8.5,21.5,22.0,5
8.0,8.5,22.0,22.5,4
8.0,8.5,22.5,23.0,1
8.0,8.5,23.5,24.0,16
8.0,8.5,24.0,24.5,26
8.0,8.5,25.0,25.5,1
8.0,8.5,25.5,26.0,1
8.0,8.5,26.0,26.5,3
8.0,8.5,27.0,27.5,2
8.0,8.5,28.0,28.5,2
8.0,8.5,28.5,29.0,1
8.0,8.5,29.5,30.0,2
8.0,8.5,30.0,30.5,2
8.0,8.5,32.0,32.5,3
8.0,8.5,33.5,34.0,2
8.0,8.5,35.5,36.0,3
8.0,8.5,36.0,36.5,1
8.0,8.5,38.0,38.5,1
8.0,8.5,39.5,40.0,2
8.5,9.0,2.0,2.5,1
8.5,9.0,4.0,4.5,3
8.5,9.0,4.5,5.0,1
8.5,9.0,5.0,5.5,3
8.5,9.0,5.5,6.0,7
8.5,9.0,6.0,6.5,12
8.5,9.0,6.5,7.0,21
8.5,9.0,7.0,7.5,43
8.5,9.0,7.5,8.0,38
8.5,9.0,8.0,8.5,78
8.5,9.0,8.5,9.0,89
8.5,9.0,9.0,9.5,87
8.5,9.0,9.5,10.0,59
8.5,9.0,10.0,10.5,87
8.5,9.0,10.5,11.0,55
8.5,9.0,11.0,11.5,49
8.5,9.0,11.5,12.0,47
8.5,9.0,12.0,12.5,71
8.5,9.0,12.5,13.0,46
8.5,9.0,13.0,13.5,55
8.5,9.0,13.5,14.0,39
8.5,9.0,14.0,14.5,42
8.5,9.0,14.5,15.0,29
8.5,9.0,15.0,15.5,33
8.5,9.0,15.5,16.0,15
8.5,9.0,16.0,16.5,33
8.5,9.0,16.5,17.0,30
8.5,9.0,17.0,17.5,22
8.5,9.0,17.5,18.0,13
8.5,9.0,18.0,18.5,27
8.5,9.0,18.5,19.0,9
8.5,9.0,19.0,19.5,20
8.5,9.0,19.5,20.0,11
8.5,9.0,20.0,20.5,11
8.5,9.0,20.5,21.0,16
8.5,9.0,21.0,21.5,8
8.5,9.0,21.5,22.0,5
8.5,9.0,22.0,22.5,7
8.5,9.0,22.5,23.0,5
8.5,9.0,23.5,24.0,15
8.5,9.0,24.0,24.5,19
8.5,9.0,25.0,25.5,3
8.5,9.0,25.5,26.0,2
8.5,9.0,27.0,27.5,1
8.5,9.0,27.5,28.0,1
8.5,9.0,28.0,28.5,1
8.5,9.0,28.5,29.0,7
8.5,9.0,29.0,29.5,1
8.5,9.0,29.5,30.0,1
8.5,9.0,30.0,30.5,3
8.5,9.0,31.5,32.0,1
8.5,9.0,32.0,32.5,1
8.5,9.0,33.0,33.5,1
8.5,9.0,33.5,34.0,1
8.5,9.0,34.5,35.0,1
8.5,9.0,38.0,38.5,1
8.5,9.0,39.0,39.5,1
9.0,9.5,3.5,4.0,1
9.0,9.5,4.0,4.5,1
9.0,9.5,4.5,5.0,2
9.0,9.5,5.0,5.5,4
9.0,9.5,5.5,6.0,1
9.0,9.5,6.0,6.5,3
9.0,9.5,6.5,7.0,16
9.0,9.5,7.0,7.5,18
9.0,9.5,7.5,8.0,35
9.0,9.5,8.0,8.5,62
9.0,9.5,8.5,9.0,82
9.0,9.5,9.0,9.5,101
9.0,9.5,9.5,10.0,100
9.0,9.5,10.0,10.5,106
9.0,9.5,10.5,11.0,87
9.0,9.5,11.0,11.5,89
9.0,9.5,11.5,12.0,63
9.0,9.5,12.0,12.5,100
9.0,9.5,12.5,13.0,43
9.0,9.5,13.0,13.5,46
9.0,9.5,13.5,14.0,35
9.0,9.5,14.0,14.5,49
9.0,9.5,14.5,15.0,48
9.0,9.5,15.0,15.5,35
9.0,9.5,15.5,16.0,26
9.0,9.5,16.0,16.5,41
9.0,9.5,16.5,17.0,26
9.0,9.5,17.0,17.5,26
9.0,9.5,17.5,18.0,12
9.0,9.5,18.0,18.5,21
9.0,9.5,18.5,19.0,20
9.0,9.5,19.0,19.5,21
9.0,9.5,19.5,20.0,7
9.0,9.5,20.0,20.5,9
9.0,9.5,20.5,21.0,12
9.0,9.5,21.0,21.5,21
9.0,9.5,21.5,22.0,10
9.0,9.5,22.0,22.5,10
9.0,9.5,22.5,23.0,10
9.0,9.5,23.5,24.0,15
9.0,9.5,24.0,24.5,14
9.0,9.5,25.0,25.5,3
9.0,9.5,25.5,26.0,4
9.0,9.5,26.0,26.5,1
9.0,9.5,26.5,27.0,2
9.0,9.5,27.0,27.5,1
9.0,9.5,27.5,28.0,1
9.0,9.5,28.0,28.5,1
9.0,9.5,28.5,29.0,1
9.0,9.5,29.5,30.0,2
9.0,9.5,30.0,30.5,1
9.0,9.5,32.0,32.5,1
9.0,9.5,33.5,34.0,5
9.0,9.5,36.0,36.5,1
9.5,10.0,4.0,4.5,2
9.5,10.0,5.0,5.5,3
9.5,10.0,5.5,6.0,1
9.5,10.0,6.0,6.5,5
9.5,10.0,6.5,7.0,6
9.5,10.0,7.0,7.5,15
9.5,10.0,7.5,8.0,13
9.5,10.0,8.0,8.5,59
9.5,10.0,8.5,9.0,83
9.5,10.0,9.0,9.5,96
9.5,10.0,9.5,10.0,111
9.5,10.0,10.0,10.5,112
9.5,10.0,10.5,11.0,98
9.5,10.0,11.0,11.5,78
9.5,10.0,11.5,12.0,56
9.5,10.0,12.0,12.5,95
9.5,10.0,12.5,13.0,50
9.5,10.0,13.0,13.5,60
9.5,10.0,13.5,14.0,51
9.5,10.0,14.0,14.5,54
9.5,10.0,14.5,15.0,54
9.5,10.0,15.0,15.5,56
9.5,10.0,15.5,16.0,23
9.5,10.0,16.0,16.5,42
9.5,10.0,16.5,17.0,33
9.5,10.0,17.0,17.5,27
9.5,10.0,17.5,18.0,25
9.5,10.0,18.0,18.5,21
9.5,10.0,18.5,19.0,15
9.5,10.0,19.0,19.5,22
9.5,10.0,19.5,20.0,16
9.5,10.0,20.0,20.5,16
9.5,10.0,20.5,21.0,9
9.5,10.0,21.0,21.5,11
9.5,10.0,21.5,22.0,10
9.5,10.0,22.0,22.5,7
9.5,10.0,22.5,23.0,1
9.5,10.0,23.5,24.0,9
9.5,10.0,24.0,24.5,12
9.5,10.0,25.0,25.5,1
9.5,10.0,25.5,26.0,2
9.5,10.0,26.0,26.5,2
9.5,10.0,26.5,27.0,2
9.5,10.0,27.0,27.5,3
9.5,10.0,27.5,28.0,4
9.5,10.0,28.0,28.5,3
9.5,10.0,28.5,29.0,2
9.5,10.0,29.0,29.5,1
9.5,10.0,31.5,32.0,1
9.5,10.0,32.0,32.5,2
9.5,10.0,33.0,33.5,1
9.5,10.0,33.5,34.0,1
9.5,10.0,35.5,36.0,2
10.0,10.5,3.0,3.5,1
10.0,10.5,4.0,4.5,2
10.0,10.5,4.5,5.0,1
10.0,10.5,5.0,5.5,1
10.0,10.5,5.5,6.0,1
10.0,10.5,6.0,6.5,5
10.0,10.5,6.5,7.0,4
10.0,10.5,7.0,7.5,10
10.0,10.5,7.5,8.0,11
10.0,10.5,8.0,8.5,42
10.0,10.5,8.5,9.0,58
10.0,10.5,9.0,9.5,76
10.0,10.5,9.5,10.0,109
10.0,10.5,10.0,10.5,119
10.0,10.5,10.5,11.0,111
10.0,10.5,11.0,11.5,126
10.0,10.5,11.5,12.0,76
10.0,10.5,12.0,12.5,114
10.0,10.5,12.5,13.0,95
10.0,10.5,13.0,13.5,86
10.0,10.5,13.5,14.0,59
10.0,10.5,14.0,14.5,79
10.0,10.5,14.5,15.0,59
10.0,10.5,15.0,15.5,48
10.0,10.5,15.5,16.0,37
10.0,10.5,16.0,16.5,55
10.0,10.5,16.5,17.0,37
10.0,10.5,17.0,17.5,37
10.0,10.5,17.5,18.0,22
10.0,10.5,18.0,18.5,32
10.0,10.5,18.5,19.0,17
10.0,10.5,19.0,19.5,18
10.0,10.5,19.5,20.0,16
10.0,10.5,20.0,20.5,22
10.0,10.5,20.5,21.0,25
10.0,10.5,21.0,21.5,15
10.0,10.5,21.5,22.0,8
10.0,10.5,22.0,22.5,10
10.0,10.5,22.5,23.0,2
10.0,10.5,23.5,24.0,19
10.0,10.5,24.0,24.5,25
10.0,10.5,25.0,25.5,3
10.0,10.5,25.5,26.0,5
10.0,10.5,26.5,27.0,3
10.0,10.5,27.0,27.5,1
10.0,10.5,28.0,28.5,2
10.0,10.5,28.5,29.0,6
10.0,10.5,29.0,29.5,1
10.0,10.5,30.0,30.5,5
10.0,10.5,30.5,31.0,1
10.0,10.5,32.0,32.5,4
10.0,10.5,33.5,34.0,2
10.0,10.5,34.0,34.5,1
10.0,10.5,34.5,35.0,2
10.0,10.5,35.5,36.0,2
10.0,10.5,36.0,36.5,2
10.5,11.0,4.5,5.0,1
10.5,11.0,5.0,5.5,2
10.5,11.0,5.5,6.0,1
10.5,11.0,6.0,6.5,3
10.5,11.0,6.5,7.0,6
10.5,11.0,7.0,7.5,7
10.5,11.0,7.5,8.0,6
10.5,11.0,8.0,8.5,30
10.5,11.0,8.5,9.0,31
10.5,11.0,9.0,9.5,45
10.5,11.0,9.5,10.0,67
10.5,11.0,10.0,10.5,95
10.5,11.0,10.5,11.0,133
10.5,11.0,11.0,11.5,115
10.5,11.0,11.5,12.0,79
10.5,11.0,12.0,12.5,134
10.5,11.0,12.5,13.0,84
10.5,11.0,13.0,13.5,76
10.5,11.0,13.5,14.0,74
10.5,11.0,14.0,14.5,66
10.5,11.0,14.5,15.0,46
10.5,11.0,15.0,15.5,64
10.5,11.0,15.5,16.0,26
10.5,11.0,16.0,16.5,45
10.5,11.0,16.5,17.0,44
10.5,11.0,17.0,17.5,31
10.5,11.0,17.5,18.0,21
10.5,11.0,18.0,18.5,35
10.5,11.0,18.5,19.0,23
10.5,11.0,19.0,19.5,20
10.5,11.0,19.5,20.0,12
10.5,11.0,20.0,20.5,25
10.5,11.0,20.5,21.0,9
10.5,11.0,21.0,21.5,18
10.5,11.0,21.5,22.0,23
10.5,11.0,22.0,22.5,16
10.5,11.0,22.5,23.0,7
10.5,11.0,23.0,23.5,1
10.5,11.0,23.5,24.0,10
10.5,11.0,24.0,24.5,20
10.5,11.0,25.0,25.5,3
10.5,11.0,25.5,26.0,2
10.5,11.0,26.0,26.5,3
10.5,11.0,26.5,27.0,2
10.5,11.0,27.0,27.5,5
10.5,11.0,28.0,28.5,1
10.5,11.0,28.5,29.0,2
10.5,11.0,29.5,30.0,5
10.5,11.0,30.0,30.5,1
10.5,11.0,30.5,31.0,3
10.5,11.0,31.5,32.0,1
10.5,11.0,33.5,34.0,2
11.0,11.5,4.0,4.5,1
11.0,11.5,4.5,5.0,1
11.0,11.5,6.0,6.5,1
11.0,11.5,6.5,7.0,2
11.0,11.5,7.0,7.5,3
11.0,11.5,7.5,8.0,6
11.0,11.5,8.0,8.5,19
11.0,11.5,8.5,9.0,23
11.0,11.5,9.0,9.5,36
11.0,11.5,9.5,10.0,53
11.0,11.5,10.0,10.5,118
11.0,11.5,10.5,11.0,119
11.0,11.5,11.0,11.5,124
11.0,11.5,11.5,12.0,89
11.0,11.5,12.0,12.5,156
11.0,11.5,12.5,13.0,114
11.0,11.5,13.0,13.5,100
11.0,11.5,13.5,14.0,82
11.0,11.5,14.0,14.5,89
11.0,11.5,14.5,15.0,73
11.0,11.5,15.0,15.5,70
11.0,11.5,15.5,16.0,30
11.0,11.5,16.0,16.5,69
11.0,11.5,16.5,17.0,56
11.0,11.5,17.0,17.5,53
11.0,11.5,17.5,18.0,32
11.0,11.5,18.0,18.5,35
11.0,11.5,18.5,19.0,25
11.0,11.5,19.0,19.5,25
11.0,11.5,19.5,20.0,23
11.0,11.5,20.0,20.5,19
11.0,11.5,20.5,21.0,17
11.0,11.5,21.0,21.5,15
11.0,11.5,21.5,22.0,18
11.0,11.5,22.0,22.5,8
11.0,11.5,22.5,23.0,14
11.0,11.5,23.0,23.5,2
11.0,11.5,23.5,24.0,15
11.0,11.5,24.0,24.5,16
11.0,11.5,25.0,25.5,2
11.0,11.5,25.5,26.0,2
11.0,11.5,26.0,26.5,1
11.0,11.5,26.5,27.0,6
11.0,11.5,27.0,27.5,4
11.0,11.5,27.5,28.0,2
11.0,11.5,28.0,28.5,1
11.0,11.5,28.5,29.0,4
11.0,11.5,29.5,30.0,1
11.0,11.5,30.0,30.5,1
11.0,11.5,30.5,31.0,2
11.0,11.5,31.5,32.0,1
11.0,11.5,32.0,32.5,1
11.0,11.5,33.5,34.0,1
11.0,11.5,34.5,35.0,1
11.0,11.5,36.0,36.5,1
11.5,12.0,6.0,6.5,1
11.5,12.0,7.0,7.5,1
11.5,12.0,8.0,8.5,4
11.5,12.0,8.5,9.0,5
11.5,12.0,9.0,9.5,18
11.5,12.0,9.5,10.0,20
11.5,12.0,10.0,10.5,50
11.5,12.0,10.5,11.0,76
11.5,12.0,11.0,11.5,96
11.5,12.0,11.5,12.0,83
11.5,12.0,12.0,12.5,145
11.5,12.0,12.5,13.0,111
11.5,12.0,13.0,13.5,73
11.5,12.0,13.5,14.0,72
11.5,12.0,14.0,14.5,52
11.5,12.0,14.5,15.0,57
11.5,12.0,15.0,15.5,47
11.5,12.0,15.5,16.0,31
11.5,12.0,16.0,16.5,42
11.5,12.0,16.5,17.0,32
11.5,12.0,17.0,17.5,31
11.5,12.0,17.5,18.0,25
11.5,12.0,18.0,18.5,14
11.5,12.0,18.5,19.0,11
11.5,12.0,19.0,19.5,25
11.5,12.0,19.5,20.0,13
11.5,12.0,20.0,20.5,11
11.5,12.0,20.5,21.0,11
11.5,12.0,21.0,21.5,5
11.5,12.0,21.5,22.0,8
11.5,12.0,22.0,22.5,3
11.5,12.0,22.5,23.0,3
11.5,12.0,23.0,23.5,2
11.5,12.0,23.5,24.0,5
11.5,12.0,24.0,24.5,11
11.5,12.0,25.0,25.5,3
11.5,12.0,26.0,26.5,2
11.5,12.0,26.5,27.0,3
11.5,12.0,27.0,27.5,1
11.5,12.0,28.0,28.5,1
11.5,12.0,28.5,29.0,2
11.5,12.0,29.5,30.0,1
11.5,12.0,32.0,32.5,2
11.5,12.0,33.0,33.5,1
12.0,12.5,2.5,3.0,2
12.0,12.5,4.0,4.5,2
12.0,12.5,4.5,5.0,1
12.0,12.5,5.5,6.0,2
12.0,12.5,6.0,6.5,2
12.0,12.5,6.5,7.0,1
12.0,12.5,7.0,7.5,2
12.0,12.5,8.0,8.5,14
12.0,12.5,8.5,9.0,11
12.0,12.5,9.0,9.5,21
12.0,12.5,9.5,10.0,33
12.0,12.5,10.0,10.5,67
12.0,12.5,10.5,11.0,69
12.0,12.5,11.0,11.5,105
12.0,12.5,11.5,12.0,111
12.0,12.5,12.0,12.5,189
12.0,12.5,12.5,13.0,165
12.0,12.5,13.0,13.5,163
12.0,12.5,13.5,14.0,154
12.0,12.5,14.0,14.5,112
12.0,12.5,14.5,15.0,87
12.0,12.5,15.0,15.5,85
12.0,12.5,15.5,16.0,56
12.0,12.5,16.0,16.5,72
12.0,12.5,16.5,17.0,57
12.0,12.5,17.0,17.5,57
12.0,12.5,17.5,18.0,35
12.0,12.5,18.0,18.5,44
12.0,12.5,18.5,19.0,35
12.0,12.5,19.0,19.5,42
12.0,12.5,19.5,20.0,29
12.0,12.5,20.0,20.5,22
12.0,12.5,20.5,21.0,22
12.0,12.5,21.0,21.5,18
12.0,12.5,21.5,22.0,11
12.0,12.5,22.0,22.5,10
12.0,12.5,22.5,23.0,3
12.0,12.5,23.0,23.5,3
12.0,12.5,23.5,24.0,11
12.0,12.5,24.0,24.5,27
12.0,12.5,25.0,25.5,3
12.0,12.5,25.5,26.0,2
12.0,12.5,26.0,26.5,3
12.0,12.5,26.5,27.0,3
12.0,12.5,27.0,27.5,3
12.0,12.5,27.5,28.0,2
12.0,12.5,28.5,29.0,3
12.0,12.5,29.0,29.5,2
12.0,12.5,29.5,30.0,1
12.0,12.5,30.0,30.5,2
12.0,12.5,30.5,31.0,3
12.0,12.5,32.0,32.5,1
12.0,12.5,33.5,34.0,2
12.5,13.0,4.5,5.0,1
12.5,13.0,6.5,7.0,2
12.5,13.0,7.0,7.5,2
12.5,13.0,8.0,8.5,6
12.5,13.0,8.5,9.0,10
12.5,13.0,9.0,9.5,11
12.5,13.0,9.5,10.0,21
12.5,13.0,10.0,10.5,33
12.5,13.0,10.5,11.0,58
12.5,13.0,11.0,11.5,72
12.5,13.0,11.5,12.0,70
12.5,13.0,12.0,12.5,130
12.5,13.0,12.5,13.0,139
12.5,13.0,13.0,13.5,126
12.5,13.0,13.5,14.0,113
12.5,13.0,14.0,14.5,120
12.5,13.0,14.5,15.0,86
12.5,13.0,15.0,15.5,94
12.5,13.0,15.5,16.0,57
12.5,13.0,16.0,16.5,91
12.5,13.0,16.5,17.0,61
12.5,13.0,17.0,17.5,47
12.5,13.0,17.5,18.0,37
12.5,13.0,18.0,18.5,40
12.5,13.0,18.5,19.0,30
12.5,13.0,19.0,19.5,28
12.5,13.0,19.5,20.0,21
12.5,13.0,20.0,20.5,15
12.5,13.0,20.5,21.0,11
12.5,13.0,21.0,21.5,16
12.5,13.0,21.5,22.0,11
12.5,13.0,22.0,22.5,9
12.5,13.0,22.5,23.0,11
12.5,13.0,23.0,23.5,2
12.5,13.0,23.5,24.0,11
12.5,13.0,24.0,24.5,19
12.5,13.0,24.5,25.0,1
12.5,13.0,25.0,25.5,5
12.5,13.0,25.5,26.0,4
12.5,13.0,26.0,26.5,7
12.5,13.0,26.5,27.0,2
12.5,13.0,27.0,27.5,4
12.5,13.0,27.5,28.0,1
12.5,13.0,28.0,28.5,4
12.5,13.0,28.5,29.0,1
12.5,13.0,29.5,30.0,3
12.5,13.0,30.0,30.5,2
12.5,13.0,30.5,31.0,1
12.5,13.0,31.0,31.5,2
12.5,13.0,32.0,32.5,1
12.5,13.0,32.5,33.0,1
12.5,13.0,33.5,34.0,1
12.5,13.0,39.5,40.0,1
13.0,13.5,4.0,4.5,1
13.0,13.5,5.0,5.5,1
13.0,13.5,6.5,7.0,1
13.0,13.5,7.5,8.0,2
13.0,13.5,8.0,8.5,7
13.0,13.5,8.5,9.0,5
13.0,13.5,9.0,9.5,6
13.0,13.5,9.5,10.0,6
13.0,13.5,10.0,10.5,11
13.0,13.5,10.5,11.0,21
13.0,13.5,11.0,11.5,50
13.0,13.5,11.5,12.0,47
13.0,13.5,12.0,12.5,104
13.0,13.5,12.5,13.0,129
13.0,13.5,13.0,13.5,131
13.0,13.5,13.5,14.0,134
13.0,13.5,14.0,14.5,136
13.0,13.5,14.5,15.0,110
13.0,13.5,15.0,15.5,103
13.0,13.5,15.5,16.0,60
13.0,13.5,16.0,16.5,88
13.0,13.5,16.5,17.0,61
13.0,13.5,17.0,17.5,55
13.0,13.5,17.5,18.0,48
13.0,13.5,18.0,18.5,40
13.0,13.5,18.5,19.0,34
13.0,13.5,19.0,19.5,24
13.0,13.5,19.5,20.0,31
13.0,13.5,20.0,20.5,13
13.0,13.5,20.5,21.0,18
13.0,13.5,21.0,21.5,14
13.0,13.5,21.5,22.0,17
13.0,13.5,22.0,22.5,16
13.0,13.5,22.5,23.0,6
13.0,13.5,23.0,23.5,4
13.0,13.5,23.5,24.0,16
13.0,13.5,24.0,24.5,19
13.0,13.5,24.5,25.0,2
13.0,13.5,25.0,25.5,5
13.0,13.5,25.5,26.0,6
13.0,13.5,26.0,26.5,2
13.0,13.5,26.5,27.0,5
13.0,13.5,27.0,27.5,1
13.0,13.5,27.5,28.0,2
13.0,13.5,28.0,28.5,1
13.0,13.5,28.5,29.0,5
13.0,13.5,29.0,29.5,4
13.0,13.5,29.5,30.0,3
13.0,13.5,30.0,30.5,2
13.0,13.5,30.5,31.0,2
13.0,13.5,31.0,31.5,2
13.0,13.5,32.0,32.5,2
13.0,13.5,32.5,33.0,1
13.0,13.5,36.0,36.5,1
13.0,13.5,38.0,38.5,1
13.5,14.0,4.0,4.5,1
13.5,14.0,7.0,7.5,1
13.5,14.0,7.5,8.0,1
13.5,14.0,8.0,8.5,1
13.5,14.0,8.5,9.0,4
13.5,14.0,9.0,9.5,5
13.5,14.0,9.5,10.0,6
13.5,14.0,10.0,10.5,11
13.5,14.0,10.5,11.0,18
13.5,14.0,11.0,11.5,34
13.5,14.0,11.5,12.0,30
13.5,14.0,12.0,12.5,62
13.5,14.0,12.5,13.0,87
13.5,14.0,13.0,13.5,120
13.5,14.0,13.5,14.0,117
13.5,14.0,14.0,14.5,122
13.5,14.0,14.5,15.0,121
13.5,14.0,15.0,15.5,101
13.5,14.0,15.5,16.0,68
13.5,14.0,16.0,16.5,81
13.5,14.0,16.5,17.0,59
13.5,14.0,17.0,17.5,46
13.5,14.0,17.5,18.0,49
13.5,14.0,18.0,18.5,44
13.5,14.0,18.5,19.0,32
13.5,14.0,19.0,19.5,31
13.5,14.0,19.5,20.0,20
13.5,14.0,20.0,20.5,30
13.5,14.0,20.5,21.0,25
13.5,14.0,21.0,21.5,7
13.5,14.0,21.5,22.0,10
13.5,14.0,22.0,22.5,9
13.5,14.0,22.5,23.0,9
13.5,14.0,23.0,23.5,7
13.5,14.0,23.5,24.0,11
13.5,14.0,24.0,24.5,15
13.5,14.0,25.0,25.5,3
13.5,14.0,25.5,26.0,1
13.5,14.0,26.0,26.5,7
13.5,14.0,26.5,27.0,1
13.5,14.0,27.0,27.5,3
13.5,14.0,27.5,28.0,1
13.5,14.0,28.0,28.5,4
13.5,14.0,28.5,29.0,3
13.5,14.0,31.0,31.5,1
13.5,14.0,31.5,32.0,1
13.5,14.0,35.5,36.0,2
14.0,14.5,8.0,8.5,1
14.0,14.5,8.5,9.0,2
14.0,14.5,9.0,9.5,6
14.0,14.5,9.5,10.0,2
14.0,14.5,10.0,10.5,10
14.0,14.5,10.5,11.0,11
14.0,14.5,11.0,11.5,20
14.0,14.5,11.5,12.0,21
14.0,14.5,12.0,12.5,58
14.0,14.5,12.5,13.0,63
14.0,14.5,13.0,13.5,114
14.0,14.5,13.5,14.0,143
14.0,14.5,14.0,14.5,128
14.0,14.5,14.5,15.0,119
14.0,14.5,15.0,15.5,128
14.0,14.5,15.5,16.0,75
14.0,14.5,16.0,16.5,80
14.0,14.5,16.5,17.0,73
14.0,14.5,17.0,17.5,72
14.0,14.5,17.5,18.0,53
14.0,14.5,18.0,18.5,59
14.0,14.5,18.5,19.0,29
14.0,14.5,19.0,19.5,56
14.0,14.5,19.5,20.0,29
14.0,14.5,20.0,20.5,43
14.0,14.5,20.5,21.0,31
14.0,14.5,21.0,21.5,25
14.0,14.5,21.5,22.0,17
14.0,14.5,22.0,22.5,23
14.0,14.5,22.5,23.0,7
14.0,14.5,23.0,23.5,8
14.0,14.5,23.5,24.0,12
14.0,14.5,24.0,24.5,14
14.0,14.5,25.0,25.5,1
14.0,14.5,25.5,26.0,4
14.0,14.5,26.0,26.5,3
14.0,14.5,26.5,27.0,4
14.0,14.5,27.0,27.5,6
14.0,14.5,28.0,28.5,5
14.0,14.5,28.5,29.0,3
14.0,14.5,29.0,29.5,1
14.0,14.5,29.5,30.0,2
14.0,14.5,30.0,30.5,1
14.0,14.5,32.0,32.5,2
14.0,14.5,33.5,34.0,1
14.0,14.5,34.0,34.5,1
14.5,15.0,8.5,9.0,1
14.5,15.0,9.5,10.0,3
14.5,15.0,10.0,10.5,3
14.5,15.0,10.5,11.0,8
14.5,15.0,11.0,11.5,13
14.5,15.0,11.5,12.0,10
14.5,15.0,12.0,12.5,31
14.5,15.0,12.5,13.0,60
14.5,15.0,13.0,13.5,72
14.5,15.0,13.5,14.0,93
14.5,15.0,14.0,14.5,108
14.5,15.0,14.5,15.0,113
14.5,15.0,15.0,15.5,117
14.5,15.0,15.5,16.0,79
14.5,15.0,16.0,16.5,109
14.5,15.0,16.5,17.0,72
14.5,15.0,17.0,17.5,69
14.5,15.0,17.5,18.0,47
14.5,15.0,18.0,18.5,53
14.5,15.0,18.5,19.0,34
14.5,15.0,19.0,19.5,26
14.5,15.0,19.5,20.0,17
14.5,15.0,20.0,20.5,26
14.5,15.0,20.5,21.0,21
14.5,15.0,21.0,21.5,15
14.5,15.0,21.5,22.0,12
14.5,15.0,22.0,22.5,16
14.5,15.0,22.5,23.0,9
14.5,15.0,23.0,23.5,7
14.5,15.0,23.5,24.0,16
14.5,15.0,24.0,24.5,17
14.5,15.0,24.5,25.0,1
14.5,15.0,25.0,25.5,2
14.5,15.0,25.5,26.0,1
14.5,15.0,26.0,26.5,3
14.5,15.0,26.5,27.0,3
14.5,15.0,27.0,27.5,4
14.5,15.0,27.5,28.0,2
14.5,15.0,28.0,28.5,1
14.5,15.0,28.5,29.0,1
14.5,15.0,29.0,29.5,1
14.5,15.0,29.5,30.0,1
14.5,15.0,30.5,31.0,1
14.5,15.0,31.0,31.5,2
14.5,15.0,32.0,32.5,1
14.5,15.0,33.5,34.0,2
14.5,15.0,35.5,36.0,1
15.0,15.5,6.0,6.5,1
15.0,15.5,7.0,7.5,1
15.0,15.5,9.0,9.5,3
15.0,15.5,9.5,10.0,3
15.0,15.5,10.0,10.5,1
15.0,15.5,10.5,11.0,4
15.0,15.5,11.0,11.5,10
15.0,15.5,11.5,12.0,4
15.0,15.5,12.0,12.5,28
15.0,15.5,12.5,13.0,27
15.0,15.5,13.0,13.5,44
15.0,15.5,13.5,14.0,58
15.0,15.5,14.0,14.5,109
15.0,15.5,14.5,15.0,115
15.0,15.5,15.0,15.5,126
15.0,15.5,15.5,16.0,94
15.0,15.5,16.0,16.5,109
15.0,15.5,16.5,17.0,60
15.0,15.5,17.0,17.5,77
15.0,15.5,17.5,18.0,65
15.0,15.5,18.0,18.5,56
15.0,15.5,18.5,19.0,40
15.0,15.5,19.0,19.5,32
15.0,15.5,19.5,20.0,32
15.0,15.5,20.0,20.5,24
15.0,15.5,20.5,21.0,24
15.0,15.5,21.0,21.5,15
15.0,15.5,21.5,22.0,15
15.0,15.5,22.0,22.5,14
15.0,15.5,22.5,23.0,10
15.0,15.5,23.0,23.5,14
15.0,15.5,23.5,24.0,7
15.0,15.5,24.0,24.5,20
15.0,15.5,24.5,25.0,2
15.0,15.5,25.0,25.5,4
15.0,15.5,25.5,26.0,4
15.0,15.5,26.0,26.5,1
15.0,15.5,27.0,27.5,3
15.0,15.5,27.5,28.0,1
15.0,15.5,28.0,28.5,2
15.0,15.5,28.5,29.0,3
15.0,15.5,30.0,30.5,2
15.0,15.5,30.5,31.0,2
15.0,15.5,32.0,32.5,1
15.0,15.5,32.5,33.0,1
15.0,15.5,33.5,34.0,1
15.0,15.5,35.5,36.0,2
15.0,15.5,36.0,36.5,1
15.0,15.5,39.5,40.0,1
15.5,16.0,8.0,8.5,1
15.5,16.0,9.5,10.0,1
15.5,16.0,11.0,11.5,1
15.5,16.0,11.5,12.0,4
15.5,16.0,12.0,12.5,8
15.5,16.0,12.5,13.0,14
15.5,16.0,13.0,13.5,28
15.5,16.0,13.5,14.0,44
15.5,16.0,14.0,14.5,52
15.5,16.0,14.5,15.0,70
15.5,16.0,15.0,15.5,79
15.5,16.0,15.5,16.0,78
15.5,16.0,16.0,16.5,101
15.5,16.0,16.5,17.0,73
15.5,16.0,17.0,17.5,60
15.5,16.0,17.5,18.0,49
15.5,16.0,18.0,18.5,55
15.5,16.0,18.5,19.0,39
15.5,16.0,19.0,19.5,29
15.5,16.0,19.5,20.0,19
15.5,16.0,20.0,20.5,23
15.5,16.0,20.5,21.0,17
15.5,16.0,21.0,21.5,14
15.5,16.0,21.5,22.0,9
15.5,16.0,22.0,22.5,13
15.5,16.0,22.5,23.0,6
15.5,16.0,23.0,23.5,4
15.5,16.0,23.5,24.0,8
15.5,16.0,24.0,24.5,1
15.5,16.0,24.5,25.0,2
15.5,16.0,25.0,25.5,7
15.5,16.0,25.5,26.0,1
15.5,16.0,26.0,26.5,9
15.5,16.0,26.5,27.0,4
15.5,16.0,27.0,27.5,4
15.5,16.0,27.5,28.0,1
15.5,16.0,28.0,28.5,1
15.5,16.0,28.5,29.0,2
15.5,16.0,29.5,30.0,1
15.5,16.0,30.0,30.5,2
15.5,16.0,30.5,31.0,1
15.5,16.0,34.5,35.0,1
15.5,16.0,38.0,38.5,1
16.0,16.5,6.5,7.0,1
16.0,16.5,9.5,10.0,4
16.0,16.5,10.0,10.5,2
16.0,16.5,11.0,11.5,2
16.0,16.5,11.5,12.0,5
16.0,16.5,12.0,12.5,19
16.0,16.5,12.5,13.0,21
16.0,16.5,13.0,13.5,24
16.0,16.5,13.5,14.0,36
16.0,16.5,14.0,14.5,48
16.0,16.5,14.5,15.0,68
16.0,16.5,15.0,15.5,96
16.0,16.5,15.5,16.0,90
16.0,16.5,16.0,16.5,137
16.0,16.5,16.5,17.0,88
16.0,16.5,17.0,17.5,104
16.0,16.5,17.5,18.0,79
16.0,16.5,18.0,18.5,68
16.0,16.5,18.5,19.0,48
16.0,16.5,19.0,19.5,42
16.0,16.5,19.5,20.0,34
16.0,16.5,20.0,20.5,32
16.0,16.5,20.5,21.0,33
16.0,16.5,21.0,21.5,30
16.0,16.5,21.5,22.0,21
16.0,16.5,22.0,22.5,25
16.0,16.5,22.5,23.0,10
16.0,16.5,23.0,23.5,8
16.0,16.5,23.5,24.0,16
16.0,16.5,24.0,24.5,22
16.0,16.5,24.5,25.0,2
16.0,16.5,25.0,25.5,3
16.0,16.5,25.5,26.0,7
16.0,16.5,26.0,26.5,4
16.0,16.5,26.5,27.0,8
16.0,16.5,27.0,27.5,3
16.0,16.5,27.5,28.0,4
16.0,16.5,28.0,28.5,4
16.0,16.5,28.5,29.0,8
16.0,16.5,29.0,29.5,1
16.0,16.5,29.5,30.0,1
16.0,16.5,30.0,30.5,2
16.0,16.5,30.5,31.0,3
16.0,16.5,31.0,31.5,2
16.0,16.5,31.5,32.0,2
16.0,16.5,32.0,32.5,3
16.0,16.5,33.5,34.0,2
16.0,16.5,34.0,34.5,1
16.0,16.5,35.5,36.0,2
16.0,16.5,37.0,37.5,1
16.0,16.5,39.5,40.0,1
16.5,17.0,10.0,10.5,4
16.5,17.0,10.5,11.0,5
16.5,17.0,11.0,11.5,1
16.5,17.0,11.5,12.0,3
16.5,17.0,12.0,12.5,2
16.5,17.0,12.5,13.0,4
16.5,17.0,13.0,13.5,6
16.5,17.0,13.5,14.0,11
16.5,17.0,14.0,14.5,29
16.5,17.0,14.5,15.0,44
16.5,17.0,15.0,15.5,62
16.5,17.0,15.5,16.0,58
16.5,17.0,16.0,16.5,83
16.5,17.0,16.5,17.0,72
16.5,17.0,17.0,17.5,70
16.5,17.0,17.5,18.0,64
16.5,17.0,18.0,18.5,46
16.5,17.0,18.5,19.0,56
16.5,17.0,19.0,19.5,48
16.5,17.0,19.5,20.0,36
16.5,17.0,20.0,20.5,35
16.5,17.0,20.5,21.0,16
16.5,17.0,21.0,21.5,17
16.5,17.0,21.5,22.0,16
16.5,17.0,22.0,22.5,16
16.5,17.0,22.5,23.0,4
16.5,17.0,23.0,23.5,9
16.5,17.0,23.5,24.0,13
16.5,17.0,24.0,24.5,14
16.5,17.0,24.5,25.0,2
16.5,17.0,25.0,25.5,4
16.5,17.0,25.5,26.0,4
16.5,17.0,26.0,26.5,5
16.5,17.0,26.5,27.0,3
16.5,17.0,27.0,27.5,4
16.5,17.0,27.5,28.0,1
16.5,17.0,28.0,28.5,6
16.5,17.0,28.5,29.0,3
16.5,17.0,29.0,29.5,1
16.5,17.0,29.5,30.0,1
16.5,17.0,30.5,31.0,1
17.0,17.5,8.5,9.0,1
17.0,17.5,9.0,9.5,1
17.0,17.5,9.5,10.0,3
17.0,17.5,10.0,10.5,2
17.0,17.5,10.5,11.0,1
17.0,17.5,11.0,11.5,1
17.0,17.5,11.5,12.0,2
17.0,17.5,12.0,12.5,4
17.0,17.5,12.5,13.0,6
17.0,17.5,13.0,13.5,7
17.0,17.5,13.5,14.0,10
17.0,17.5,14.0,14.5,21
17.0,17.5,14.5,15.0,31
17.0,17.5,15.0,15.5,39
17.0,17.5,15.5,16.0,31
17.0,17.5,16.0,16.5,70
17.0,17.5,16.5,17.0,66
17.0,17.5,17.0,17.5,80
17.0,17.5,17.5,18.0,63
17.0,17.5,18.0,18.5,62
17.0,17.5,18.5,19.0,61
17.0,17.5,19.0,19.5,31
17.0,17.5,19.5,20.0,36
17.0,17.5,20.0,20.5,30
17.0,17.5,20.5,21.0,20
17.0,17.5,21.0,21.5,22
17.0,17.5,21.5,22.0,11
17.0,17.5,22.0,22.5,19
17.0,17.5,22.5,23.0,8
17.0,17.5,23.0,23.5,7
17.0,17.5,23.5,24.0,6
17.0,17.5,24.0,24.5,31
17.0,17.5,24.5,25.0,5
17.0,17.5,25.0,25.5,3
17.0,17.5,25.5,26.0,2
17.0,17.5,26.0,26.5,4
17.0,17.5,26.5,27.0,1
17.0,17.5,27.0,27.5,5
17.0,17.5,27.5,28.0,1
17.0,17.5,28.0,28.5,1
17.0,17.5,28.5,29.0,1
17.0,17.5,29.0,29.5,2
17.0,17.5,30.0,30.5,3
17.0,17.5,31.0,31.5,1
17.0,17.5,32.0,32.5,1
17.0,17.5,38.0,38.5,1
17.5,18.0,11.5,12.0,2
17.5,18.0,12.0,12.5,2
17.5,18.0,12.5,13.0,4
17.5,18.0,13.0,13.5,3
17.5,18.0,13.5,14.0,5
17.5,18.0,14.0,14.5,6
17.5,18.0,14.5,15.0,16
17.5,18.0,15.0,15.5,26
17.5,18.0,15.5,16.0,24
17.5,18.0,16.0,16.5,45
17.5,18.0,16.5,17.0,55
17.5,18.0,17.0,17.5,64
17.5,18.0,17.5,18.0,53
17.5,18.0,18.0,18.5,55
17.5,18.0,18.5,19.0,36
17.5,18.0,19.0,19.5,29
17.5,18.0,19.5,20.0,25
17.5,18.0,20.0,20.5,35
17.5,18.0,20.5,21.0,24
17.5,18.0,21.0,21.5,18
17.5,18.0,21.5,22.0,19
17.5,18.0,22.0,22.5,10
17.5,18.0,22.5,23.0,12
17.5,18.0,23.0,23.5,3
17.5,18.0,23.5,24.0,6
17.5,18.0,24.0,24.5,10
17.5,18.0,24.5,25.0,3
17.5,18.0,25.0,25.5,6
17.5,18.0,25.5,26.0,2
17.5,18.0,26.0,26.5,3
17.5,18.0,26.5,27.0,5
17.5,18.0,27.0,27.5,7
17.5,18.0,28.0,28.5,1
17.5,18.0,28.5,29.0,2
17.5,18.0,29.5,30.0,1
17.5,18.0,30.0,30.5,1
17.5,18.0,30.5,31.0,1
17.5,18.0,31.5,32.0,1
17.5,18.0,32.0,32.5,1
17.5,18.0,34.0,34.5,1
17.5,18.0,34.5,35.0,1
18.0,18.5,9.0,9.5,1
18.0,18.5,9.5,10.0,1
18.0,18.5,10.0,10.5,2
18.0,18.5,10.5,11.0,1
18.0,18.5,11.0,11.5,1
18.0,18.5,11.5,12.0,2
18.0,18.5,12.0,12.5,4
18.0,18.5,12.5,13.0,1
18.0,18.5,13.0,13.5,5
18.0,18.5,13.5,14.0,6
18.0,18.5,14.0,14.5,10
18.0,18.5,14.5,15.0,5
18.0,18.5,15.0,15.5,18
18.0,18.5,15.5,16.0,14
18.0,18.5,16.0,16.5,42
18.0,18.5,16.5,17.0,55
18.0,18.5,17.0,17.5,60
18.0,18.5,17.5,18.0,53
18.0,18.5,18.0,18.5,53
18.0,18.5,18.5,19.0,71
18.0,18.5,19.0,19.5,57
18.0,18.5,19.5,20.0,29
18.0,18.5,20.0,20.5,35
18.0,18.5,20.5,21.0,36
18.0,18.5,21.0,21.5,35
18.0,18.5,21.5,22.0,26
18.0,18.5,22.0,22.5,31
18.0,18.5,22.5,23.0,10
18.0,18.5,23.0,23.5,10
18.0,18.5,23.5,24.0,13
18.0,18.5,24.0,24.5,16
18.0,18.5,24.5,25.0,7
18.0,18.5,25.0,25.5,3
18.0,18.5,25.5,26.0,4
18.0,18.5,26.0,26.5,6
18.0,18.5,26.5,27.0,1
18.0,18.5,27.0,27.5,2
18.0,18.5,28.0,28.5,2
18.0,18.5,28.5,29.0,1
18.0,18.5,29.0,29.5,1
18.0,18.5,29.5,30.0,1
18.0,18.5,30.0,30.5,1
18.0,18.5,30.5,31.0,3
18.0,18.5,31.0,31.5,1
18.0,18.5,31.5,32.0,1
18.0,18.5,33.0,33.5,1
18.0,18.5,34.0,34.5,1
18.0,18.5,36.0,36.5,1
18.5,19.0,7.0,7.5,1
18.5,19.0,10.5,11.0,1
18.5,19.0,11.5,12.0,3
18.5,19.0,12.0,12.5,1
18.5,19.0,12.5,13.0,2
18.5,19.0,13.5,14.0,2
18.5,19.0,14.0,14.5,5
18.5,19.0,14.5,15.0,5
18.5,19.0,15.0,15.5,9
18.5,19.0,15.5,16.0,7
18.5,19.0,16.0,16.5,25
18.5,19.0,16.5,17.0,34
18.5,19.0,17.0,17.5,38
18.5,19.0,17.5,18.0,42
18.5,19.0,18.0,18.5,43
18.5,19.0,18.5,19.0,46
18.5,19.0,19.0,19.5,46
18.5,19.0,19.5,20.0,33
18.5,19.0,20.0,20.5,39
18.5,19.0,20.5,21.0,24
18.5,19.0,21.0,21.5,29
18.5,19.0,21.5,22.0,16
18.5,19.0,22.0,22.5,15
18.5,19.0,22.5,23.0,4
18.5,19.0,23.0,23.5,9
18.5,19.0,23.5,24.0,3
18.5,19.0,24.0,24.5,14
18.5,19.0,24.5,25.0,6
18.5,19.0,25.0,25.5,1
18.5,19.0,25.5,26.0,9
18.5,19.0,26.0,26.5,2
18.5,19.0,26.5,27.0,2
18.5,19.0,27.0,27.5,2
18.5,19.0,28.0,28.5,3
18.5,19.0,28.5,29.0,2
18.5,19.0,29.5,30.0,3
18.5,19.0,30.5,31.0,2
18.5,19.0,33.0,33.5,1
18.5,19.0,34.5,35.0,1
18.5,19.0,36.0,36.5,1
19.0,19.5,12.0,12.5,2
19.0,19.5,13.0,13.5,3
19.0,19.5,13.5,14.0,1
19.0,19.5,14.5,15.0,3
19.0,19.5,15.0,15.5,8
19.0,19.5,15.5,16.0,4
19.0,19.5,16.0,16.5,14
19.0,19.5,16.5,17.0,19
19.0,19.5,17.0,17.5,24
19.0,19.5,17.5,18.0,31
19.0,19.5,18.0,18.5,43
19.0,19.5,18.5,19.0,41
19.0,19.5,19.0,19.5,33
19.0,19.5,19.5,20.0,26
19.0,19.5,20.0,20.5,34
19.0,19.5,20.5,21.0,19
19.0,19.5,21.0,21.5,14
19.0,19.5,21.5,22.0,21
19.0,19.5,22.0,22.5,18
19.0,19.5,22.5,23.0,9
19.0,19.5,23.0,23.5,7
19.0,19.5,23.5,24.0,2
19.0,19.5,24.0,24.5,14
19.0,19.5,24.5,25.0,1
19.0,19.5,25.0,25.5,3
19.0,19.5,25.5,26.0,7
19.0,19.5,26.0,26.5,4
19.0,19.5,26.5,27.0,2
19.0,19.5,27.0,27.5,2
19.0,19.5,27.5,28.0,1
19.0,19.5,28.0,28.5,2
19.0,19.5,28.5,29.0,2
19.0,19.5,29.5,30.0,1
19.0,19.5,30.0,30.5,1
19.0,19.5,32.5,33.0,1
19.0,19.5,33.5,34.0,1
19.0,19.5,37.0,37.5,1
19.5,20.0,11.0,11.5,1
19.5,20.0,12.5,13.0,1
19.5,20.0,13.5,14.0,1
19.5,20.0,14.0,14.5,3
19.5,20.0,14.5,15.0,3
19.5,20.0,15.0,15.5,6
19.5,20.0,15.5,16.0,5
19.5,20.0,16.0,16.5,8
19.5,20.0,16.5,17.0,6
19.5,20.0,17.0,17.5,13
19.5,20.0,17.5,18.0,18
19.5,20.0,18.0,18.5,18
19.5,20.0,18.5,19.0,20
19.5,20.0,19.0,19.5,28
19.5,20.0,19.5,20.0,25
19.5,20.0,20.0,20.5,28
19.5,20.0,20.5,21.0,27
19.5,20.0,21.0,21.5,27
19.5,20.0,21.5,22.0,12
19.5,20.0,22.0,22.5,18
19.5,20.0,22.5,23.0,12
19.5,20.0,23.0,23.5,6
19.5,20.0,23.5,24.0,3
19.5,20.0,24.0,24.5,11
19.5,20.0,24.5,25.0,6
19.5,20.0,25.0,25.5,4
19.5,20.0,25.5,26.0,4
19.5,20.0,26.0,26.5,4
19.5,20.0,26.5,27.0,2
19.5,20.0,27.0,27.5,3
19.5,20.0,28.0,28.5,3
19.5,20.0,28.5,29.0,2
19.5,20.0,29.0,29.5,1
19.5,20.0,29.5,30.0,1
19.5,20.0,30.5,31.0,1
19.5,20.0,31.0,31.5,1
19.5,20.0,32.0,32.5,1
19.5,20.0,33.5,34.0,1
19.5,20.0,38.0,38.5,1
19.5,20.0,39.5,40.0,1
20.0,20.5,10.5,11.0,2
20.0,20.5,14.5,15.0,1
20.0,20.5,15.0,15.5,2
20.0,20.5,15.5,16.0,1
20.0,20.5,16.0,16.5,8
20.0,20.5,16.5,17.0,6
20.0,20.5,17.0,17.5,12
20.0,20.5,17.5,18.0,10
20.0,20.5,18.0,18.5,21
20.0,20.5,18.5,19.0,22
20.0,20.5,19.0,19.5,29
20.0,20.5,19.5,20.0,30
20.0,20.5,20.0,20.5,27
20.0,20.5,20.5,21.0,33
20.0,20.5,21.0,21.5,29
20.0,20.5,21.5,22.0,17
20.0,20.5,22.0,22.5,17
20.0,20.5,22.5,23.0,11
20.0,20.5,23.0,23.5,9
20.0,20.5,23.5,24.0,7
20.0,20.5,24.0,24.5,11
20.0,20.5,24.5,25.0,6
20.0,20.5,25.0,25.5,4
20.0,20.5,25.5,26.0,3
20.0,20.5,26.0,26.5,2
20.0,20.5,26.5,27.0,2
20.0,20.5,27.0,27.5,4
20.0,20.5,27.5,28.0,3
20.0,20.5,28.0,28.5,2
20.0,20.5,28.5,29.0,1
20.0,20.5,29.5,30.0,2
20.0,20.5,30.0,30.5,2
20.0,20.5,31.0,31.5,2
20.0,20.5,36.0,36.5,1
20.0,20.5,38.0,38.5,1
20.5,21.0,4.0,4.5,1
20.5,21.0,6.5,7.0,1
20.5,21.0,14.0,14.5,2
20.5,21.0,15.0,15.5,2
20.5,21.0,15.5,16.0,2
20.5,21.0,16.0,16.5,1
20.5,21.0,16.5,17.0,5
20.5,21.0,17.0,17.5,6
20.5,21.0,17.5,18.0,4
20.5,21.0,18.0,18.5,11
20.5,21.0,18.5,19.0,19
20.5,21.0,19.0,19.5,32
20.5,21.0,19.5,20.0,14
20.5,21.0,20.0,20.5,30
20.5,21.0,20.5,21.0,13
20.5,21.0,21.0,21.5,24
20.5,21.0,21.5,22.0,24
20.5,21.0,22.0,22.5,19
20.5,21.0,22.5,23.0,16
20.5,21.0,23.0,23.5,5
20.5,21.0,23.5,24.0,9
20.5,21.0,24.0,24.5,15
20.5,21.0,24.5,25.0,5
20.5,21.0,25.0,25.5,4
20.5,21.0,25.5,26.0,4
20.5,21.0,26.0,26.5,7
20.5,21.0,26.5,27.0,4
20.5,21.0,27.0,27.5,3
20.5,21.0,27.5,28.0,2
20.5,21.0,28.0,28.5,2
20.5,21.0,28.5,29.0,2
20.5,21.0,29.0,29.5,2
20.5,21.0,29.5,30.0,1
20.5,21.0,30.0,30.5,1
20.5,21.0,30.5,31.0,2
20.5,21.0,31.0,31.5,1
20.5,21.0,31.5,32.0,2
20.5,21.0,33.0,33.5,1
20.5,21.0,36.0,36.5,2
20.5,21.0,37.5,38.0,1
21.0,21.5,11.0,11.5,1
21.0,21.5,14.0,14.5,1
21.0,21.5,16.0,16.5,3
21.0,21.5,16.5,17.0,3
21.0,21.5,17.0,17.5,3
21.0,21.5,17.5,18.0,5
21.0,21.5,18.0,18.5,10
21.0,21.5,18.5,19.0,8
21.0,21.5,19.0,19.5,12
21.0,21.5,19.5,20.0,16
21.0,21.5,20.0,20.5,28
21.0,21.5,20.5,21.0,23
21.0,21.5,21.0,21.5,11
21.0,21.5,21.5,22.0,14
21.0,21.5,22.0,22.5,21
21.0,21.5,22.5,23.0,18
21.0,21.5,23.0,23.5,23
21.0,21.5,23.5,24.0,5
21.0,21.5,24.0,24.5,12
21.0,21.5,24.5,25.0,3
21.0,21.5,25.0,25.5,5
21.0,21.5,25.5,26.0,2
21.0,21.5,26.0,26.5,3
21.0,21.5,26.5,27.0,2
21.0,21.5,27.0,27.5,3
21.0,21.5,27.5,28.0,4
21.0,21.5,28.0,28.5,4
21.0,21.5,29.0,29.5,2
21.0,21.5,33.5,34.0,1
21.5,22.0,14.5,15.0,1
21.5,22.0,15.0,15.5,2
21.5,22.0,15.5,16.0,2
21.5,22.0,16.5,17.0,1
21.5,22.0,17.0,17.5,1
21.5,22.0,17.5,18.0,2
21.5,22.0,18.0,18.5,6
21.5,22.0,18.5,19.0,10
21.5,22.0,19.0,19.5,7
21.5,22.0,19.5,20.0,9
21.5,22.0,20.0,20.5,11
21.5,22.0,20.5,21.0,12
21.5,22.0,21.0,21.5,15
21.5,22.0,21.5,22.0,8
21.5,22.0,22.0,22.5,11
21.5,22.0,22.5,23.0,15
21.5,22.0,23.0,23.5,9
21.5,22.0,23.5,24.0,5
21.5,22.0,24.0,24.5,8
21.5,22.0,24.5,25.0,3
21.5,22.0,25.0,25.5,3
21.5,22.0,25.5,26.0,5
21.5,22.0,26.0,26.5,4
21.5,22.0,26.5,27.0,3
21.5,22.0,27.0,27.5,2
21.5,22.0,27.5,28.0,1
21.5,22.0,28.0,28.5,1
21.5,22.0,28.5,29.0,1
21.5,22.0,29.5,30.0,3
21.5,22.0,30.0,30.5,1
21.5,22.0,30.5,31.0,1
21.5,22.0,31.5,32.0,1
21.5,22.0,32.0,32.5,1
22.0,22.5,8.5,9.0,1
22.0,22.5,12.0,12.5,1
22.0,22.5,14.0,14.5,1
22.0,22.5,14.5,15.0,1
22.0,22.5,15.0,15.5,1
22.0,22.5,16.0,16.5,2
22.0,22.5,17.0,17.5,3
22.0,22.5,17.5,18.0,1
22.0,22.5,18.0,18.5,5
22.0,22.5,18.5,19.0,12
22.0,22.5,19.0,19.5,2
22.0,22.5,19.5,20.0,8
22.0,22.5,20.0,20.5,6
22.0,22.5,20.5,21.0,11
22.0,22.5,21.0,21.5,12
22.0,22.5,21.5,22.0,10
22.0,22.5,22.0,22.5,6
22.0,22.5,22.5,23.0,19
22.0,22.5,23.0,23.5,3
22.0,22.5,23.5,24.0,3
22.0,22.5,24.0,24.5,16
22.0,22.5,24.5,25.0,10
22.0,22.5,25.0,25.5,3
22.0,22.5,25.5,26.0,2
22.0,22.5,26.0,26.5,5
22.0,22.5,26.5,27.0,5
22.0,22.5,27.5,28.0,1
22.0,22.5,28.0,28.5,3
22.0,22.5,28.5,29.0,1
22.0,22.5,29.5,30.0,2
22.0,22.5,31.0,31.5,1
22.0,22.5,32.0,32.5,1
22.0,22.5,34.0,34.5,1
22.0,22.5,34.5,35.0,1
22.0,22.5,35.0,35.5,1
22.0,22.5,37.5,38.0,1
22.0,22.5,38.0,38.5,1
22.0,22.5,38.5,39.0,1
22.5,23.0,16.0,16.5,2
22.5,23.0,17.0,17.5,2
22.5,23.0,17.5,18.0,1
22.5,23.0,18.0,18.5,1
22.5,23.0,18.5,19.0,4
22.5,23.0,19.0,19.5,3
22.5,23.0,19.5,20.0,3
22.5,23.0,20.0,20.5,7
22.5,23.0,20.5,21.0,8
22.5,23.0,21.0,21.5,15
22.5,23.0,21.5,22.0,11
22.5,23.0,22.0,22.5,9
22.5,23.0,22.5,23.0,9
22.5,23.0,23.0,23.5,5
22.5,23.0,23.5,24.0,1
22.5,23.0,24.0,24.5,8
22.5,23.0,24.5,25.0,3
22.5,23.0,25.0,25.5,2
22.5,23.0,25.5,26.0,3
22.5,23.0,26.0,26.5,2
22.5,23.0,26.5,27.0,2
22.5,23.0,27.0,27.5,2
22.5,23.0,27.5,28.0,1
22.5,23.0,28.0,28.5,2
22.5,23.0,28.5,29.0,2
22.5,23.0,29.5,30.0,1
22.5,23.0,31.0,31.5,1
22.5,23.0,33.0,33.5,1
22.5,23.0,34.0,34.5,1
23.0,23.5,16.5,17.0,1
23.0,23.5,17.0,17.5,1
23.0,23.5,18.0,18.5,1
23.0,23.5,19.0,19.5,3
23.0,23.5,19.5,20.0,3
23.0,23.5,20.0,20.5,4
23.0,23.5,20.5,21.0,5
23.0,23.5,21.0,21.5,8
23.0,23.5,21.5,22.0,10
23.0,23.5,22.0,22.5,8
23.0,23.5,22.5,23.0,9
23.0,23.5,23.0,23.5,8
23.0,23.5,23.5,24.0,4
23.0,23.5,24.0,24.5,13
23.0,23.5,24.5,25.0,4
23.0,23.5,25.0,25.5,7
23.0,23.5,25.5,26.0,2
23.0,23.5,26.0,26.5,2
23.0,23.5,26.5,27.0,1
23.0,23.5,27.0,27.5,2
23.0,23.5,28.0,28.5,2
23.0,23.5,28.5,29.0,1
23.0,23.5,29.0,29.5,1
23.5,24.0,20.0,20.5,1
23.5,24.0,20.5,21.0,1
23.5,24.0,21.0,21.5,4
23.5,24.0,21.5,22.0,1
23.5,24.0,22.0,22.5,3
23.5,24.0,22.5,23.0,1
23.5,24.0,23.0,23.5,5
23.5,24.0,23.5,24.0,4
23.5,24.0,24.0,24.5,5
23.5,24.0,27.5,28.0,1
23.5,24.0,28.0,28.5,1
23.5,24.0,36.0,36.5,1
24.0,24.5,12.5,13.0,1
24.0,24.5,13.5,14.0,1
24.0,24.5,14.5,15.0,1
24.0,24.5,15.5,16.0,1
24.0,24.5,17.0,17.5,3
24.0,24.5,18.5,19.0,1
24.0,24.5,19.0,19.5,3
24.0,24.5,19.5,20.0,3
24.0,24.5,20.0,20.5,8
24.0,24.5,20.5,21.0,7
24.0,24.5,21.0,21.5,5
24.0,24.5,21.5,22.0,5
24.0,24.5,22.0,22.5,3
24.0,24.5,22.5,23.0,6
24.0,24.5,23.0,23.5,9
24.0,24.5,23.5,24.0,4
24.0,24.5,24.0,24.5,20
24.0,24.5,24.5,25.0,6
24.0,24.5,25.0,25.5,7
24.0,24.5,25.5,26.0,8
24.0,24.5,26.0,26.5,4
24.0,24.5,26.5,27.0,2
24.0,24.5,27.0,27.5,2
24.0,24.5,28.0,28.5,2
24.0,24.5,28.5,29.0,3
24.0,24.5,29.0,29.5,3
24.0,24.5,29.5,30.0,1
24.0,24.5,32.0,32.5,1
24.0,24.5,33.5,34.0,1
24.0,24.5,34.0,34.5,1
24.0,24.5,36.0,36.5,1
24.5,25.0,18.0,18.5,1
24.5,25.0,19.5,20.0,1
24.5,25.0,20.0,20.5,1
24.5,25.0,21.0,21.5,3
24.5,25.0,21.5,22.0,3
24.5,25.0,22.0,22.5,4
24.5,25.0,22.5,23.0,2
24.5,25.0,23.0,23.5,4
24.5,25.0,23.5,24.0,2
24.5,25.0,24.0,24.5,2
24.5,25.0,24.5,25.0,2
24.5,25.0,25.0,25.5,1
24.5,25.0,25.5,26.0,1
24.5,25.0,26.0,26.5,2
24.5,25.0,26.5,27.0,1
24.5,25.0,27.0,27.5,2
24.5,25.0,27.5,28.0,1
24.5,25.0,28.0,28.5,1
25.0,25.5,17.5,18.0,2
25.0,25.5,18.0,18.5,1
25.0,25.5,19.5,20.0,1
25.0,25.5,20.0,20.5,2
25.0,25.5,21.0,21.5,1
25.0,25.5,22.0,22.5,3
25.0,25.5,22.5,23.0,6
25.0,25.5,23.0,23.5,5
25.0,25.5,23.5,24.0,3
25.0,25.5,24.0,24.5,7
25.0,25.5,24.5,25.0,5
25.0,25.5,25.0,25.5,5
25.0,25.5,25.5,26.0,2
25.0,25.5,26.0,26.5,1
25.0,25.5,26.5,27.0,4
25.0,25.5,27.0,27.5,4
25.0,25.5,27.5,28.0,2
25.0,25.5,28.0,28.5,1
25.0,25.5,28.5,29.0,1
25.0,25.5,29.5,30.0,1
25.0,25.5,30.0,30.5,2
25.0,25.5,30.5,31.0,2
25.0,25.5,31.0,31.5,1
25.0,25.5,32.5,33.0,1
25.0,25.5,34.0,34.5,1
25.5,26.0,16.5,17.0,2
25.5,26.0,17.0,17.5,1
25.5,26.0,18.5,19.0,1
25.5,26.0,20.0,20.5,1
25.5,26.0,20.5,21.0,1
25.5,26.0,22.0,22.5,4
25.5,26.0,22.5,23.0,2
25.5,26.0,23.0,23.5,2
25.5,26.0,23.5,24.0,2
25.5,26.0,24.0,24.5,3
25.5,26.0,24.5,25.0,3
25.5,26.0,25.0,25.5,4
25.5,26.0,26.5,27.0,2
25.5,26.0,27.5,28.0,2
25.5,26.0,28.0,28.5,4
25.5,26.0,28.5,29.0,1
25.5,26.0,29.5,30.0,1
25.5,26.0,30.0,30.5,1
25.5,26.0,31.0,31.5,1
25.5,26.0,32.0,32.5,1
25.5,26.0,32.5,33.0,1
26.0,26.5,16.0,16.5,1
26.0,26.5,20.0,20.5,1
26.0,26.5,21.5,22.0,2
26.0,26.5,24.0,24.5,4
26.0,26.5,25.0,25.5,4
26.0,26.5,25.5,26.0,6
26.0,26.5,26.5,27.0,4
26.0,26.5,27.5,28.0,1
26.0,26.5,28.0,28.5,1
26.0,26.5,29.0,29.5,1
26.0,26.5,29.5,30.0,2
26.0,26.5,30.5,31.0,1
26.0,26.5,32.0,32.5,1
26.0,26.5,36.0,36.5,1
26.0,26.5,39.5,40.0,1
26.5,27.0,21.0,21.5,1
26.5,27.0,21.5,22.0,2
26.5,27.0,23.0,23.5,3
26.5,27.0,24.0,24.5,5
26.5,27.0,24.5,25.0,1
26.5,27.0,25.5,26.0,2
26.5,27.0,26.0,26.5,4
26.5,27.0,26.5,27.0,1
26.5,27.0,27.0,27.5,1
26.5,27.0,28.5,29.0,1
26.5,27.0,29.5,30.0,1
26.5,27.0,30.5,31.0,2
26.5,27.0,31.0,31.5,1
26.5,27.0,34.0,34.5,1
26.5,27.0,39.5,40.0,1
27.0,27.5,18.0,18.5,1
27.0,27.5,20.0,20.5,2
27.0,27.5,21.0,21.5,1
27.0,27.5,21.5,22.0,1
27.0,27.5,23.5,24.0,1
27.0,27.5,24.5,25.0,2
27.0,27.5,25.5,26.0,2
27.0,27.5,26.0,26.5,3
27.0,27.5,27.0,27.5,1
27.0,27.5,27.5,28.0,2
27.0,27.5,29.0,29.5,1
27.0,27.5,30.0,30.5,3
27.0,27.5,31.0,31.5,1
27.0,27.5,31.5,32.0,1
27.0,27.5,36.0,36.5,1
27.5,28.0,24.0,24.5,1
27.5,28.0,24.5,25.0,1
27.5,28.0,25.5,26.0,1
27.5,28.0,27.0,27.5,1
27.5,28.0,28.0,28.5,1
27.5,28.0,28.5,29.0,1
27.5,28.0,30.0,30.5,1
27.5,28.0,31.5,32.0,1
27.5,28.0,32.0,32.5,1
28.0,28.5,23.0,23.5,1
28.0,28.5,23.5,24.0,1
28.0,28.5,26.0,26.5,1
28.0,28.5,27.0,27.5,1
28.0,28.5,27.5,28.0,1
28.5,29.0,22.0,22.5,1
28.5,29.0,24.0,24.5,2
28.5,29.0,24.5,25.0,1
28.5,29.0,25.0,25.5,1
28.5,29.0,25.5,26.0,1
28.5,29.0,28.0,28.5,1
28.5,29.0,29.0,29.5,1
28.5,29.0,30.5,31.0,1
28.5,29.0,33.0,33.5,1
29.5,30.0,18.0,18.5,1
29.5,30.0,23.5,24.0,1
29.5,30.0,27.0,27.5,1
29.5,30.0,27.5,28.0,2
29.5,30.0,28.0,28.5,1
29.5,30.0,28.5,29.0,1
29.5,30.0,30.5,31.0,1
30.0,30.5,10.5,11.0,1
30.0,30.5,23.0,23.5,1
30.0,30.5,30.5,31.0,1
30.0,30.5,32.0,32.5,1
30.5,31.0,25.0,25.5,1
30.5,31.0,26.5,27.0,1
30.5,31.0,35.0,35.5,1
31.0,31.5,26.0,26.5,1
31.0,31.5,29.5,30.0,1
31.0,31.5,30.0,30.5,1
31.0,31.5,32.0,32.5,1
31.5,32.0,29.5,30.0,1
32.0,32.5,31.5,32.0,2
32.0,32.5,37.0,37.5,1
33.0,33.5,25.5,26.0,1
33.0,33.5,31.0,31.5,1
33.0,33.5,34.5,35.0,1
33.5,34.0,30.5,31.0,1
33.5,34.0,35.0,35.5,1
34.0,34.5,24.0,24.5,1
34.0,34.5,37.5,38.0,1
34.5,35.0,34.5,35.0,1
36.0,36.5,36.0,36.5,1
36.5,37.0,34.5,35.0,1
37.5,38.0,30.0,30.5,1
38.0,38.5,36.0,36.5,1
