level1,level2,level3,level4,level5,level6
0.18055,-2.6012,-1.3786,-1.8783,1.1266,0.86943
0.30382,-0.20607,-2.4743,-0.10478,-0.7086,1.4868
-3.1577,-1.2058,-2.4223,-0.48497,4.286,0.86867
-0.32819,-1.1172,-1.7072,-2.0056,1.865,0.41303
-2.5713,-0.10201,-1.697,-0.34477,-1.3554,2.966
-1.9817,0.33841,0.15081,-0.76408,1.4663,-1.3925
-0.66694,-1.2952,-0.83347,-1.3988,0.019599,0.73514
-1.7306,-0.17424,-1.2055,1.227,-1.9753,2.9228
-1.1045,-0.10003,-2.5937,-0.48473,-0.95712,-0.30331
-0.6728,-1.2184,-0.32654,1.1269,-0.99161,0.8589
-1.9927,-1.756,-2.4238,-1.03,-1.1289,-0.83057
-1.0276,-0.09032,-0.15744,1.0826,-1.3463,1.7446
-1.6612,-2.3245,-1.1592,1.3882,1.8008,-0.29388
0.079235,0.7661,-1.8368,-1.6246,2.4279,0.0976
-1.2621,1.0449,-1.826,-3.0134,-3.1454,2.3507
-0.93964,-1.1396,-1.309,0.18575,0.025376,1.3022
-1.2158,-1.9883,-1.5076,-1.2753,1.9056,-1.3696
-0.49566,1.2539,-1.9434,1.4296,1.3327,-2.4611
-3.7599,-3.0227,-3.6444,-1.5527,0.26405,0.63095
-0.72773,0.16471,-2.5049,2.977,-0.71221,-0.45342
-0.55132,-2.2793,0.42828,-0.51603,-0.66778,-1.0099
-0.3386,-1.416,0.46383,-2.1883,1.397,0.60484
0.98636,-3.2225,-0.53394,-1.1525,-0.33667,-1.5222
-1.3445,-0.80403,-1.5274,-2.2085,0.6601,1.9923
-0.56209,-0.16707,-1.2941,-0.27259,1.9638,1.5109
-3.1339,-1.6299,-1.0005,1.7131,-0.24063,2.029
-0.46009,2.6312,-0.63646,-0.115,-3.3192,1.8043
-1.9949,-2.7359,-1.4548,-0.51178,0.99081,1.2097
-1.9711,-1.26,0.44154,-0.30317,1.0849,0.95444
-0.84276,0.55101,-2.9037,-1.2392,1.7877,-0.89439
-0.54277,-0.35455,0.43684,-0.1533,0.85634,1.8519
-0.63916,-1.2102,0.65513,-0.97828,0.71711,0.77511
1.5845,-1.7585,-0.71002,-1.3033,-0.20582,2.9026
-1.6884,-2.5316,-3.9235,-0.27303,-1.785,0.73924
0.077599,1.4377,-2.0712,-1.7759,0.55635,1.8848
-1.0405,-2.2155,-0.99104,-1.9792,-0.15335,0.94705
-2.2939,-1.5816,-0.47666,-0.83836,1.0014,1.5082
-1.0083,0.028377,0.019007,-0.47988,0.9141,0.045473
-0.50831,-1.6349,-2.9967,0.61937,0.97033,2.775
-1.2924,1.6907,1.6113,-0.20213,0.85876,0.40863
1.1327,-1.0223,-0.27068,1.046,-0.073679,0.29422
-1.2839,-0.50788,-1.6567,-0.43862,-2.2439,0.090634
-0.014062,-0.48734,-1.355,0.047601,1.6554,-0.12002
-0.60295,-4.243,-1.6793,-3.407,0.45718,1.0076
-0.64833,-0.25138,-1.517,-0.047401,2.7877,0.49
-3.373,-0.80553,-1.7887,1.0039,-0.12897,1.6889
-2.0043,-1.1265,-0.30548,-1.5441,-1.4432,2.3205
0.055205,-2.8182,-0.84017,-1.7958,1.7399,2.39
-3.1814,-2.466,-1.3492,-1.06,0.72044,0.90753
-0.40079,-1.6289,0.80737,-1.1776,0.26566,1.7273
0.62198,-0.53837,-1.0367,-2.1552,1.1598,1.7222
-0.99762,-1.5009,-2.3739,-0.57739,3.1167,3.5776
-1.5878,-1.0063,-1.5104,1.2172,0.34597,1.6554
-2.5394,0.54219,0.31181,0.71647,2.2784,1.9835
-1.0713,-0.97124,-1.8321,-0.041383,1.1001,1.5639
-1.5988,0.5522,2.3238,0.90146,1.0246,1.6194
0.63983,-1.9407,-0.36682,0.12198,2.0707,1.6624
-0.089766,-0.65189,-0.98157,3.1629,-3.2386,-1.6577
-2.0427,1.7884,1.4116,-0.65713,-0.90071,0.076108
-1.9198,0.62807,-1.1333,-3.1868,1.7905,0.47805
-1.8665,-1.4329,-1.622,-0.80193,1.3538,1.6458
0.39872,-2.2024,-1.1813,-0.1852,0.12442,1.4665
-1.1531,0.36886,-1.0405,1.1733,1.9117,0.26784
0.37034,-2.6023,-0.90063,-0.7441,-1.1816,0.43122
-1.84,-2.2044,1.1983,2.3289,0.33642,0.098982
-2.1382,-0.33585,-0.66599,-2.2882,0.44976,-1.5567
-1.8636,-2.4555,-2.6912,-1.8331,-0.71006,0.25956
-1.4952,-1.5769,-0.96056,-1.4354,-0.29656,0.88794
-0.50964,-0.11254,-1.6371,0.24651,0.75325,0.13101
-1.8463,-1.4311,-0.80747,-2.9878,-1.1017,1.4083
0.29975,-0.036454,-0.61642,-2.9426,-1.0781,2.0935
0.4805,-2.5286,-1.6851,0.43863,1.5752,1.7912
-2.3208,-2.337,-2.8506,-2.4066,0.16741,-0.4994
-1.1312,-1.8388,-1.666,-2.1155,0.44,0.69579
-0.34358,-1.1424,-0.95493,-0.079372,0.89899,1.9427
0.089592,-1.3097,1.4022,0.37181,0.91058,2.4044
-0.21521,-2.4266,-3.104,0.67589,1.0144,-2.596
-0.54532,-4.1376,-2.7958,2.4344,2.1514,-0.030654
-1.2359,-2.1995,-0.51715,-3.1137,1.1377,0.51747
0.22551,-1.7657,-0.78001,0.68717,2.4448,1.7358
-1.2211,-0.52841,-2.2502,-2.4224,-0.69026,0.97196
-0.46459,-0.85859,-3.8949,-0.30805,-0.6428,2.3631
-0.54202,-1.6056,-2.7273,-1.2721,2.0354,-0.15953
-1.4826,-2.0692,-0.18464,-0.25422,-1.878,0.48214
-1.2035,-3.0116,1.2456,0.13847,1.0004,0.32839
-1.3636,0.14155,-1.849,-0.65262,0.56378,-0.40253
-2.4346,-0.32622,-0.79296,-0.76942,4.5463,0.71839
-0.10224,0.0078473,-2.5651,1.4572,0.047631,1.7211
-2.0258,-1.7636,-1.1395,-2.2101,-1.4519,1.7558
-1.972,-0.49563,-2.2559,-0.2873,1.7934,-0.28152
-2.1127,-1.567,-0.206,1.0854,-0.15667,0.39226
1.1353,-2.7243,-0.79532,-0.27567,6.3417,0.66826
-2.044,-0.6188,-0.45769,-2.012,0.4976,0.70182
-2.8637,-1.3441,-1.8032,-1.6406,3.0991,0.20115
-1.4425,-0.53408,-1.0063,-0.79937,-0.61156,0.32933
-0.35432,-1.3301,0.15322,-0.66558,-0.16673,-1.5458
-1.4539,-0.10684,-1.482,-2.2708,1.7495,0.020363
-1.3067,-2.1479,-0.97831,1.3699,1.4693,0.55184
0.9772,0.25578,1.6745,0.8078,-0.84247,1.0533
-1.781,-1.8563,-2.6524,-0.077724,2.2854,1.5568
-2.0584,-0.88468,0.17616,-1.2853,1.624,1.32
-3.3858,-1.7927,-0.074956,-0.54579,1.2036,-0.40902
-3.2126,-0.59784,-0.18165,-0.343,-0.048582,0.64933
-2.3776,0.27288,0.84766,-1.2391,-0.75552,1.7837
-1.1495,-0.27294,-2.6199,2.6475,-1.1983,1.5517
0.93515,-1.5495,-1.6198,-0.075672,1.9869,2.1554
-1.677,-2.0384,-1.6956,-3.168,0.86614,0.58239
-0.53354,-1.3522,-0.67005,1.3833,0.20341,-0.2721
-2.2883,0.19069,1.6055,0.092337,-1.2481,1.4107
0.18301,-0.71878,-0.84264,-2.5593,1.288,1.8626
-2.1843,-1.5095,-0.65568,0.48763,-2.2125,0.66785
-0.20628,0.27194,0.10248,-0.23818,-0.63734,2.349
-0.57109,-2.0169,-0.5797,-1.3937,-0.33092,-1.6005
-0.94012,-0.68218,-4.2374,-1.3289,-0.21498,2.2272
-1.4915,-0.95752,-2.6132,-2.3203,2.0368,0.98382
-1.3952,-1.5752,0.15586,0.41051,-1.3548,1.2144
-0.6517,-1.1212,-0.11345,1.2821,0.33264,-0.36808
-1.3376,-0.34046,-0.36526,0.098089,-1.1631,2.4782
-0.739,-1.1499,-0.29937,-3.2117,-1.4652,0.059955
-0.51107,-0.65631,-0.68809,-1.0649,-1.5289,1.3613
-0.70033,-1.8363,-1.403,-0.83787,1.8408,0.24038
0.69553,-0.18421,-0.018541,-1.8342,0.40892,0.77095
-0.57832,-1.8995,-1.356,-2.0553,-2.7019,0.52345
-0.81613,-0.46943,-2.0749,-1.7418,-0.91855,1.9829
-1.3883,-1.2121,-2.1437,-0.61415,-2.3245,1.6881
-0.43623,0.9445,-1.6596,-1.0716,-2.8456,1.4129
0.14804,-0.82675,-1.3419,0.33121,-0.87922,3.067
-2.1378,-0.33598,1.4131,-0.18922,-1.0273,1.2
-1.3719,-0.97904,-1.7367,-2.3032,-1.0752,0.23149
-2.0205,-1.4595,-2.2312,-0.96095,1.2557,2.3894
-0.82918,-0.33574,-3.4988,-1.871,1.8737,-0.37844
-2.5866,-0.90459,-0.79553,0.97456,0.35234,0.44916
-1.5545,-1.0245,-0.68182,0.66941,-0.45722,2.1199
1.3234,-2.3275,-1.2504,-2.0864,0.14783,-0.89694
0.69477,-1.5579,0.28803,1.61,1.8806,1.4715
-3.0292,0.2965,-1.2112,0.069694,0.021331,4.1325
0.14575,-1.4739,2.3621,-0.2959,0.62986,2.2267
-0.21317,0.16752,-1.5394,0.93477,0.69622,0.63352
-2.1636,-1.1243,1.421,-3.0087,0.77684,3.6152
-0.55271,-3.023,-0.49758,-0.21698,0.68669,-0.33957
-0.81973,-0.50433,-2.9752,-1.0119,1.7702,2.7067
0.81555,-0.96806,-1.5342,-3.0038,-1.0082,0.74973
-0.055718,-3.4576,-0.78447,-1.0768,0.81369,1.6274
-1.0173,-0.1274,0.74483,-1.9043,-0.92653,1.938
-0.71872,-0.89355,-1.4359,-1.1091,-0.23963,-0.4642
-2.3605,-1.2257,-1.0936,1.0615,0.97303,1.1582
-2.5439,-1.0178,-0.23384,-0.68191,0.42382,-0.43525
-0.27867,-1.4301,-1.0143,-0.20473,0.23833,0.10043
-0.78822,-1.2324,-2.6989,-0.61326,1.2408,0.49722
-1.2268,-0.26736,-0.35545,-0.29086,,1.6306
-0.23236,-2.0037,-2.275,-0.18369,,1.6223
,-0.61342,-1.7943,-3.1604,,
,-2.3417,-2.4208,,,
,-0.40879,-1.2182,,,
,0.39146,-1.835,,,
,-0.082949,-2.4153,,,
,-0.77971,-1.395,,,
,,-0.73422,,,
,,-1.6428,,,
