level1,level2,level3,level4,level5,level6,level7
-0.60267,-0.51107,-0.86429,-1.3205,1.3324,1.4589,0.94071
-2.9475,-0.30083,0.65168,-1.1136,-0.90529,-0.6331,-0.29536
-1.3801,-0.28082,-0.42221,-1.7028,-0.062731,0.32896,1.6282
0.46567,-1.9911,-0.06425,-0.5691,-0.11125,-0.56188,0.36342
0.12142,-1.3246,-0.51104,0.13919,-0.56231,0.54336,0.83096
0.55769,0.59503,-0.89587,0.030398,1.506,1.2857,-0.1647
-0.051001,0.258,1.122,-1.0188,-0.10743,0.0080294,-1.4143
-0.3588,-0.28585,-0.68481,2.169,0.97412,-0.54178,1.1506
-0.035477,-2.3231,0.45138,-1.0574,0.084973,0.6343,2.4389
-0.13952,-1.241,-1.1208,0.2838,-0.65948,-0.013787,-0.22169
-1.3353,-0.45873,0.058593,-0.22798,0.35423,-0.63701,1.8371
-0.88792,-1.0923,-0.93387,0.774,0.31863,0.77712,0.44633
-0.59919,-0.0079945,-0.46236,0.074609,-0.24578,0.66438,0.8945
-0.48708,0.4894,-0.97453,-0.05692,0.66261,-0.14905,1.7056
-0.16358,-0.50633,-1.4507,-0.18479,1.2993,0.051112,-1.0723
-0.82927,-0.92827,-1.7634,1.203,-1.7546,-0.16384,2.0141
-0.16032,-2.2951,0.66019,0.21944,-1.3373,0.65812,0.83254
-0.22738,-0.016261,-1.987,-0.65559,-0.53738,0.20073,1.3763
-0.37839,-1.9619,-0.060243,-0.24094,0.86964,0.33682,0.23605
-0.6524,-0.34786,-0.35094,0.51675,-0.5747,0.65482,1.573
-2.1814,0.015597,0.2785,-0.41152,0.22628,0.1126,-0.34585
1.654,1.1285,-0.80801,-1.0952,-0.5986,0.85676,0.7021
0.8711,-0.0090769,1.3371,1.0345,0.22359,-1.641,-0.23626
0.36591,-1.9414,-0.91135,-0.24253,-0.32704,-1.2721,-0.5796
0.55789,-1.0435,-0.9242,-0.051954,-0.76413,-1.0242,1.7184
-0.97363,0.98943,-0.48395,-2.1569,2.316,0.89985,0.70134
-0.74541,-1.2266,-1.3901,-0.14099,0.048268,0.42787,0.92587
1.2442,-0.20157,-0.98157,1.1654,0.17016,1.4276,-0.15694
-0.67565,-1.2431,-1.7463,0.071427,1.0752,-0.13351,-0.98232
0.11167,0.084606,-1.6998,-0.29648,-0.86188,0.72879,0.53231
-0.62684,-0.36656,-0.18896,-0.26896,-0.027734,0.10872,1.7019
1.791,0.10142,-3.0512,-0.15194,-1.0913,0.57075,1.8076
-0.096193,-0.76412,-0.79439,0.97192,-0.61684,1.6997,0.51814
0.18652,-0.13683,-0.060087,-1.5634,0.57225,0.25549,-1.6427
-0.23626,-0.96292,0.16216,-0.59473,-0.11711,0.22923,1.1406
-0.59232,0.76144,-0.19119,1.532,-0.71425,-0.75456,0.48193
-1.2535,-1.0043,3.544,0.88938,0.72843,-0.38898,0.44712
0.25243,-1.155,-0.58751,-1.1994,2.4671,1.0474,-1.0459
0.052036,0.24606,-1.1658,-0.36826,0.13209,1.0142,-1.1664
2.4584,0.82991,-1.2683,-1.7939,-0.99369,0.1028,-0.13773
0.92884,-1.1068,-0.069565,-0.7224,-0.49109,0.86058,2.5314
-0.62932,-1.1065,0.041235,1.344,-0.46677,-0.049448,0.29383
-0.98203,-0.82033,0.2806,-0.77265,-1.6571,1.0819,1.2744
0.36472,-1.2581,-0.12116,-1.871,-0.051463,2.2141,1.2031
-1.1184,-4.3169,-1.7441,-0.10722,-0.92626,1.8985,1.0139
-1.1646,1.7665,0.56484,-0.6237,0.020865,1.628,1.3681
1.1539,-0.81222,-0.083177,-0.47164,-0.36986,0.2211,2.0114
-2.5946,-1.6173,-1.2973,0.50272,0.74471,0.55062,0.77808
-0.49434,-1.7629,-0.42182,-1.3784,0.86968,0.23286,-0.028021
-0.49428,-0.36398,0.33993,-0.91693,1.2036,0.41526,0.24562
-1.1417,-0.13421,-0.23529,-0.58018,0.93138,0.62566,2.2504
0.2307,1.2042,-1.2048,-0.54049,-0.46411,1.4811,0.81275
-1.4948,-0.79093,-0.16043,0.56439,0.84877,0.22704,1.1067
-0.88375,-1.076,-0.56816,-0.48552,0.97085,0.14422,0.64303
-0.25983,-0.64847,0.4257,0.013507,-1.1628,-0.088535,-0.53882
-0.14051,1.1353,-0.63598,0.077078,-1.3033,-0.47621,-1.2224
0.49264,-0.75547,-0.47578,-0.69681,0.20974,-1.0352,0.78793
-0.73632,0.023947,-0.16397,-0.26897,-0.98335,-1.3677,0.94666
1.5586,-0.12874,-0.17727,0.93778,0.1881,-1.2416,0.14601
-0.15177,-2.0866,-3.3061,-0.79504,0.51886,-0.25877,0.36255
-1.5343,1.589,-1.234,1.0422,-0.37187,-1.7362,0.023537
-1.6571,-1.7,-0.73087,-0.032464,-0.65714,-0.90746,2.1335
-0.076758,-1.1079,-1.2896,-0.52646,0.70986,1.1684,1.7302
1.0416,-1.9287,-0.38259,-1.1176,0.12545,0.083161,0.0053609
-0.62814,-0.035514,-0.95413,-0.25549,-0.70394,-0.51218,-0.39142
-0.069934,-0.90116,-2.0942,-1.2851,-0.65956,1.1455,-0.1667
1.0538,-0.22875,-0.017864,-1.3719,-0.114,0.33011,-0.25127
-1.778,-0.98973,0.44232,0.10694,0.41448,0.49394,1.7491
-1.4484,0.21648,0.080705,-0.32408,0.096818,0.99792,0.69675
-0.11808,-0.82579,-1.0874,-0.36764,-0.15598,-0.49156,-0.028759
-0.32217,2.0035,-0.49864,1.9963,0.29446,-0.32703,-0.10526
-1.0047,-0.092145,-0.74724,-0.22239,0.37657,-0.23413,0.55647
-0.38127,-0.56189,-0.25377,0.31942,-0.4541,-0.25461,0.80249
-1.1529,-0.76363,-0.69398,-1.5826,-1.1301,-0.55889,0.30986
-0.19556,0.50249,-0.097891,-1.1093,0.63343,0.34713,-0.052595
-0.92643,-0.69666,-2.3066,-1.6612,-0.85291,1.02,-0.34745
0.43775,-2.1807,-0.86287,0.30235,-0.7884,1.5665,0.19337
-0.71869,-0.29692,-0.87131,-1.2249,-0.48575,0.62389,1.4327
-0.30852,-0.76625,-0.54801,0.26986,-0.24984,-0.84662,1.0673
-0.67877,0.40443,0.77679,-0.40127,0.3898,0.75629,-0.70476
-1.5029,-0.91325,0.728,-0.46245,-0.54043,-1.3943,0.17495
-0.36125,-0.77378,-0.83785,-1.0481,0.23997,-1.4779,0.0090155
-0.39303,0.41992,-0.79907,-1.7871,-0.52941,0.98137,0.74881
0.0039246,-1.5892,0.45309,-0.91968,-0.4565,0.40133,-1.0357
-0.089038,-0.68492,-0.65517,0.5999,-1.9845,-0.38406,0.055063
-1.8953,-0.87775,-0.74954,-0.054927,-0.032307,-0.44783,-1.1931
-2.0754,-1.4149,-3.3778,-0.32589,-0.35942,-0.52281,1.7567
0.75395,-0.67475,-0.023627,-0.39798,-2.1178,-0.5035,0.18369
-1.2322,-0.17961,-1.0342,-0.50031,-0.33562,0.18318,0.22818
-1.3699,0.69457,-0.18405,-0.99565,-0.83849,-0.63386,-0.51145
0.073178,-2.085,0.79945,-0.76064,0.2301,-1.0348,0.61223
0.16205,-1.8965,-0.14475,-0.73793,0.39865,1.0796,-0.26698
0.27121,-0.50079,-0.17315,-0.81144,-1.0803,-0.72011,1.6749
-0.2484,0.75277,-1.037,-1.0343,0.63724,0.35821,-0.54841
-0.57314,-0.55532,-0.18152,-1.2579,-0.97275,-0.066998,0.94222
-0.46933,0.33766,-0.50289,-0.32097,-0.99211,-0.9182,0.16967
-0.055137,0.10749,-0.51937,-0.17693,-0.17762,0.028785,0.19086
0.093801,-0.65167,-0.59939,0.79894,0.55114,-0.2378,0.035049
-1.32,-0.14911,0.18226,-0.64681,-1.0624,0.11506,0.6942
-0.76163,-1.3515,-0.84116,-1.1311,-0.47787,0.36508,-0.11856
0.21964,-0.00040859,-0.14741,-0.48632,-0.14894,-0.86671,1.634
-0.58129,-0.44661,-0.11694,-0.053419,-0.073128,0.060529,0.29455
1.2501,-0.73417,-0.62805,-1.1124,-0.34729,0.87287,0.099939
-0.5391,-0.51079,-0.98671,-0.56447,0.2712,-0.68198,0.5737
-0.62286,0.49078,-0.94603,0.18072,0.4772,0.74876,-0.02352
-1.0549,-0.1491,-0.40897,0.47483,-1.0636,-0.1173,-2.0459
-0.37991,0.93801,-0.6395,1.2354,-0.30357,0.98857,0.3551
-0.52503,-1.4766,0.55838,0.38464,0.16571,1.1448,1.2685
-0.16745,-0.2471,-0.52953,-0.19868,-0.27381,0.060975,0.60085
-0.19434,-2.2587,-1.1581,-0.85811,-0.69986,-0.15615,-1.1509
-1.8434,-0.94849,-1.4435,-0.54123,-0.65789,0.1995,-0.59739
0.073892,-0.28695,-0.8832,-0.46471,-1.3487,0.90753,-0.13559
-0.89391,-1.0688,-0.66737,-0.41894,0.57213,0.30705,1.5191
-0.91514,-0.3542,-2.4477,-0.38275,-1.1747,-0.63782,0.76809
0.048054,-0.42839,-0.15507,-0.5143,-0.45823,-1.2733,-1.1071
-0.042555,-0.5809,-0.072953,-0.54946,-0.24391,1.6281,0.6009
-1.5802,-2.0069,-1.1614,0.61079,0.13333,1.49,0.14334
0.90506,-0.2643,-0.36577,0.29235,-1.1344,0.3885,-0.24822
-1.6041,0.43453,0.10089,-0.88276,-2.1112,0.43758,1.9642
-0.38313,-0.081943,-0.80725,0.79219,-1.6314,2.2978,-1.3414
-0.36837,-1.4885,-1.6418,0.24247,-1.7888,0.27767,0.76124
0.59439,-1.4917,-0.43189,0.62273,0.37172,0.25669,0.59423
-0.99297,-0.51312,-0.58707,-0.4908,-1.77,2.0971,0.014444
-1.4933,-0.73919,-0.80046,-0.64725,-0.17005,-0.16809,1.1514
0.14286,1.6269,-0.69715,-0.044697,0.53854,-0.20092,0.85528
-1.1696,-0.52864,-0.057798,0.91975,-0.085472,0.81012,0.096275
-0.79936,-0.43991,-0.69046,0.43385,0.27448,0.83819,0.40102
-1.2072,-0.72445,0.20919,0.29666,0.90809,1.0592,0.61187
0.25138,-2.0807,-0.68725,0.7497,-1.6251,-0.26666,0.85548
0.22675,0.53626,-1.6147,-0.37378,0.60704,1.0651,0.4807
-0.83677,-0.91935,-2.3291,-0.5255,-0.040455,-0.92554,0.42051
-1.3429,-1.1359,0.30741,-0.12273,-0.52098,-0.74959,-0.10018
-1.0989,-1.1486,-1.4079,-1.6416,-0.31399,0.041643,0.58732
-0.34134,-1.1895,0.38466,-0.85005,-0.013903,-0.31976,-0.23547
0.50984,-1.3662,-0.97631,-0.96142,-2.1363,0.69178,0.018232
-1.1015,1.0331,-1.0421,-0.48083,-1.2405,0.57426,-1.2559
-0.92311,-0.12767,-0.63298,0.69213,0.66356,-1.5953,-0.22417
0.1454,0.35959,-0.31857,-0.35314,-0.0010114,-1.3867,-0.95035
-0.41969,-0.18935,-1.9819,0.12376,1.3611,-0.13851,0.38446
0.1673,-0.30129,0.93076,-0.030523,1.9552,0.7624,1.4389
-1.5926,0.11952,-1.7251,-0.82301,1.5706,-0.85165,-0.36433
-0.92127,-0.26932,-0.68045,-1.3069,0.1429,-0.55417,-0.030128
-0.64285,-0.43086,-0.60262,-2.4016,-0.47986,2.7559,2.1938
-0.90346,-0.63435,0.31506,0.23587,0.6812,0.95575,0.26515
-1.2309,-0.8972,0.31219,-1.4292,-1.0006,-1.0593,-0.73283
0.12732,1.0793,0.54554,-0.63105,0.47502,0.24215,1.437
0.31142,-0.19432,-1.1799,-0.99941,-0.77503,0.71194,-0.15212
,-0.088022,0.34156,0.18597,-1.1068,0.62827,
,0.11849,,0.14831,-0.66669,-1.1245,
,-1.1471,,-1.4921,-0.7906,2.3059,
,0.99026,,,0.79145,0.13016,
,-0.71007,,,,0.25276,
,-0.29689,,,,-0.9212,
