subject,task,n_channels,n_records,duration_s,samples_per_record,size,size_implied_by_header,size_ok
sub-01,nocue,144,1004,1004.0,1024,444174592,444174592,True
sub-01,noninformative,144,1459,1459.0,1024,645452032,645452032,True
sub-02,informative,272,1741,1741.0,1024,1454821632,1454821632,True
sub-02,nocue,272,1673,1673.0,1024,1398001920,1398001920,True
sub-03,informative,144,1589,1589.0,1024,702959872,702959872,True
sub-03,nocue,144,1290,1290.0,1024,570691840,570691840,True
sub-03,noninformative,144,1553,1553.0,1024,687034624,687034624,True
sub-04,informative,272,1547,1547.0,1024,1292718336,1292718336,True
sub-04,nocue,272,1127,1127.0,1024,941773056,941773056,True
sub-04,noninformative,272,1505,1505.0,1024,1257623808,1257623808,True
sub-05,informative,272,1636,1636.0,1024,1367085312,1367085312,True
sub-05,nocue,272,1151,1151.0,1024,961827072,961827072,True
sub-05,noninformative,272,1459,1459.0,1024,1219186944,1219186944,True
sub-06,informative,144,1628,1628.0,1024,720212224,720212224,True
sub-06,nocue,144,1116,1116.0,1024,493719808,493719808,True
sub-06,noninformative,144,1655,1655.0,1024,732156160,732156160,True
sub-07,informative,144,1482,1482.0,1024,655626496,655626496,True
sub-07,nocue,144,1327,1327.0,1024,587059456,587059456,True
sub-07,noninformative,144,1695,1695.0,1024,749850880,749850880,True
sub-08,informative,144,1972,1972.0,1024,872386816,872386816,True
sub-08,nocue,144,1299,1299.0,1024,574673152,574673152,True
sub-08,noninformative,144,1699,1699.0,1024,751620352,751620352,True
sub-09,informative,144,1597,1597.0,1024,706498816,706498816,True
sub-09,nocue,144,1433,1433.0,1024,633950464,633950464,True
sub-09,noninformative,144,1705,1705.0,1024,754274560,754274560,True
sub-10,informative,144,1666,1666.0,1024,737022208,737022208,True
sub-10,nocue,144,1162,1162.0,1024,514068736,514068736,True
sub-10,noninformative,144,1555,1555.0,1024,687919360,687919360,True
sub-11,informative,272,1430,1430.0,1024,1194955008,1194955008,True
sub-11,nocue,144,1137,1137.0,1024,503009536,503009536,True
sub-11,noninformative,144,1448,1448.0,1024,640585984,640585984,True
sub-12,informative,144,1437,1437.0,1024,635719936,635719936,True
sub-12,nocue,144,1055,1055.0,1024,466735360,466735360,True
sub-12,noninformative,144,1517,1517.0,1024,671109376,671109376,True
sub-13,informative,144,1576,1576.0,1024,697209088,697209088,True
sub-13,nocue,144,1291,1291.0,1024,571134208,571134208,True
sub-13,noninformative,144,1697,1697.0,1024,750735616,750735616,True
sub-14,informative,144,1580,1580.0,1024,698978560,698978560,True
sub-14,nocue,144,1102,1102.0,1024,487526656,487526656,True
sub-14,noninformative,144,1449,1449.0,1024,641028352,641028352,True
sub-15,informative,144,1417,1417.0,1024,626872576,626872576,True
sub-15,nocue,144,1263,1263.0,1024,558747904,558747904,True
sub-15,noninformative,144,1376,1376.0,1024,608735488,608735488,True
sub-16,informative,144,1444,1444.0,1024,638816512,638816512,True
sub-16,nocue,144,1049,1049.0,1024,464081152,464081152,True
sub-16,noninformative,144,1406,1406.0,1024,622006528,622006528,True
sub-17,informative,144,1500,1500.0,1024,663589120,663589120,True
sub-17,nocue,144,1149,1149.0,1024,508317952,508317952,True
sub-17,noninformative,144,1465,1465.0,1024,648106240,648106240,True
sub-18,informative,144,1536,1536.0,1024,679514368,679514368,True
sub-18,nocue,144,1160,1160.0,1024,513184000,513184000,True
sub-18,noninformative,144,1661,1661.0,1024,734810368,734810368,True
sub-19,informative,144,1452,1452.0,1024,642355456,642355456,True
sub-19,nocue,144,1107,1107.0,1024,489738496,489738496,True
sub-19,noninformative,144,1610,1610.0,1024,712249600,712249600,True
sub-20,informative,144,1380,1380.0,1024,610504960,610504960,True
sub-20,nocue,144,1066,1066.0,1024,471601408,471601408,True
sub-20,noninformative,144,1351,1351.0,1024,597676288,597676288,True
sub-21,informative,144,1359,1359.0,1024,601215232,601215232,True
sub-21,nocue,144,1070,1070.0,1024,473370880,473370880,True
sub-21,noninformative,144,1408,1408.0,1024,622891264,622891264,True
sub-22,informative,144,1513,1513.0,1024,669339904,669339904,True
sub-22,nocue,144,1079,1079.0,1024,477352192,477352192,True
sub-22,noninformative,144,1437,1437.0,1024,635719936,635719936,True
sub-23,informative,144,1473,1473.0,1024,651645184,651645184,True
sub-23,nocue,144,1190,1190.0,1024,526455040,526455040,True
sub-23,noninformative,144,1446,1446.0,1024,639701248,639701248,True
sub-24,informative,144,1519,1519.0,1024,671994112,671994112,True
sub-24,nocue,144,1065,1065.0,1024,471159040,471159040,True
sub-24,noninformative,144,1518,1518.0,1024,671551744,671551744,True
sub-25,informative,144,1386,1386.0,1024,613159168,613159168,True
sub-25,nocue,144,1085,1085.0,1024,480006400,480006400,True
sub-25,noninformative,144,1452,1452.0,1024,642355456,642355456,True
sub-26,informative,144,1511,1511.0,1024,668455168,668455168,True
sub-26,nocue,144,1136,1136.0,1024,502567168,502567168,True
sub-26,noninformative,144,1431,1431.0,1024,633065728,633065728,True
sub-27,informative,144,1652,1652.0,1024,730829056,730829056,True
sub-27,nocue,144,1159,1159.0,1024,512741632,512741632,True
sub-27,noninformative,144,1407,1407.0,1024,622448896,622448896,True
sub-28,informative,144,1427,1427.0,1024,631296256,631296256,True
sub-28,nocue,144,1009,1009.0,1024,446386432,446386432,True
sub-28,noninformative,144,1414,1414.0,1024,625545472,625545472,True
sub-29,informative,144,1418,1418.0,1024,627314944,627314944,True
sub-29,nocue,144,1028,1028.0,1024,454791424,454791424,True
sub-29,noninformative,144,1367,1367.0,1024,604754176,604754176,True
sub-30,informative,144,1505,1505.0,1024,665800960,665800960,True
sub-30,nocue,144,1020,1020.0,1024,451252480,451252480,True
sub-30,noninformative,144,1437,1437.0,1024,635719936,635719936,True
sub-31,informative,144,1530,1530.0,1024,676860160,676860160,True
sub-31,nocue,144,1215,1215.0,1024,537514240,537514240,True
sub-31,noninformative,144,1703,1703.0,1024,753389824,753389824,True
sub-32,informative,144,2340,2340.0,1024,1035178240,1035178240,True
sub-32,nocue,144,1435,1435.0,1024,634835200,634835200,True
sub-32,noninformative,144,1920,1920.0,1024,849383680,849383680,True
sub-33,informative,144,1489,1489.0,1024,658723072,658723072,True
sub-33,nocue,144,1289,1289.0,1024,570249472,570249472,True
sub-33,noninformative,144,1474,1474.0,1024,652087552,652087552,True
sub-34,informative,144,1468,1468.0,1024,649433344,649433344,True
sub-34,nocue,144,1142,1142.0,1024,505221376,505221376,True
sub-34,noninformative,144,1778,1778.0,1024,786567424,786567424,True
sub-35,informative,144,1498,1498.0,2048,1325371648,1325371648,True
sub-35,noninformative,144,1382,1382.0,2048,1222742272,1222742272,True
sub-36,informative,144,1468,1468.0,2048,1298829568,1298829568,True
sub-36,nocue,144,1291,1291.0,2048,1142231296,1142231296,True
