window,t_ms,n_subjects,bor,freq_model0,xp_model0,pxp_model0,nwin_model0,meanllh_model0,freq_model2B,xp_model2B,pxp_model2B,nwin_model2B,meanllh_model2B,freq_model3,xp_model3,pxp_model3,nwin_model3,meanllh_model3,d_llh_3_minus_2B_mean,d_llh_3_minus_2B_sem,d_llh_2B_minus_0_mean,d_llh_2B_minus_0_sem,simes_sig_model0,simes_sig_matlab_model0,simes_thr_model0,simes_sig_model2B,simes_sig_matlab_model2B,simes_thr_model2B,simes_sig_model3,simes_sig_matlab_model3,simes_thr_model3
0,-285,20,0.700639,0.7428,0.999269,0.532689,11,-115.355,0.144735,0.000547,0.23371,6,-115.577,0.112465,0.000184,0.233601,3,-115.672,-0.094525,0.0928325,-0.221825,0.0901465,False,False,,False,False,,False,False,0.00530158
1,-255,20,0.843254,0.631661,0.988317,0.435999,14,-115.581,0.186149,0.006094,0.28204,4,-115.73,0.18219,0.005589,0.281961,2,-115.732,-0.00168,0.0873734,-0.14916,0.104407,False,False,,False,False,,False,False,0.00530158
2,-225,20,0.614231,0.771617,0.999678,0.590388,14,-114.406,0.0965272,7.3e-05,0.204772,2,-114.793,0.131856,0.000249,0.20484,4,-114.644,0.149055,0.0994812,-0.3865,0.0850098,False,False,,False,False,,False,False,0.00530158
3,-195,20,0.646837,0.774705,0.999744,0.568685,16,-115.438,0.110073,0.000103,0.215649,2,-115.761,0.115222,0.000153,0.215666,2,-115.705,0.056705,0.105102,-0.323505,0.0935287,False,False,,False,False,,False,False,0.00530158
4,-165,20,0.771362,0.708419,0.998183,0.485343,13,-117.71,0.159386,0.001251,0.257407,4,-117.923,0.132195,0.000566,0.25725,3,-117.953,-0.029975,0.108136,-0.2125,0.108474,False,False,,False,False,,False,False,0.00530158
5,-135,20,0.792128,0.647587,0.985111,0.468819,10,-127.542,0.117322,0.000751,0.264199,4,-127.971,0.235091,0.014138,0.266982,6,-127.647,0.324145,0.226503,-0.42925,0.225253,False,False,,False,False,,False,False,0.00530158
6,-105,20,0.325499,0.811714,0.999922,0.782948,16,-132.72,0.0744324,1.2e-05,0.108508,0,-133.343,0.113854,6.6e-05,0.108544,4,-133.03,0.312465,0.117804,-0.62245,0.110967,False,False,,False,False,,False,False,0.00530158
7,-75,20,0.885041,0.442169,0.63566,0.368089,9,-132.45,0.186158,0.023779,0.297747,3,-132.521,0.371673,0.340561,0.334164,8,-132.476,0.0441,0.123011,-0.070655,0.104887,False,False,,False,False,,False,False,0.00530158
8,-45,20,0.877151,0.537582,0.922778,0.405746,10,-138.819,0.252115,0.051988,0.29877,7,-138.897,0.210303,0.025234,0.295484,3,-138.956,-0.058645,0.112325,-0.077905,0.100861,False,False,,False,False,,False,False,0.00530158
9,-15,20,0.740497,0.684394,0.994357,0.504871,14,-149.39,0.205439,0.005268,0.248199,3,-149.541,0.110167,0.000375,0.24693,3,-149.751,-0.20935,0.12603,-0.1517,0.108136,False,False,,False,False,,False,False,0.00530158
10,15,20,0.891136,0.477438,0.815713,0.385847,12,-155.637,0.242512,0.067236,0.304365,5,-155.701,0.28005,0.117051,0.309788,3,-155.713,-0.01175,0.11385,-0.0642,0.100923,False,False,,False,False,,False,False,0.00530158
11,45,20,0.900215,0.316002,0.255818,0.325598,8,-159.669,0.394484,0.558457,0.355797,8,-159.648,0.289515,0.185725,0.318604,4,-159.681,-0.03385,0.11909,0.02135,0.113824,False,False,,False,False,,False,False,0.00530158
12,75,20,0.874887,0.334578,0.1877,0.315113,6,-163.68,0.496647,0.79968,0.391679,10,-163.639,0.168775,0.01262,0.293208,4,-163.792,-0.15265,0.099094,0.04045,0.0914877,False,False,,False,False,,False,False,0.00530158
13,105,20,0.893514,0.231295,0.069799,0.305271,7,-172.902,0.407306,0.561163,0.357594,4,-172.78,0.361399,0.369038,0.337135,9,-172.803,-0.0231,0.120806,0.1218,0.146803,False,False,,False,False,,False,False,0.00530158
14,135,20,0.255323,0.0635505,4.3e-05,0.0851396,3,-202.553,0.686426,0.987956,0.820816,10,-199.769,0.250023,0.012001,0.0940444,7,-199.928,-0.15905,0.158655,2.7838,1.22941,False,False,,False,False,,False,False,0.00530158
15,165,20,0.0863184,0.0514586,8.7e-05,0.0288523,2,-239.291,0.503365,0.615226,0.590893,9,-233.116,0.445176,0.384687,0.380254,9,-233.129,-0.01355,0.13821,6.17555,1.98689,False,False,,False,False,,False,False,0.00530158
16,195,20,0.0164537,0.0443636,4.3e-05,0.00552686,0,-260.924,0.526219,0.686337,0.680529,13,-251.887,0.429417,0.31362,0.313944,7,-251.928,-0.04035,0.161878,9.0371,1.86285,False,False,,False,False,,False,False,0.00530158
17,225,20,0.00796314,0.0449258,5e-06,0.00265934,0,-265.55,0.776359,0.999109,0.993807,15,-255.573,0.178715,0.000886,0.00353333,5,-255.849,-0.276,0.15466,9.97645,1.49206,False,False,,False,False,,False,False,0.00530158
18,255,20,0.0161632,0.044325,5.2e-05,0.0054389,0,-268.787,0.412772,0.256335,0.25758,9,-258.492,0.542903,0.743613,0.736982,11,-258.471,0.0212,0.0698823,10.2951,1.40999,False,False,,False,False,,False,False,0.00530158
19,285,20,0.00655124,0.0437129,7e-06,0.0021907,0,-280.372,0.172898,0.000736,0.00291493,8,-268.26,0.783389,0.999257,0.994894,12,-268.064,0.1961,0.101209,12.1117,1.8211,False,False,,False,False,,True,True,0.00530158
20,315,20,0.00933182,0.0436314,7e-06,0.00311754,0,-293.176,0.255189,0.011475,0.0144785,7,-279.077,0.70118,0.988518,0.982404,13,-278.953,0.12355,0.11093,14.0994,1.96413,False,False,,False,False,,False,False,0.00530158
21,345,20,0.00866464,0.0436946,6e-06,0.00289416,0,-298.648,0.232409,0.00591,0.00874701,9,-284.101,0.723896,0.994084,0.988359,11,-283.936,0.1642,0.12866,14.5472,2.0014,False,False,,False,False,,False,False,0.00530158
22,375,20,0.00650262,0.0436979,8e-06,0.00217549,0,-305.452,0.209031,0.00273,0.00487979,8,-289.901,0.747271,0.997262,0.992945,12,-289.651,0.2507,0.168012,15.5507,2.15309,False,False,,False,False,,False,False,0.00530158
23,405,20,0.00479959,0.0441161,1e-06,0.00160086,0,-315.145,0.15418,0.000337,0.00193524,11,-298.084,0.801704,0.999662,0.996464,9,-297.71,0.37415,0.192776,17.0617,2.36315,False,False,,False,False,,True,True,0.00530158
24,435,20,0.00165087,0.0438952,1e-06,0.00055129,0,-319.949,0.104552,2.4e-05,0.000574252,5,-302.244,0.851553,0.999975,0.998874,15,-301.749,0.4944,0.169762,17.7054,2.33904,False,False,,False,False,,True,True,0.00530158
25,465,20,0.00325229,0.0437732,3e-06,0.00108709,0,-314.351,0.136355,0.000154,0.0012376,7,-298.368,0.819872,0.999843,0.997675,13,-297.951,0.41745,0.192908,15.9831,1.84957,False,False,,False,False,,True,True,0.00530158
26,495,20,0.00476083,0.0435341,3e-06,0.00158993,0,-302.341,0.161634,0.000467,0.00205172,9,-289.019,0.794832,0.99953,0.996358,11,-288.712,0.3065,0.166921,13.3224,1.57058,False,False,,False,False,,True,True,0.00530158
27,525,20,0.00575259,0.0435607,9e-06,0.00192648,0,-296.457,0.191073,0.001466,0.0033751,8,-284.478,0.765366,0.998525,0.994698,12,-284.174,0.30395,0.193353,11.979,1.44001,False,False,,False,False,,True,False,0.00530158
28,555,20,0.0103174,0.043682,1.6e-05,0.00345496,0,-295.042,0.31366,0.04817,0.0511121,6,-283.828,0.642658,0.951814,0.945433,14,-283.664,0.16435,0.191192,11.213,1.35914,False,False,,False,False,,False,False,0.00530158
29,585,20,0.0134981,0.0438314,4.6e-05,0.00454474,0,-288.117,0.414675,0.263237,0.264183,11,-278.271,0.541494,0.736717,0.731272,9,-278.222,0.04945,0.140518,9.84625,1.29816,False,False,,False,False,,False,False,0.00530158
30,615,20,0.00807177,0.0436669,3e-06,0.00269357,0,-278.838,0.220392,0.004012,0.00667021,6,-269.767,0.735941,0.995985,0.990636,14,-269.59,0.1769,0.127992,9.07085,1.17359,False,False,,False,False,,False,False,0.00530158
31,645,20,0.017809,0.0452088,3e-05,0.0059658,1,-277.692,0.314132,0.048931,0.0539959,9,-268.713,0.64066,0.951039,0.940038,10,-268.6,0.1132,0.144058,8.97855,1.33575,False,False,,False,False,,False,False,0.00530158
32,675,20,0.0169388,0.0444892,5.2e-05,0.0056974,0,-276.263,0.387151,0.181655,0.184224,9,-267.776,0.568359,0.818293,0.810078,11,-267.744,0.0317,0.0741266,8.487,1.11096,False,False,,False,False,,False,False,0.00530158
33,705,20,0.0164658,0.0443296,5.8e-05,0.00554566,0,-263.488,0.493254,0.561197,0.557445,10,-256.363,0.462417,0.438745,0.437009,10,-256.4,-0.0363,0.160927,7.12495,0.900152,False,False,,False,False,,False,False,0.00530158
34,735,20,0.0158916,0.0450852,2.4e-05,0.0053208,0,-250.617,0.686687,0.983411,0.97308,12,-244.721,0.268227,0.016565,0.0215989,8,-244.849,-0.1279,0.125837,5.8951,0.865274,False,False,,False,False,,False,False,0.00530158
35,765,20,0.0158775,0.047081,5e-06,0.00529743,0,-244.792,0.777807,0.999181,0.988609,14,-239.817,0.175112,0.000814,0.00609359,6,-240.061,-0.24365,0.137381,4.9751,0.831404,False,False,,False,False,,False,False,0.00530158
36,795,20,0.0149972,0.0488135,4e-06,0.00500302,1,-236.507,0.82575,0.999909,0.989912,13,-232.702,0.125437,8.7e-05,0.00508477,6,-233.108,-0.4067,0.166346,3.80515,0.637222,False,False,,False,False,,False,False,0.00530158
37,825,20,0.0274531,0.0540492,4e-06,0.00915493,2,-229.294,0.830848,0.999935,0.981635,16,-226.138,0.115102,6.1e-05,0.00921037,2,-226.478,-0.3396,0.120371,3.15545,0.633211,False,False,,False,False,,False,False,0.00530158
38,855,20,0.102522,0.0520227,0.000103,0.0342664,1,-227.269,0.447256,0.393706,0.387516,7,-224.715,0.500721,0.606191,0.578217,12,-224.71,0.00475,0.123313,2.55445,0.524439,False,False,,False,False,,False,False,0.00530158
39,885,20,0.150023,0.0551878,6.3e-05,0.0500611,0,-217.219,0.341893,0.093104,0.129144,7,-215.203,0.602919,0.906833,0.820795,13,-215.13,0.0737,0.131094,2.01575,0.456767,False,False,,False,False,,False,False,0.00530158
40,915,20,0.322728,0.0634527,0.000149,0.107677,2,-204.588,0.543499,0.77674,0.63364,7,-203.316,0.393049,0.223111,0.258683,11,-203.378,-0.06125,0.160609,1.2718,0.319956,False,False,,False,False,,False,False,0.00530158
41,945,20,0.562776,0.0768318,0.000214,0.187686,2,-199.288,0.604845,0.929195,0.593858,10,-198.534,0.318323,0.070591,0.218456,8,-198.622,-0.0886,0.140408,0.75435,0.230878,False,False,,False,False,,False,False,0.00530158
42,975,20,0.67443,0.0954184,0.00029,0.224905,6,-197.03,0.248772,0.016463,0.23017,6,-196.543,0.655809,0.983247,0.544925,8,-196.295,0.24815,0.214587,0.48735,0.293376,False,False,,False,False,,False,False,0.00530158
43,1005,20,0.749094,0.131198,0.000858,0.249913,5,-190.311,0.190951,0.004104,0.250728,6,-190.118,0.67785,0.995038,0.499359,9,-189.652,0.46583,0.35222,0.19278,0.274844,False,False,,False,False,,False,False,0.00530158
44,1035,20,0.848252,0.146609,0.003687,0.28331,5,-182.753,0.270095,0.045606,0.289671,5,-182.599,0.583296,0.950707,0.427019,10,-182.514,0.085775,0.0960775,0.153595,0.132972,False,False,,False,False,,False,False,0.00530158
45,1065,20,0.886236,0.200084,0.034664,0.299355,9,-181.944,0.374224,0.374603,0.338028,4,-181.824,0.425692,0.590733,0.362616,7,-181.821,0.0029,0.124816,0.12,0.113333,False,False,,False,False,,False,False,0.00530158
46,1095,20,0.864763,0.165804,0.00736,0.28925,8,-182.443,0.561267,0.935194,0.414727,6,-182.165,0.27293,0.057446,0.296023,6,-182.27,-0.10475,0.12358,0.2778,0.184384,False,False,,False,False,,False,False,0.00530158
47,1125,20,0.900594,0.341951,0.348544,0.334845,7,-179.168,0.285126,0.179628,0.318054,8,-179.192,0.372923,0.471828,0.347101,5,-179.132,0.0603,0.144519,-0.0239,0.164631,False,False,,False,False,,False,False,0.00530158
48,1155,20,0.900173,0.331034,0.301368,0.330142,6,-171.134,0.27917,0.162319,0.316261,6,-171.167,0.389796,0.536313,0.353596,8,-171.098,0.069715,0.104677,-0.03288,0.136541,False,False,,False,False,,False,False,0.00530158
49,1185,20,0.889801,0.224172,0.052713,0.302409,7,-165.869,0.459289,0.7497,0.379216,9,-165.735,0.316538,0.197587,0.318374,4,-165.771,-0.0358,0.126651,0.133535,0.152007,False,False,,False,False,,False,False,0.00530158
50,1215,20,0.868281,0.381695,0.344255,0.334772,7,-166.42,0.453899,0.642782,0.374094,6,-166.385,0.164406,0.012963,0.291134,7,-166.602,-0.21635,0.190061,0.03425,0.159883,False,False,,False,False,,False,False,0.00530158
51,1245,20,0.893968,0.443317,0.719915,0.374323,11,-162.024,0.302455,0.184261,0.317527,4,-162.039,0.254228,0.095824,0.30815,5,-162.128,-0.088605,0.126107,-0.014805,0.114795,False,False,,False,False,,False,False,0.00530158
52,1275,20,0.88196,0.528684,0.904614,0.400767,9,-160.207,0.200715,0.022107,0.296596,6,-160.33,0.270601,0.073279,0.302636,5,-160.296,0.034075,0.120069,-0.122545,0.0850777,False,False,,False,False,,False,False,0.00530158
