subject,window,t_ms,model0,model2B,model3
1,0,-285,-123.423,-123.038,-123.427
1,1,-255,-121.457,-121.353,-121.425
1,2,-225,-131.962,-132.339,-132.125
1,3,-195,-125.086,-125.721,-125.655
1,4,-165,-118.449,-119.212,-118.681
1,5,-135,-120.574,-121.27,-121.082
1,6,-105,-125.979,-127.316,-126.863
1,7,-75,-124.885,-124.917,-124.707
1,8,-45,-136.278,-136.039,-137.085
1,9,-15,-145.425,-146.524,-145.832
1,10,15,-143.56,-144.418,-144.457
1,11,45,-165.161,-164.679,-165.551
1,12,75,-179.626,-179.126,-179.299
1,13,105,-167.98,-167.584,-167.791
1,14,135,-180.032,-180.05,-181.121
1,15,165,-209.281,-209.168,-208.787
1,16,195,-209.709,-209.254,-208.06
1,17,225,-191.678,-191.435,-192.043
1,18,255,-192.966,-192.433,-192.179
1,19,285,-220.47,-217.774,-217.416
1,20,315,-237.576,-232.989,-233.994
1,21,345,-244.717,-240.229,-240.812
1,22,375,-272.133,-264.716,-265.142
1,23,405,-297.785,-283.878,-284.044
1,24,435,-308.622,-294.097,-294.47
1,25,465,-289.738,-278.522,-278.234
1,26,495,-265.346,-256.9,-256.623
1,27,525,-265.444,-257.125,-257.184
1,28,555,-281.021,-272.666,-271.549
1,29,585,-274.99,-268.847,-268.058
1,30,615,-261.611,-258.017,-257.966
1,31,645,-269.94,-265.373,-265.695
1,32,675,-281.727,-274.802,-275.13
1,33,705,-262.215,-256.449,-256.532
1,34,735,-226.541,-225.397,-225.342
1,35,765,-214.032,-213.863,-213.971
1,36,795,-214.293,-213.735,-213.893
1,37,825,-225.586,-223.991,-224.705
1,38,855,-206.948,-206.163,-205.697
1,39,885,-178.115,-178.403,-177.983
1,40,915,-173.228,-173.527,-173.894
1,41,945,-199.717,-199.335,-199.502
1,42,975,-199.17,-198.832,-199.132
1,43,1005,-190.814,-190.909,-190.976
1,44,1035,-175.529,-175.647,-175.792
1,45,1065,-172.975,-173.438,-173.291
1,46,1095,-173.152,-172.796,-173.265
1,47,1125,-173.55,-173.336,-173.892
1,48,1155,-162.911,-163.145,-162.746
1,49,1185,-157.653,-157.791,-157.544
1,50,1215,-160.343,-160.376,-160.932
1,51,1245,-167.479,-167.429,-168.196
1,52,1275,-176.956,-176.778,-176.874
2,0,-285,-140.882,-140.712,-140.993
2,1,-255,-151.114,-151.222,-151.99
2,2,-225,-166.897,-167.748,-167.744
2,3,-195,-152.812,-153.442,-152.97
2,4,-165,-142.834,-143.389,-142.902
2,5,-135,-144.87,-144.606,-145.148
2,6,-105,-166.584,-167.115,-166.453
2,7,-75,-178.336,-178.85,-179.577
2,8,-45,-193.493,-193.946,-193.844
2,9,-15,-205.332,-204.345,-204.388
2,10,15,-220.293,-219.92,-218.786
2,11,45,-229.316,-228.909,-229.601
2,12,75,-220.991,-220.451,-220.576
2,13,105,-225.005,-224.12,-224.066
2,14,135,-249.072,-248.889,-248.402
2,15,165,-279.133,-274.937,-275.11
2,16,195,-321.075,-309.943,-309.476
2,17,225,-331.406,-317.172,-316.516
2,18,255,-297.951,-288.123,-287.496
2,19,285,-275.914,-271.355,-271.106
2,20,315,-296.872,-289.825,-289.779
2,21,345,-318.343,-306.288,-306.38
2,22,375,-318.249,-304.797,-304.961
2,23,405,-306.575,-294.599,-294.685
2,24,435,-302.86,-292.717,-292.204
2,25,465,-307.17,-298.794,-299.098
2,26,495,-299.382,-293.049,-292.648
2,27,525,-292.143,-284.458,-285.218
2,28,555,-303.603,-293.332,-294.127
2,29,585,-312.167,-301.373,-300.413
2,30,615,-317.881,-306.183,-306.17
2,31,645,-321.346,-309.245,-309.343
2,32,675,-318.378,-308.36,-308.229
2,33,705,-299.335,-292.975,-293.077
2,34,735,-279.567,-276.376,-276.528
2,35,765,-271.812,-269.372,-269.617
2,36,795,-273.498,-271.149,-270.983
2,37,825,-280.758,-278.474,-278.573
2,38,855,-276.807,-275.144,-275.394
2,39,885,-273.115,-272.277,-272.505
2,40,915,-281.717,-280.591,-280.825
2,41,945,-280.714,-279.822,-279.492
2,42,975,-272.848,-272.337,-271.869
2,43,1005,-262.204,-261.101,-261.092
2,44,1035,-253.115,-252.68,-252.445
2,45,1065,-233.064,-233.475,-234.24
2,46,1095,-239.785,-240.135,-240.936
2,47,1125,-236.092,-236.239,-236.481
2,48,1155,-232.299,-231.351,-231.909
2,49,1185,-226.876,-226.418,-226.825
2,50,1215,-216.609,-216.938,-217.29
2,51,1245,-220.358,-220.4,-220.705
2,52,1275,-232.854,-232.6,-231.861
3,0,-285,-138.446,-138.865,-138.816
3,1,-255,-118.914,-118.954,-119.4
3,2,-225,-130.172,-131.041,-130.463
3,3,-195,-164.454,-165.253,-164.913
3,4,-165,-157.657,-158.355,-158.107
3,5,-135,-135.567,-135.88,-135.852
3,6,-105,-146.491,-147.09,-146.659
3,7,-75,-150.661,-150.972,-150.652
3,8,-45,-161.815,-161.86,-162.231
3,9,-15,-175.533,-175.365,-175.989
3,10,15,-177.513,-177.62,-177.687
3,11,45,-183.541,-184.496,-183.786
3,12,75,-186.115,-185.636,-186.184
3,13,105,-204.834,-204.357,-204.292
3,14,135,-224.496,-224.347,-224.288
3,15,165,-248.322,-246.048,-246.759
3,16,195,-280.973,-273.709,-273.733
3,17,225,-299.089,-286.762,-287.92
3,18,255,-287.626,-277.18,-277.47
3,19,285,-288.518,-279.259,-279.324
3,20,315,-310.174,-298.828,-298.576
3,21,345,-315.801,-304.141,-303.699
3,22,375,-301.389,-292.436,-292.357
3,23,405,-305.913,-297.683,-297.673
3,24,435,-327.312,-316.011,-315.296
3,25,465,-330.686,-318.744,-318.246
3,26,495,-322.874,-313.267,-313.463
3,27,525,-314.43,-305.106,-305.071
3,28,555,-320.799,-310.104,-309.865
3,29,585,-305.419,-294.735,-294.783
3,30,615,-280.312,-273.243,-273.149
3,31,645,-273.667,-267.572,-267.259
3,32,675,-282.661,-273.613,-273.77
3,33,705,-283.21,-275.061,-274.746
3,34,735,-262.742,-258.494,-258.703
3,35,765,-245.645,-242.709,-241.89
3,36,795,-256.774,-252.951,-252.719
3,37,825,-266.846,-262.604,-262.984
3,38,855,-262.459,-259.272,-259.633
3,39,885,-251.439,-249.296,-249.073
3,40,915,-233.182,-230.494,-230.419
3,41,945,-220.575,-218.889,-219.113
3,42,975,-219.372,-219.894,-219.396
3,43,1005,-217.172,-217.846,-216.791
3,44,1035,-219.322,-218.972,-219.532
3,45,1065,-213.321,-213.25,-213.028
3,46,1095,-205.181,-205.122,-205.668
3,47,1125,-203.184,-202.885,-203.627
3,48,1155,-203.247,-203.607,-203.355
3,49,1185,-184.219,-184.697,-184.464
3,50,1215,-184.458,-185.097,-184.896
3,51,1245,-204.055,-204.037,-204.085
3,52,1275,-184.734,-185.115,-185.08
4,0,-285,-136.087,-136.213,-136.775
4,1,-255,-134.304,-134.621,-134.428
4,2,-225,-120,-120.092,-120.773
4,3,-195,-113.939,-113.963,-114.779
4,4,-165,-114.973,-114.69,-115.476
4,5,-135,-118.877,-118.734,-118.786
4,6,-105,-132.588,-132.912,-132.573
4,7,-75,-137.213,-137.594,-137.372
4,8,-45,-154.169,-153.841,-154.323
4,9,-15,-165.479,-164.464,-166.076
4,10,15,-179.305,-178.632,-179.63
4,11,45,-177.63,-177.387,-178.065
4,12,75,-161.463,-161.274,-162.228
4,13,105,-163.363,-163.72,-163.939
4,14,135,-173.996,-173.625,-173.931
4,15,165,-195.643,-194.628,-194.707
4,16,195,-217.333,-214.603,-213.964
4,17,225,-214.514,-212.041,-212.515
4,18,255,-213.25,-210.895,-211.161
4,19,285,-216.789,-214.611,-214.046
4,20,315,-212.506,-209.834,-210.032
4,21,345,-212.933,-211.233,-211.114
4,22,375,-218.181,-216.298,-216.552
4,23,405,-208.23,-207.381,-207.664
4,24,435,-210.16,-209.042,-209.111
4,25,465,-223.954,-222.204,-222.582
4,26,495,-235.837,-233.036,-231.403
4,27,525,-244.152,-239.823,-239.28
4,28,555,-253.111,-247.21,-247.58
4,29,585,-254.741,-249.447,-249.255
4,30,615,-255.105,-248.471,-248.818
4,31,645,-270.107,-260.258,-261.525
4,32,675,-285.052,-274.013,-274.625
4,33,705,-273.202,-262.215,-262.568
4,34,735,-272.536,-261.875,-262.214
4,35,765,-270.995,-259.315,-259.224
4,36,795,-273.763,-265.141,-264.123
4,37,825,-265.098,-258.363,-258.681
4,38,855,-266.453,-261.503,-261.46
4,39,885,-258.445,-253.937,-253.872
4,40,915,-240.542,-238.325,-238.181
4,41,945,-222.916,-221.914,-222.49
4,42,975,-227.396,-227.07,-226.997
4,43,1005,-226.469,-226.253,-226.495
4,44,1035,-209.736,-209.728,-210.079
4,45,1065,-195.845,-195.926,-195.591
4,46,1095,-200.332,-199.932,-200.028
4,47,1125,-185.768,-185.521,-185.943
4,48,1155,-169.773,-170.03,-169.679
4,49,1185,-159.446,-159.579,-159.572
4,50,1215,-160.233,-160.773,-160.176
4,51,1245,-166.865,-167.297,-166.701
4,52,1275,-179.329,-179.628,-178.9
5,0,-285,-104.299,-104.612,-104.145
5,1,-255,-104.486,-104.739,-104.53
5,2,-225,-89.6943,-89.7503,-89.7388
5,3,-195,-102.48,-102.847,-102.694
5,4,-165,-109.637,-109.721,-109.998
5,5,-135,-113.119,-114.053,-113.71
5,6,-105,-123.542,-124.6,-123.694
5,7,-75,-144.843,-144.461,-144.151
5,8,-45,-141.752,-141.491,-140.369
5,9,-15,-134.079,-134.221,-133.306
5,10,15,-156.442,-156.559,-156.595
5,11,45,-161.27,-161.24,-161.184
5,12,75,-177.294,-176.541,-176.579
5,13,105,-186.283,-185.499,-186.817
5,14,135,-183.525,-182.697,-182.672
5,15,165,-210.873,-209.227,-209.217
5,16,195,-227.239,-223.774,-223.831
5,17,225,-252.626,-245.797,-246.397
5,18,255,-282.528,-271.954,-271.731
5,19,285,-300.213,-287.155,-286.368
5,20,315,-302.553,-289.678,-289.229
5,21,345,-292.653,-281.124,-281.871
5,22,375,-281.832,-271.079,-271.868
5,23,405,-288.425,-277.752,-278.288
5,24,435,-303.472,-291.027,-291.341
5,25,465,-312.998,-300.64,-300.376
5,26,495,-308.79,-300.238,-300.408
5,27,525,-285.107,-279.912,-280.321
5,28,555,-265.979,-262.163,-263.319
5,29,585,-257.355,-253.363,-253.757
5,30,615,-249.953,-245.847,-245.658
5,31,645,-253.357,-250.847,-250.128
5,32,675,-246.671,-243.469,-243.461
5,33,705,-243.578,-238.535,-238.341
5,34,735,-255.141,-248.002,-248.172
5,35,765,-260.283,-254.187,-254.56
5,36,795,-244.34,-240.679,-241.16
5,37,825,-227.124,-224.572,-224.688
5,38,855,-237.614,-235.68,-235.108
5,39,885,-235.053,-234.043,-233.911
5,40,915,-207.719,-207.244,-207.044
5,41,945,-203.33,-203.107,-203.064
5,42,975,-207.083,-207.107,-206.633
5,43,1005,-207.419,-207.347,-206.909
5,44,1035,-210.443,-210.274,-209.956
5,45,1065,-211.19,-210.503,-210.616
5,46,1095,-192.789,-192.639,-191.918
5,47,1125,-181.455,-181.529,-180.819
5,48,1155,-182.195,-182.309,-181.981
5,49,1185,-180.292,-180.061,-178.501
5,50,1215,-176.031,-175.769,-175.6
5,51,1245,-176.37,-176.632,-176.764
5,52,1275,-173.329,-173.477,-173.33
6,0,-285,-108.248,-108.943,-108.537
6,1,-255,-122.379,-122.982,-122.635
6,2,-225,-123.108,-123.378,-123.192
6,3,-195,-122.026,-122.088,-122.046
6,4,-165,-128.117,-127.969,-128.359
6,5,-135,-130.822,-131.06,-130.859
6,6,-105,-131.362,-131.587,-131.707
6,7,-75,-123.01,-123.169,-123.774
6,8,-45,-123.53,-123.504,-123.906
6,9,-15,-136.003,-136.049,-136.747
6,10,15,-151.583,-151.799,-151.004
6,11,45,-162.636,-162.506,-162.57
6,12,75,-174.31,-174.192,-173.962
6,13,105,-162.461,-162.411,-162.389
6,14,135,-159.49,-159.55,-159.738
6,15,165,-181.242,-181.341,-181.393
6,16,195,-218.107,-214.005,-214.086
6,17,225,-243.453,-236.066,-236.606
6,18,255,-260.269,-250.781,-250.912
6,19,285,-280.586,-266.853,-266.835
6,20,315,-301.685,-286.719,-287.018
6,21,345,-285.654,-275.079,-275.205
6,22,375,-257.661,-251.754,-251.467
6,23,405,-259.049,-252.273,-252.387
6,24,435,-271.371,-260.094,-260.952
6,25,465,-271.117,-262.368,-262.606
6,26,495,-248.157,-244.114,-243.709
6,27,525,-224.604,-221.252,-221.284
6,28,555,-217.838,-215.567,-215.563
6,29,585,-221.219,-219.376,-219.607
6,30,615,-223.983,-221.705,-221.031
6,31,645,-221.795,-218.75,-219.433
6,32,675,-222.029,-220.399,-220.494
6,33,705,-212.531,-211.46,-212.117
6,34,735,-204.845,-203.825,-203.728
6,35,765,-196.026,-195.414,-195.752
6,36,795,-178.218,-178.291,-178.581
6,37,825,-171.29,-171.592,-171.791
6,38,855,-175.247,-175.342,-175.856
6,39,885,-173.793,-173.678,-174.336
6,40,915,-172.616,-172.898,-172.6
6,41,945,-175.763,-175.893,-175.812
6,42,975,-173.086,-173.281,-173.671
6,43,1005,-181.444,-182.188,-182.059
6,44,1035,-195.198,-195.27,-194.912
6,45,1065,-194.36,-194.023,-193.847
6,46,1095,-197.295,-198.289,-196.951
6,47,1125,-197.683,-198.637,-198.122
6,48,1155,-180.927,-181.231,-181.192
6,49,1185,-176.656,-177.346,-177.092
6,50,1215,-199.244,-198.56,-198.514
6,51,1245,-196.084,-195.479,-195.003
6,52,1275,-169.392,-169.877,-169.668
7,0,-285,-140.849,-141.378,-141.487
7,1,-255,-137.35,-137.804,-138.194
7,2,-225,-143.794,-144.109,-144.71
7,3,-195,-147.637,-148.434,-147.738
7,4,-165,-154.152,-154.682,-154.804
7,5,-135,-170.952,-171.661,-171.408
7,6,-105,-161.842,-161.953,-162.184
7,7,-75,-143.697,-143.524,-144.865
7,8,-45,-152.984,-154.021,-153.668
7,9,-15,-166.421,-166.775,-166.814
7,10,15,-160.631,-160.458,-161.119
7,11,45,-167.979,-168.196,-168.523
7,12,75,-201.054,-201.505,-201.461
7,13,105,-208.16,-208.988,-208.488
7,14,135,-200.164,-200.842,-200.577
7,15,165,-255.226,-251.775,-250.621
7,16,195,-328.149,-320.48,-320.142
7,17,225,-339.613,-331.072,-331.227
7,18,255,-296.851,-290.769,-290.638
7,19,285,-267.392,-264.174,-264.406
7,20,315,-273.755,-270.062,-269.811
7,21,345,-287.216,-279.655,-279.824
7,22,375,-314.948,-303.525,-304.866
7,23,405,-338.169,-321.646,-322.303
7,24,435,-353.926,-336.134,-335.025
7,25,465,-361.178,-341.608,-341.269
7,26,495,-360.63,-342.809,-342.794
7,27,525,-351.217,-335.745,-335.345
7,28,555,-338.478,-324.303,-324.07
7,29,585,-332.884,-320.041,-319.647
7,30,615,-329.617,-317.153,-317.13
7,31,645,-331.955,-319.305,-319.404
7,32,675,-333.447,-319.967,-319.442
7,33,705,-332.579,-316.996,-316.346
7,34,735,-334.095,-319.156,-318.715
7,35,765,-326.833,-314.499,-314.508
7,36,795,-309.913,-301.807,-301.593
7,37,825,-283.061,-277.809,-278.346
7,38,855,-269.65,-266.506,-266.794
7,39,885,-260.059,-257.556,-258.328
7,40,915,-254.261,-252.11,-252.987
7,41,945,-239.535,-239.094,-239.532
7,42,975,-214.082,-214.813,-214.371
7,43,1005,-207.431,-207.875,-207.95
7,44,1035,-206.496,-207.161,-207.037
7,45,1065,-193.21,-193.325,-194.025
7,46,1095,-188.351,-188.482,-189.21
7,47,1125,-206.434,-207.149,-207.099
7,48,1155,-210.786,-211.854,-211.223
7,49,1185,-204.516,-205.216,-205.236
7,50,1215,-212.949,-213.951,-213.687
7,51,1245,-210.189,-210.749,-210.649
7,52,1275,-209.28,-209.926,-209.594
8,0,-285,-106.957,-107.859,-107.388
8,1,-255,-104.743,-104.983,-105.282
8,2,-225,-97.0551,-97.7061,-97.0494
8,3,-195,-104.883,-106.469,-105.179
8,4,-165,-114.291,-114.555,-115.026
8,5,-135,-117.434,-117.134,-116.809
8,6,-105,-121.464,-121.691,-121.734
8,7,-75,-118.46,-118.549,-118.227
8,8,-45,-130.532,-130.949,-130.637
8,9,-15,-140.767,-140.975,-141.323
8,10,15,-150.736,-150.834,-150.815
8,11,45,-157.126,-157.249,-157.208
8,12,75,-155.133,-155.555,-155.092
8,13,105,-159.064,-157.985,-158.645
8,14,135,-195.829,-193.996,-194.491
8,15,165,-249.472,-243.315,-243.748
8,16,195,-290.766,-276.891,-277.414
8,17,225,-314.569,-297.047,-297.41
8,18,255,-319.136,-301.362,-302.084
8,19,285,-304.313,-287.209,-287.544
8,20,315,-302.279,-285.86,-286.239
8,21,345,-317.086,-302.512,-302.668
8,22,375,-323.093,-306.86,-306.864
8,23,405,-305.374,-293.421,-293.528
8,24,435,-281.331,-275.659,-275.193
8,25,465,-305.811,-291.877,-291.239
8,26,495,-333.204,-311.683,-311.456
8,27,525,-320.961,-302.569,-302.294
8,28,555,-291.754,-283.244,-284.142
8,29,585,-271.584,-265.172,-265.476
8,30,615,-254.57,-248.117,-247.994
8,31,645,-234.961,-231.253,-231.085
8,32,675,-229.014,-226.678,-226.467
8,33,705,-238.462,-235.009,-235.099
8,34,735,-248.76,-243.468,-244.425
8,35,765,-252.01,-246.496,-246.988
8,36,795,-254.47,-249.826,-249.583
8,37,825,-250.44,-244.891,-244.994
8,38,855,-251.493,-245.497,-245.429
8,39,885,-244.678,-239.607,-239.71
8,40,915,-231.54,-227.901,-229.252
8,41,945,-219.081,-217.381,-217.155
8,42,975,-214.871,-214.189,-214.111
8,43,1005,-189.295,-188.381,-188.515
8,44,1035,-181.846,-181.424,-181.33
8,45,1065,-200.955,-200.808,-199.817
8,46,1095,-194.589,-194.152,-194.147
8,47,1125,-183.825,-185.06,-185.073
8,48,1155,-183.119,-183.639,-182.589
8,49,1185,-174.229,-174.336,-174.602
8,50,1215,-152.399,-153.01,-152.28
8,51,1245,-130.68,-130.69,-131.667
8,52,1275,-134.852,-135.023,-134.081
9,0,-285,-125.297,-125.745,-126.472
9,1,-255,-139.39,-140.283,-139.567
9,2,-225,-139.87,-140.356,-140.172
9,3,-195,-126.243,-126.319,-126.526
9,4,-165,-123.45,-123.617,-124.678
9,5,-135,-167.788,-172.132,-167.784
9,6,-105,-181.078,-182.933,-182.094
9,7,-75,-146.793,-147.284,-147.203
9,8,-45,-137.074,-137.2,-137.557
9,9,-15,-169.134,-169.845,-170.283
9,10,15,-186.494,-186.176,-186.501
9,11,45,-177.547,-178.026,-177.828
9,12,75,-179.653,-179.804,-180.179
9,13,105,-189.215,-189.252,-189.407
9,14,135,-166.729,-165.876,-165.906
9,15,165,-184.528,-184.726,-185.734
9,16,195,-204.147,-201.992,-201.745
9,17,225,-215.495,-212.057,-213.443
9,18,255,-233.786,-228.338,-228.2
9,19,285,-270.938,-260.077,-260.236
9,20,315,-299.088,-283.292,-282.762
9,21,345,-316.092,-299.681,-299.365
9,22,375,-331.668,-309.943,-309.507
9,23,405,-344.663,-318.48,-318.055
9,24,435,-325.458,-304.983,-303.728
9,25,465,-297.687,-284.018,-284.713
9,26,495,-308.844,-295.267,-295.458
9,27,525,-320.651,-308.013,-307.373
9,28,555,-289.891,-282.101,-281.125
9,29,585,-256.997,-254.373,-254.431
9,30,615,-262.691,-256.959,-257.252
9,31,645,-270.834,-265.005,-263.468
9,32,675,-260.479,-256.486,-256.25
9,33,705,-246.104,-242.624,-242.353
9,34,735,-257.066,-253.391,-252.945
9,35,765,-259.604,-255.914,-256.406
9,36,795,-235.069,-233.691,-235.15
9,37,825,-228.124,-227.179,-227.421
9,38,855,-238.773,-237.071,-236.862
9,39,885,-227.895,-226.064,-225.876
9,40,915,-220.092,-219.28,-219.237
9,41,945,-229.013,-228.987,-229.73
9,42,975,-210.756,-210.457,-210.164
9,43,1005,-191.484,-191.693,-191.473
9,44,1035,-213.903,-214.172,-213.515
9,45,1065,-214.142,-214.213,-213.362
9,46,1095,-210.467,-210.565,-210.912
9,47,1125,-203.654,-203.101,-203.206
9,48,1155,-203.639,-203.579,-203.377
9,49,1185,-203.89,-204.062,-204.18
9,50,1215,-193.433,-193.567,-194.116
9,51,1245,-189.835,-189.861,-190.066
9,52,1275,-189.978,-189.936,-190.528
10,0,-285,-122.628,-122.628,-122.218
10,1,-255,-118.538,-118.661,-119.15
10,2,-225,-120.078,-120.249,-120.16
10,3,-195,-119.329,-119.333,-119.638
10,4,-165,-110.866,-110.435,-111.14
10,5,-135,-121.093,-120.808,-121.017
10,6,-105,-135.697,-135.866,-136.3
10,7,-75,-120.088,-119.963,-119.704
10,8,-45,-111.968,-112.391,-112.639
10,9,-15,-145.276,-145.295,-145.912
10,10,15,-142.115,-141.993,-142.019
10,11,45,-133.348,-133.724,-133.663
10,12,75,-133.933,-134.505,-133.865
10,13,105,-156.432,-156.848,-155.804
10,14,135,-168.221,-168.778,-166.782
10,15,165,-179.018,-179.302,-177.967
10,16,195,-223.023,-219.958,-220.277
10,17,225,-244.25,-237.443,-237.934
10,18,255,-260.306,-251.199,-251.257
10,19,285,-300.628,-283.318,-283.773
10,20,315,-356.181,-328.209,-328.649
10,21,345,-391.231,-359.242,-359.508
10,22,375,-413.3,-380.279,-379.339
10,23,405,-441.229,-405.589,-404.671
10,24,435,-450.243,-414.492,-412.026
10,25,465,-415.503,-386.357,-384.348
10,26,495,-366.9,-348.508,-348.863
10,27,525,-346.802,-332.954,-332.906
10,28,555,-328.882,-316.704,-316.335
10,29,585,-291.221,-285.48,-284.671
10,30,615,-253.052,-250.122,-249.232
10,31,645,-237.84,-233.934,-232.974
10,32,675,-226.197,-220.961,-220.424
10,33,705,-232.046,-230.285,-229.657
10,34,735,-224.952,-222.965,-224.396
10,35,765,-198.325,-197.511,-196.757
10,36,795,-179.853,-178.859,-180.464
10,37,825,-192.342,-191.705,-192.023
10,38,855,-186.208,-186.409,-185.921
10,39,885,-169.747,-169.78,-169.632
10,40,915,-180.027,-180.028,-179.909
10,41,945,-177.963,-177.856,-178.195
10,42,975,-173.757,-174.09,-174.15
10,43,1005,-162.481,-162.554,-161.982
10,44,1035,-160.585,-160.547,-160.258
10,45,1065,-164.794,-164.919,-165.062
10,46,1095,-160.199,-160.233,-160.202
10,47,1125,-159.866,-159.565,-159.617
10,48,1155,-161.104,-161.161,-161.171
10,49,1185,-137.511,-136.881,-137.317
10,50,1215,-128.229,-127.592,-127.316
10,51,1245,-134.547,-133.582,-133.129
10,52,1275,-140.561,-140.35,-140.279
11,0,-285,-128.898,-128.572,-129.154
11,1,-255,-133.638,-133.509,-133.675
11,2,-225,-123.702,-124.244,-123.687
11,3,-195,-118.815,-119.271,-119.437
11,4,-165,-120.61,-121.84,-120.89
11,5,-135,-134.624,-135.522,-134.652
11,6,-105,-127.532,-128.599,-127.565
11,7,-75,-121.5,-122.172,-121.142
11,8,-45,-126.115,-126.661,-126.397
11,9,-15,-136.497,-136.877,-137.31
11,10,15,-140.153,-140.507,-141.141
11,11,45,-130.566,-130.844,-130.703
11,12,75,-153.123,-152.757,-152.98
11,13,105,-175.852,-175.02,-174.975
11,14,135,-183.445,-182.516,-183.051
11,15,165,-165.87,-164.988,-165.064
11,16,195,-188.112,-185.933,-186.824
11,17,225,-206.14,-204.536,-204.985
11,18,255,-202.239,-199.66,-199.784
11,19,285,-205.474,-201.447,-201.642
11,20,315,-222.756,-218.704,-218.009
11,21,345,-257.092,-250.47,-249.891
11,22,375,-316.899,-301.617,-300.016
11,23,405,-351.203,-328.892,-328.386
11,24,435,-334.822,-310.471,-310.3
11,25,465,-300.298,-286.075,-285.247
11,26,495,-275.3,-267.515,-267.439
11,27,525,-265.792,-259.94,-260.125
11,28,555,-255.164,-249.805,-250.156
11,29,585,-255.31,-249.937,-249.864
11,30,615,-259.255,-252.204,-252.971
11,31,645,-258.323,-251.857,-252.195
11,32,675,-266.773,-260.964,-261.152
11,33,705,-272.134,-266.51,-267.67
11,34,735,-259.533,-253.718,-254.051
11,35,765,-245.195,-240.662,-242.394
11,36,795,-231.565,-228.755,-230.598
11,37,825,-232.373,-230.439,-230.907
11,38,855,-223.838,-221.726,-221.515
11,39,885,-218.762,-217.484,-216.696
11,40,915,-217.48,-217.941,-216.487
11,41,945,-222.122,-222.373,-220.752
11,42,975,-209.691,-211.129,-208.83
11,43,1005,-192.667,-194.587,-192.544
11,44,1035,-196.47,-197.049,-195.74
11,45,1065,-210.988,-211.049,-210.01
11,46,1095,-209.643,-208.667,-209.133
11,47,1125,-188.203,-187.041,-188.162
11,48,1155,-192.59,-191.496,-192.166
11,49,1185,-208.115,-206.232,-206.937
11,50,1215,-200.068,-198.06,-200.864
11,51,1245,-181.957,-181.11,-182.21
11,52,1275,-172.503,-172.368,-172.737
12,0,-285,-94.2474,-95.0225,-95.505
12,1,-255,-78.6064,-78.5126,-78.5878
12,2,-225,-71.257,-70.6812,-71.1586
12,3,-195,-82.1755,-82.1696,-82.2381
12,4,-165,-89.8606,-90.0791,-90.0816
12,5,-135,-97.713,-97.737,-98.0971
12,6,-105,-126.603,-126.874,-127.129
12,7,-75,-146.895,-146.74,-147.076
12,8,-45,-163.871,-164.259,-164.024
12,9,-15,-158.005,-158.161,-157.852
12,10,15,-170.233,-170.525,-170.528
12,11,45,-163.474,-163.593,-164.259
12,12,75,-152.933,-153.425,-153.14
12,13,105,-178.011,-178.383,-177.757
12,14,135,-211.777,-209.529,-210.209
12,15,165,-219.888,-214.58,-214.744
12,16,195,-218.362,-211.872,-213.703
12,17,225,-237.917,-229.639,-229.654
12,18,255,-247.415,-237.947,-237.464
12,19,285,-241.162,-234.011,-233.047
12,20,315,-245.267,-237.628,-238.306
12,21,345,-266.02,-258.4,-258.178
12,22,375,-279.538,-267.816,-268.13
12,23,405,-316.211,-296.556,-296.662
12,24,435,-365.654,-341.222,-340.534
12,25,465,-368.296,-345.91,-344.503
12,26,495,-325.493,-309.796,-309.941
12,27,525,-328.803,-314.013,-313.645
12,28,555,-374.376,-353.073,-352.598
12,29,585,-372.525,-350.133,-349.92
12,30,615,-333.717,-319.55,-320.107
12,31,645,-312.766,-301.921,-302.423
12,32,675,-317.635,-305.227,-305.763
12,33,705,-292.259,-282.87,-282.425
12,34,735,-249.951,-245.344,-245.571
12,35,765,-239.892,-236.942,-237.734
12,36,795,-237.186,-234.283,-234.812
12,37,825,-236.467,-235.007,-235.441
12,38,855,-226.203,-224.926,-224.233
12,39,885,-213.619,-211.787,-211.269
12,40,915,-200.558,-199.333,-198.797
12,41,945,-183.415,-182.92,-183.049
12,42,975,-183.96,-183.567,-183.872
12,43,1005,-188.63,-188.645,-188.968
12,44,1035,-162.28,-162.351,-162.567
12,45,1065,-155.105,-155.19,-155.184
12,46,1095,-156.391,-156.418,-156.553
12,47,1125,-150.987,-150.634,-150.521
12,48,1155,-130.23,-130.373,-129.732
12,49,1185,-127.28,-127.522,-126.954
12,50,1215,-141.566,-141.325,-141.989
12,51,1245,-139.417,-139.441,-139.45
12,52,1275,-145.544,-144.618,-145.877
13,0,-285,-111.393,-111.35,-111.703
13,1,-255,-114.123,-114.573,-114.126
13,2,-225,-93.776,-94.1125,-93.8748
13,3,-195,-94.1691,-94.2991,-94.4968
13,4,-165,-111.793,-110.996,-111.054
13,5,-135,-127.148,-127.37,-127.276
13,6,-105,-97.6348,-97.8287,-97.1187
13,7,-75,-102.503,-102.988,-102.997
13,8,-45,-121.32,-121.447,-121.947
13,9,-15,-145.68,-145.851,-145.835
13,10,15,-183.214,-182.566,-182.717
13,11,45,-173.193,-172.88,-173.048
13,12,75,-136.733,-136.548,-137.037
13,13,105,-149.407,-149.814,-150.886
13,14,135,-194.069,-190.595,-191.234
13,15,165,-238.492,-230.344,-229.983
13,16,195,-258.335,-246.993,-247
13,17,225,-284.006,-268.07,-268.843
13,18,255,-328.212,-304.098,-303.82
13,19,285,-358.397,-327.53,-326.704
13,20,315,-355.122,-326.782,-326.06
13,21,345,-320.192,-298.1,-297.101
13,22,375,-295.625,-279.038,-278.021
13,23,405,-301.138,-285.544,-285.548
13,24,435,-299.793,-283.763,-283.999
13,25,465,-292.605,-279.31,-279.234
13,26,495,-298.689,-284.67,-284.972
13,27,525,-313.709,-299.189,-299.398
13,28,555,-305.729,-292.787,-292.073
13,29,585,-290.658,-278.971,-279.335
13,30,615,-308.663,-295.665,-295.655
13,31,645,-325.383,-309.652,-309.053
13,32,675,-306.972,-293.396,-293.186
13,33,705,-275.181,-267.655,-267.709
13,34,735,-256.747,-252.058,-252.385
13,35,765,-252.691,-247.805,-248.079
13,36,795,-246.427,-241.784,-241.919
13,37,825,-232.147,-227.8,-227.959
13,38,855,-223.931,-220.573,-220.319
13,39,885,-205.711,-203.998,-203.716
13,40,915,-184.755,-184.342,-184.224
13,41,945,-175.256,-174.471,-174.728
13,42,975,-169.383,-167.939,-168.372
13,43,1005,-176.282,-176.245,-176.564
13,44,1035,-149.166,-149.627,-149.316
13,45,1065,-150.855,-151.096,-151.298
13,46,1095,-144.673,-144.715,-144.908
13,47,1125,-143.711,-143.989,-143.81
13,48,1155,-133.615,-133.685,-133.543
13,49,1185,-127.737,-127.811,-128.557
13,50,1215,-136.37,-136.678,-137.155
13,51,1245,-132.371,-132.835,-132.629
13,52,1275,-129.391,-129.88,-129.926
14,0,-285,-135.192,-135.631,-135.356
14,1,-255,-132.832,-132.312,-131.845
14,2,-225,-128.954,-128.897,-129.131
14,3,-195,-128.394,-128.148,-128.634
14,4,-165,-116.653,-117.121,-116.789
14,5,-135,-127.916,-128.567,-128.744
14,6,-105,-139.724,-140.651,-140.335
14,7,-75,-151.854,-152.189,-151.946
14,8,-45,-172.046,-171.355,-171.477
14,9,-15,-182.414,-182.474,-182.987
14,10,15,-168.324,-168.364,-168.662
14,11,45,-170.845,-169.819,-170.181
14,12,75,-199.101,-199.035,-199.832
14,13,105,-214.404,-214.823,-214.62
14,14,135,-350.257,-329.775,-330.887
14,15,165,-457.728,-422.964,-423.42
14,16,195,-464.128,-428.632,-427.569
14,17,225,-401.96,-374.792,-373.188
14,18,255,-370.844,-349.713,-349.58
14,19,285,-401.467,-371.802,-371.597
14,20,315,-423.672,-388.42,-387.879
14,21,345,-435.664,-398.035,-398.667
14,22,375,-454.829,-411.318,-410.903
14,23,405,-468.822,-423.246,-423.519
14,24,435,-449.772,-406.905,-405.336
14,25,465,-412.768,-379.16,-377.691
14,26,495,-385.493,-360.144,-358.973
14,27,525,-378.494,-356.377,-353.866
14,28,555,-379.273,-359.699,-357.221
14,29,585,-372.807,-355.853,-354.234
14,30,615,-358.111,-341.186,-340.315
14,31,645,-336.688,-320.67,-321.013
14,32,675,-312.547,-298.78,-299.016
14,33,705,-300.4,-288.631,-288.209
14,34,735,-296.944,-286.825,-286.783
14,35,765,-270.016,-263.279,-263.071
14,36,795,-233.665,-231.711,-231.778
14,37,825,-212.078,-212.07,-211.535
14,38,855,-203.185,-202.959,-203.205
14,39,885,-202.82,-202.111,-203.396
14,40,915,-208.811,-207.705,-207.458
14,41,945,-212.104,-211.904,-211.53
14,42,975,-203.825,-203.547,-204.044
14,43,1005,-199.543,-199.357,-199.702
14,44,1035,-205.733,-204.907,-204.829
14,45,1065,-202.867,-201.571,-202.276
14,46,1095,-195.453,-194.641,-194.368
14,47,1125,-208.037,-207.55,-207.675
14,48,1155,-204.8,-203.447,-204.052
14,49,1185,-208.815,-207.241,-207.838
14,50,1215,-192.572,-191.707,-192.329
14,51,1245,-171.589,-172.016,-171.874
14,52,1275,-173.006,-173.341,-173.949
15,0,-285,-107.379,-106.791,-106.995
15,1,-255,-110.134,-110.139,-110.349
15,2,-225,-113.863,-114.125,-113.892
15,3,-195,-114.379,-114.494,-114.419
15,4,-165,-124.257,-124.754,-124.636
15,5,-135,-119.485,-119.448,-119.337
15,6,-105,-133.114,-133.212,-133.975
15,7,-75,-148.975,-147.817,-147.483
15,8,-45,-138.19,-137.2,-137.444
15,9,-15,-120.276,-120.787,-120.356
15,10,15,-134.969,-135.06,-135.169
15,11,45,-155.211,-154.451,-154.99
15,12,75,-148.787,-149.003,-149.506
15,13,105,-162.823,-161.976,-161.793
15,14,135,-263.331,-247.123,-247.595
15,15,165,-329.536,-303.636,-304.608
15,16,195,-321.384,-297.69,-298.226
15,17,225,-287.516,-271.273,-271.905
15,18,255,-287.136,-271.46,-271.306
15,19,285,-293.611,-275.038,-274.835
15,20,315,-286.25,-271.138,-270.979
15,21,345,-268.63,-254.977,-254.573
15,22,375,-274.277,-258.886,-258.746
15,23,405,-289.732,-273.649,-272.222
15,24,435,-301.772,-285.822,-285.572
15,25,465,-319.873,-302.516,-303.075
15,26,495,-331.239,-309.55,-309.708
15,27,525,-334.306,-312.439,-313.52
15,28,555,-322.13,-302.779,-303.964
15,29,585,-312.393,-295.507,-295.997
15,30,615,-311.642,-295.249,-295.864
15,31,645,-304.823,-289.239,-289.223
15,32,675,-283.225,-270.274,-270.346
15,33,705,-262.164,-253.767,-253.235
15,34,735,-259.11,-251.116,-251.041
15,35,765,-268.63,-260.247,-260.631
15,36,795,-257.616,-250.037,-250.012
15,37,825,-219.343,-214.65,-215.539
15,38,855,-190.753,-189.558,-189.964
15,39,885,-193.998,-192.782,-193.033
15,40,915,-197.166,-196.036,-196.189
15,41,945,-176.237,-175.87,-175.623
15,42,975,-165.673,-165.749,-165.897
15,43,1005,-164.426,-164.408,-164.601
15,44,1035,-152.944,-153.182,-153.225
15,45,1065,-152.125,-152.339,-152.335
15,46,1095,-159.252,-159.422,-159.526
15,47,1125,-154.2,-155.299,-153.874
15,48,1155,-155.421,-155.296,-155.691
15,49,1185,-149.664,-149.034,-149.247
15,50,1215,-137.573,-137.526,-138.968
15,51,1245,-138.579,-139.288,-140.614
15,52,1275,-128.212,-128.096,-128.764
16,0,-285,-104.147,-104.086,-104.55
16,1,-255,-107.475,-107.65,-107.485
16,2,-225,-100.482,-101.159,-100.112
16,3,-195,-102.679,-102.803,-102.663
16,4,-165,-107.411,-107.02,-107.016
16,5,-135,-123.908,-123.767,-124.224
16,6,-105,-122.788,-124.092,-123.191
16,7,-75,-131.056,-130.696,-129.603
16,8,-45,-140.463,-140.69,-139.817
16,9,-15,-124.088,-124.361,-124.603
16,10,15,-124.114,-124.956,-124.203
16,11,45,-139.454,-139.205,-139.531
16,12,75,-133.312,-133.442,-133.138
16,13,105,-129.921,-130.509,-130.368
16,14,135,-188.292,-187.018,-187.366
16,15,165,-222.127,-218.251,-218.936
16,16,195,-198.439,-193.376,-193.676
16,17,225,-210.447,-204.455,-205.343
16,18,255,-252.44,-244.412,-244.638
16,19,285,-270.549,-258.205,-258.159
16,20,315,-277.833,-262.909,-262.155
16,21,345,-276.785,-262.989,-262.294
16,22,375,-266.168,-253.304,-252.948
16,23,405,-277.288,-265.243,-263.328
16,24,435,-286.999,-269.147,-268.817
16,25,465,-277.056,-257.363,-256.896
16,26,495,-266.44,-250.368,-249.724
16,27,525,-282.34,-267.347,-265.016
16,28,555,-297.521,-276.326,-275.995
16,29,585,-305.855,-288.944,-289.056
16,30,615,-275.34,-264.198,-263.403
16,31,645,-271.169,-260.446,-260.679
16,32,675,-283.416,-274.098,-274.062
16,33,705,-247.736,-240.163,-240.216
16,34,735,-209.148,-203.413,-202.594
16,35,765,-229.827,-224.113,-225.129
16,36,795,-224.581,-219.748,-221.291
16,37,825,-194.584,-190.237,-190.468
16,38,855,-220.754,-216.714,-217.409
16,39,885,-216.89,-213.512,-213.147
16,40,915,-168.426,-166.313,-165.795
16,41,945,-170.581,-168.233,-168.208
16,42,975,-203.115,-199.51,-200.456
16,43,1005,-194.977,-192.482,-193.449
16,44,1035,-145.051,-144.42,-144.954
16,45,1065,-145.019,-144.508,-144.062
16,46,1095,-187.995,-184.863,-184.45
16,47,1125,-195.578,-194.395,-193.55
16,48,1155,-145.237,-145.242,-144.908
16,49,1185,-141.169,-140.948,-141.607
16,50,1215,-149.65,-149.206,-149.128
16,51,1245,-135.968,-135.302,-135.073
16,52,1275,-118.852,-118.85,-118.859
17,0,-285,-125.671,-125.733,-125.894
17,1,-255,-123.028,-123.023,-123.01
17,2,-225,-109.426,-109.507,-109.398
17,3,-195,-99.6843,-99.7227,-100.324
17,4,-165,-105.727,-105.811,-105.767
17,5,-135,-142.333,-142.732,-141.922
17,6,-105,-139.273,-140.055,-139.627
17,7,-75,-121.233,-121.576,-121.797
17,8,-45,-107.848,-107.708,-107.963
17,9,-15,-124.88,-125.457,-125.954
17,10,15,-121.133,-121.636,-121.298
17,11,45,-119.545,-119.886,-119.162
17,12,75,-122.902,-123.252,-122.96
17,13,105,-163.043,-162.578,-162.896
17,14,135,-227.079,-223.538,-224.6
17,15,165,-272.123,-262.668,-262.225
17,16,195,-283.606,-272.292,-271.275
17,17,225,-264.764,-257.006,-257.324
17,18,255,-244.499,-239.824,-240.191
17,19,285,-259.395,-253.548,-253.612
17,20,315,-294.875,-285.897,-285.433
17,21,345,-312.64,-299.131,-297.544
17,22,375,-328.69,-315.824,-314.541
17,23,405,-331.066,-317.776,-315.958
17,24,435,-327.146,-310.971,-310.015
17,25,465,-310.326,-294.405,-294.133
17,26,495,-279.46,-269.032,-267.755
17,27,525,-258.61,-251.434,-250.572
17,28,555,-246.886,-239.279,-239.079
17,29,585,-236.259,-229.118,-229.091
17,30,615,-221.532,-217.871,-217.444
17,31,645,-218.208,-218.877,-218.264
17,32,675,-218.767,-218.11,-217.931
17,33,705,-211.431,-209.191,-208.156
17,34,735,-201.631,-200.965,-199.938
17,35,765,-186.889,-186.453,-185.907
17,36,795,-183.324,-183.16,-183.44
17,37,825,-189.164,-190.118,-189.751
17,38,855,-196.382,-195.904,-195.668
17,39,885,-183.156,-182.334,-181.93
17,40,915,-184.761,-184.013,-184.136
17,41,945,-182.425,-182.606,-182.023
17,42,975,-177.17,-177.093,-173.839
17,43,1005,-170.174,-171.419,-164.836
17,44,1035,-159.226,-159.168,-159.46
17,45,1065,-151.824,-152.109,-152.047
17,46,1095,-161.678,-161.5,-162.61
17,47,1125,-191.125,-190.478,-190.247
17,48,1155,-184.305,-184.211,-184.804
17,49,1185,-159.96,-159.802,-159.94
17,50,1215,-174.88,-176.028,-175.064
17,51,1245,-166.795,-167.329,-167.314
17,52,1275,-164.622,-165.331,-164.831
18,0,-285,-87.784,-88.271,-87.5995
18,1,-255,-79.3682,-78.1643,-78.5424
18,2,-225,-90.6557,-91.1212,-91.3667
18,3,-195,-103.431,-103.988,-103.524
18,4,-165,-96.7709,-97.0044,-96.6984
18,5,-135,-104.121,-103.845,-103.512
18,6,-105,-123.936,-124.386,-124.064
18,7,-75,-115.002,-115.28,-115.308
18,8,-45,-92.7608,-92.7409,-93.1178
18,9,-15,-144.167,-144.249,-143.936
18,10,15,-167.086,-166.407,-165.999
18,11,45,-143.52,-142.816,-142.215
18,12,75,-137.435,-136.782,-137.033
18,13,105,-148.334,-148.515,-148.118
18,14,135,-169.17,-166.466,-165.901
18,15,165,-237.988,-229.529,-229.262
18,16,195,-270.16,-257.418,-257.531
18,17,225,-259.172,-246.939,-246.248
18,18,255,-251.783,-243.678,-243.775
18,19,285,-265.571,-257.225,-256.449
18,20,315,-274.216,-257.987,-257.67
18,21,345,-278.015,-260.829,-260.93
18,22,375,-272.966,-257.721,-258.043
18,23,405,-268.705,-252.811,-253.006
18,24,435,-278.557,-260.964,-260.893
18,25,465,-270.224,-253.744,-253.92
18,26,495,-238.414,-225.015,-225.05
18,27,525,-232.916,-222.052,-222.157
18,28,555,-256.179,-245.945,-245.819
18,29,585,-269.69,-258.352,-259.484
18,30,615,-273.967,-260.541,-260.784
18,31,645,-288.605,-273.041,-272.981
18,32,675,-297.033,-283.728,-283.223
18,33,705,-270.019,-259.903,-261.82
18,34,735,-238.263,-229.846,-230.12
18,35,765,-244.961,-238.546,-239.179
18,36,795,-240.809,-232.657,-233.034
18,37,825,-247.347,-236.448,-237.228
18,38,855,-269.236,-260.477,-260.192
18,39,885,-245.98,-238.944,-238.721
18,40,915,-207.95,-203.638,-204.477
18,41,945,-197.853,-194.138,-194.994
18,42,975,-202.135,-198.004,-197.611
18,43,1005,-199.745,-196.016,-195.093
18,44,1035,-189.674,-187.6,-187.864
18,45,1065,-179.493,-178.256,-178.702
18,46,1095,-164.819,-164.608,-164.361
18,47,1125,-144.442,-145.829,-144.586
18,48,1155,-140.667,-141.803,-141.621
18,49,1185,-159.879,-160.635,-159.735
18,50,1215,-155.979,-155.637,-156.243
18,51,1245,-142.352,-141.617,-141.705
18,52,1275,-149.546,-149.556,-149.535
19,0,-285,-85.8726,-86.3284,-86.3623
19,1,-255,-87.8393,-88.6529,-88.3046
19,2,-225,-99.7821,-100.802,-100.266
19,3,-195,-91.3971,-91.5043,-91.3352
19,4,-165,-100.966,-100.821,-100.787
19,5,-135,-109.427,-109.954,-109.733
19,6,-105,-89.8683,-90.0684,-90.3221
19,7,-75,-99.8799,-100.337,-100.462
19,8,-45,-138.536,-138.787,-139.065
19,9,-15,-149.903,-150.153,-150.546
19,10,15,-120.484,-120.7,-120.737
19,11,45,-135.428,-136.154,-135.558
19,12,75,-170.459,-170.718,-170.766
19,13,105,-186.475,-185.352,-185.29
19,14,135,-208.875,-207.691,-207.558
19,15,165,-253.687,-249.278,-249.108
19,16,195,-280.677,-268.933,-269.275
19,17,225,-286.425,-268.543,-268.17
19,18,255,-283.94,-266.519,-266.481
19,19,285,-296.55,-280.339,-280.714
19,20,315,-315.881,-294.738,-294.898
19,21,345,-332.598,-306.572,-306.494
19,22,375,-348.201,-320.991,-319.628
19,23,405,-368.738,-338.631,-336.368
19,24,435,-385.297,-351.742,-350.854
19,25,465,-380.156,-348.87,-346.361
19,26,495,-362.56,-336.11,-333.858
19,27,525,-343.094,-318.301,-317.653
19,28,555,-336.488,-317.632,-316.927
19,29,585,-332.648,-315.648,-316.299
19,30,615,-342.262,-323.336,-322.179
19,31,645,-349.731,-327.918,-327.154
19,32,675,-337.511,-319.948,-320.087
19,33,705,-305.024,-290.925,-292.081
19,34,735,-290.53,-278.309,-278.745
19,35,765,-281.181,-269.967,-270.715
19,36,795,-254.311,-246.979,-248.088
19,37,825,-232.979,-227.953,-229.984
19,38,855,-234.89,-229.288,-230.795
19,39,885,-228.423,-223.256,-223.67
19,40,915,-200.707,-197.518,-199.239
19,41,945,-187.679,-185.939,-187.429
19,42,975,-193.833,-192.83,-192.96
19,43,1005,-184.302,-183.525,-183.38
19,44,1035,-176.063,-175.794,-175.683
19,45,1065,-194.631,-194.034,-194.935
19,46,1095,-189.566,-188.495,-188.736
19,47,1125,-167.271,-167.338,-167.383
19,48,1155,-149.992,-149.845,-150.037
19,49,1185,-140.713,-140.573,-140.731
19,50,1215,-147.43,-147.386,-147.642
19,51,1245,-140.188,-140.451,-140.237
19,52,1275,-135.376,-135.799,-135.387
20,0,-285,-79.4068,-79.7654,-80.057
20,1,-255,-91.899,-92.4633,-92.1089
20,2,-225,-93.5954,-94.4363,-93.8592
20,3,-195,-94.7411,-94.9555,-94.881
20,4,-165,-105.731,-106.384,-106.165
20,5,-135,-123.062,-123.138,-122.983
20,6,-105,-127.306,-128.026,-127.018
20,7,-75,-122.114,-121.333,-121.483
20,8,-45,-131.637,-131.85,-131.602
20,9,-15,-118.435,-118.6,-118.966
20,10,15,-114.357,-114.893,-115.191
20,11,45,-146.588,-146.891,-146.002
20,12,75,-149.237,-149.234,-150.021
20,13,105,-126.975,-127.872,-127.727
20,14,135,-153.204,-152.476,-152.249
20,15,165,-195.645,-191.606,-191.189
20,16,195,-214.766,-210,-210.748
20,17,225,-225.953,-219.319,-219.313
20,18,255,-262.568,-249.497,-249.251
20,19,285,-289.507,-274.28,-273.475
20,20,315,-274.983,-262.038,-261.588
20,21,345,-243.594,-233.325,-232.61
20,22,375,-239.395,-229.826,-229.115
20,23,405,-234.594,-226.626,-225.898
20,24,435,-234.413,-229.609,-229.318
20,25,465,-239.583,-234.88,-235.245
20,26,495,-233.765,-229.299,-229.995
20,27,525,-225.572,-221.519,-221.261
20,28,555,-235.728,-231.85,-231.775
20,29,585,-235.627,-230.754,-231.057
20,30,615,-203.494,-199.724,-198.681
20,31,645,-202.339,-199.103,-198.703
20,32,675,-215.718,-212.239,-211.82
20,33,705,-210.154,-206.041,-205.634
20,34,735,-184.228,-179.885,-180.59
20,35,765,-180.994,-179.045,-178.7
20,36,795,-200.462,-198.791,-198.947
20,37,825,-198.723,-196.863,-196.539
20,38,855,-184.562,-183.585,-182.748
20,39,885,-162.685,-163.219,-161.79
20,40,915,-126.227,-127.092,-126.404
20,41,945,-109.485,-109.945,-110.028
20,42,975,-119.402,-119.423,-119.523
20,43,1005,-99.2594,-99.5318,-99.6672
20,44,1035,-92.2808,-92.0159,-91.7794
20,45,1065,-102.112,-102.443,-102.689
20,46,1095,-117.252,-117.632,-117.519
20,47,1125,-108.303,-108.271,-108.953
20,48,1155,-95.8316,-96.0422,-96.1759
20,49,1185,-88.7546,-88.5189,-88.5409
20,50,1215,-108.375,-108.52,-107.844
20,51,1245,-94.8084,-95.2375,-94.4836
20,52,1275,-95.8287,-96.0476,-95.8551
