t_ms,r_sd_mean,r_sd_sem,t_sd,p_sd,p_sd_fdr,r_mean_mean,r_mean_sem,t_mean,p_mean,p_mean_fdr
-500,-0.1185,0.1389,-0.8531,0.7979,0.9881,0.04118,0.1055,0.3904,0.3503,0.3752
-498,-0.1127,0.1374,-0.8205,0.7889,0.9881,0.04126,0.1047,0.3939,0.349,0.3745
-496,-0.1057,0.1354,-0.7805,0.7776,0.9881,0.04212,0.1038,0.4058,0.3447,0.3702
-494,-0.09696,0.1328,-0.7299,0.7628,0.9881,0.04404,0.1027,0.4288,0.3364,0.3619
-492,-0.08534,0.1295,-0.659,0.7411,0.9881,0.04719,0.1015,0.4652,0.3236,0.3487
-490,-0.06841,0.1252,-0.5462,0.7044,0.9881,0.05154,0.1001,0.515,0.3062,0.3303
-488,-0.04772,0.1201,-0.3972,0.6522,0.9881,0.05686,0.09854,0.577,0.2853,0.3085
-486,-0.0279,0.1139,-0.2449,0.5954,0.9881,0.06297,0.09675,0.6508,0.2615,0.2835
-484,-0.01337,0.109,-0.1226,0.5482,0.9881,0.06985,0.0949,0.736,0.2354,0.2567
-482,-0.007379,0.1055,-0.06991,0.5275,0.9881,0.0769,0.09384,0.8195,0.2113,0.2317
-480,-0.01002,0.102,-0.09823,0.5386,0.9881,0.08203,0.09421,0.8708,0.1974,0.2174
-478,-0.02075,0.09893,-0.2097,0.5819,0.9881,0.08331,0.09538,0.8735,0.1967,0.2168
-476,-0.03618,0.09848,-0.3673,0.6413,0.9881,0.0812,0.09661,0.8405,0.2055,0.226
-474,-0.05184,0.1005,-0.5157,0.694,0.9881,0.07776,0.09794,0.794,0.2185,0.2392
-472,-0.06599,0.1029,-0.6413,0.7355,0.9881,0.07494,0.09964,0.7521,0.2306,0.2517
-470,-0.07937,0.1042,-0.7621,0.7723,0.9881,0.07373,0.1017,0.7248,0.2387,0.2597
-468,-0.09374,0.1045,-0.8972,0.8096,0.9881,0.07431,0.1041,0.7142,0.2419,0.2627
-466,-0.1087,0.1047,-1.038,0.8439,0.9881,0.0765,0.1065,0.7186,0.2406,0.2615
-464,-0.1178,0.1041,-1.132,0.8641,0.9881,0.08002,0.1088,0.7353,0.2356,0.2567
-462,-0.1178,0.1016,-1.159,0.8696,0.9881,0.0846,0.111,0.7619,0.2277,0.2488
-460,-0.1134,0.09908,-1.144,0.8667,0.9881,0.09004,0.1131,0.7962,0.2179,0.2387
-458,-0.1062,0.09713,-1.094,0.8561,0.9881,0.09612,0.1149,0.8365,0.2066,0.227
-456,-0.09589,0.09581,-1.001,0.8353,0.9881,0.1026,0.1165,0.8812,0.1946,0.2147
-454,-0.08162,0.09517,-0.8576,0.7991,0.9881,0.1093,0.1177,0.9289,0.1823,0.2019
-452,-0.06301,0.0955,-0.6597,0.7413,0.9881,0.116,0.1186,0.9782,0.1701,0.189
-450,-0.04068,0.09725,-0.4183,0.6598,0.9881,0.1223,0.119,1.028,0.1585,0.1766
-448,-0.01675,0.1004,-0.1669,0.5654,0.9881,0.1278,0.1188,1.075,0.1478,0.1651
-446,0.005913,0.1038,0.05697,0.4776,0.9881,0.1321,0.1179,1.12,0.1384,0.1554
-444,0.02521,0.1063,0.2372,0.4075,0.9881,0.1352,0.1164,1.161,0.1299,0.1468
-442,0.04025,0.107,0.3763,0.3554,0.9881,0.138,0.1143,1.207,0.1212,0.1378
-440,0.05115,0.1056,0.4844,0.3168,0.9881,0.1427,0.1119,1.276,0.1087,0.1246
-438,0.05902,0.1029,0.5733,0.2866,0.9676,0.1523,0.1089,1.4,0.08888,0.1032
-436,0.06516,0.1013,0.6432,0.2639,0.9166,0.1696,0.1059,1.601,0.06298,0.07476
-434,0.06968,0.1028,0.6776,0.2531,0.9065,0.1917,0.1053,1.82,0.04226,0.05154
-432,0.07211,0.1075,0.6707,0.2552,0.9089,0.2106,0.1067,1.973,0.03161,0.03992
-430,0.0725,0.1138,0.6373,0.2658,0.9202,0.2239,0.1079,2.074,0.02594,0.03361
-428,0.0713,0.1199,0.5946,0.2796,0.9496,0.2338,0.1085,2.156,0.02206,0.02943
-426,0.06905,0.1247,0.5537,0.2931,0.9771,0.242,0.1087,2.226,0.01916,0.02618
-424,0.06593,0.1276,0.5167,0.3057,0.9881,0.249,0.1091,2.282,0.01711,0.02361
-422,0.06147,0.1288,0.4772,0.3193,0.9881,0.2547,0.11,2.316,0.01594,0.02219
-420,0.05501,0.129,0.4264,0.3373,0.9881,0.2589,0.1114,2.323,0.01571,0.02189
-418,0.04637,0.1288,0.3601,0.3614,0.9881,0.2614,0.1136,2.301,0.01644,0.02283
-416,0.03597,0.1282,0.2805,0.3911,0.9881,0.2622,0.1163,2.254,0.01811,0.02484
-414,0.02454,0.1272,0.1929,0.4245,0.9881,0.2614,0.1194,2.19,0.02061,0.02798
-412,0.01265,0.1255,0.1008,0.4604,0.9881,0.2593,0.1224,2.118,0.02378,0.03132
-410,0.0003602,0.1229,0.002929,0.4988,0.9881,0.2565,0.1253,2.047,0.02737,0.03509
-408,-0.01264,0.1197,-0.1056,0.5415,0.9881,0.2531,0.1278,1.981,0.03113,0.03934
-406,-0.02654,0.1161,-0.2285,0.5892,0.9881,0.2497,0.1298,1.923,0.03478,0.04335
-404,-0.04092,0.1126,-0.3635,0.6399,0.9881,0.2464,0.1314,1.876,0.03805,0.04714
-402,-0.05471,0.1092,-0.5008,0.6889,0.9881,0.2437,0.1323,1.842,0.04059,0.04989
-400,-0.06676,0.1062,-0.6284,0.7314,0.9881,0.242,0.1327,1.824,0.04197,0.05123
-398,-0.0763,0.1035,-0.7374,0.765,0.9881,0.2417,0.1323,1.827,0.04171,0.05096
-396,-0.08316,0.1009,-0.8244,0.79,0.9881,0.243,0.1311,1.853,0.03971,0.04895
-394,-0.08767,0.09848,-0.8902,0.8078,0.9881,0.2453,0.1294,1.896,0.03662,0.0455
-392,-0.09039,0.09642,-0.9375,0.8199,0.9881,0.2477,0.1274,1.944,0.0334,0.04191
-390,-0.09199,0.09492,-0.9691,0.8277,0.9881,0.2491,0.1253,1.988,0.03071,0.03885
-388,-0.09315,0.09439,-0.9868,0.8319,0.9881,0.249,0.1232,2.021,0.02877,0.03674
-386,-0.09463,0.09554,-0.9905,0.8328,0.9881,0.2473,0.121,2.043,0.02757,0.03531
-384,-0.09703,0.09944,-0.9757,0.8293,0.9881,0.2441,0.1188,2.055,0.02695,0.03466
-382,-0.09883,0.1061,-0.9317,0.8184,0.9881,0.2399,0.1163,2.062,0.02656,0.03429
-380,-0.09674,0.1122,-0.8623,0.8003,0.9881,0.2366,0.1131,2.092,0.02503,0.03262
-378,-0.09282,0.1156,-0.8032,0.7841,0.9881,0.2445,0.1076,2.272,0.01745,0.02404
-376,-0.09097,0.1172,-0.7764,0.7765,0.9881,0.2616,0.1054,2.483,0.01127,0.01628
-374,-0.09179,0.1182,-0.7764,0.7765,0.9881,0.2547,0.1037,2.456,0.01192,0.01709
-372,-0.09422,0.1191,-0.791,0.7806,0.9881,0.243,0.1018,2.388,0.01375,0.01933
-370,-0.09726,0.1197,-0.8125,0.7867,0.9881,0.2302,0.1003,2.295,0.01665,0.02306
-368,-0.1011,0.1198,-0.8432,0.7952,0.9881,0.2168,0.09929,2.183,0.02088,0.02825
-366,-0.1069,0.1196,-0.8935,0.8086,0.9881,0.2028,0.09852,2.059,0.02674,0.03445
-364,-0.1165,0.1194,-0.976,0.8293,0.9881,0.1882,0.09781,1.924,0.03473,0.04332
-362,-0.1314,0.1196,-1.099,0.8573,0.9881,0.1726,0.09722,1.776,0.0459,0.05582
-360,-0.1514,0.1206,-1.256,0.8878,0.9881,0.1567,0.09706,1.614,0.06151,0.07329
-358,-0.1725,0.1217,-1.417,0.9137,0.9881,0.1416,0.09753,1.452,0.08139,0.09508
-356,-0.1895,0.1216,-1.559,0.9322,0.9881,0.1289,0.09842,1.31,0.1029,0.1182
-354,-0.2015,0.1202,-1.676,0.9449,0.9881,0.1195,0.09927,1.204,0.1218,0.1384
-352,-0.2101,0.1186,-1.771,0.9537,0.9881,0.1141,0.09953,1.147,0.1329,0.1498
-350,-0.2172,0.1174,-1.849,0.96,0.9881,0.1138,0.09861,1.154,0.1313,0.1482
-348,-0.2241,0.1171,-1.914,0.9646,0.9881,0.119,0.09655,1.232,0.1165,0.133
-346,-0.2308,0.1179,-1.958,0.9675,0.9881,0.1281,0.09429,1.358,0.09517,0.1097
-344,-0.2358,0.1199,-1.966,0.968,0.9881,0.1392,0.09281,1.499,0.07511,0.08832
-342,-0.2362,0.1225,-1.928,0.9655,0.9881,0.1512,0.0924,1.636,0.0591,0.0705
-340,-0.2312,0.1247,-1.854,0.9603,0.9881,0.1638,0.093,1.761,0.04719,0.05715
-338,-0.222,0.1263,-1.758,0.9526,0.9881,0.176,0.09437,1.865,0.03882,0.04791
-336,-0.2102,0.1274,-1.65,0.9423,0.9881,0.1868,0.09599,1.946,0.03328,0.04181
-334,-0.1976,0.1282,-1.541,0.9301,0.9881,0.1952,0.09727,2.006,0.02963,0.03764
-332,-0.1894,0.1272,-1.489,0.9236,0.9881,0.2009,0.09794,2.052,0.02712,0.03484
-330,-0.1912,0.1221,-1.565,0.933,0.9881,0.2047,0.09807,2.087,0.02528,0.03285
-328,-0.1956,0.1164,-1.68,0.9454,0.9881,0.2071,0.09787,2.116,0.02389,0.03138
-326,-0.1961,0.1119,-1.753,0.9521,0.9881,0.2085,0.0975,2.138,0.02284,0.03025
-324,-0.1925,0.1083,-1.777,0.9542,0.9881,0.2091,0.09707,2.155,0.02212,0.02948
-322,-0.1861,0.1054,-1.765,0.9532,0.9881,0.2091,0.09668,2.163,0.02175,0.02922
-320,-0.1783,0.1033,-1.727,0.9498,0.9881,0.2084,0.09642,2.161,0.02183,0.02924
-318,-0.1709,0.102,-1.676,0.9449,0.9881,0.2065,0.09632,2.144,0.0226,0.03002
-316,-0.1645,0.1015,-1.62,0.9391,0.9881,0.2022,0.09639,2.098,0.02476,0.03231
-314,-0.1497,0.09908,-1.511,0.9264,0.9881,0.1943,0.09669,2.01,0.02944,0.03748
-312,-0.1106,0.09787,-1.13,0.8637,0.9881,0.1846,0.09739,1.895,0.0367,0.04555
-310,-0.09732,0.1015,-0.9591,0.8252,0.9881,0.1745,0.09841,1.774,0.04608,0.05598
-308,-0.09728,0.1046,-0.9304,0.8181,0.9881,0.1639,0.09969,1.644,0.05827,0.06957
-306,-0.1064,0.1091,-0.9756,0.8292,0.9881,0.1525,0.1012,1.506,0.07425,0.08739
-304,-0.1159,0.1148,-1.009,0.8373,0.9881,0.1403,0.103,1.363,0.09444,0.1091
-302,-0.1143,0.1172,-0.9748,0.8291,0.9881,0.1281,0.1048,1.222,0.1184,0.1349
-300,-0.1085,0.1179,-0.9204,0.8156,0.9881,0.1163,0.1067,1.09,0.1447,0.1617
-298,-0.1024,0.1184,-0.8648,0.801,0.9881,0.1053,0.1084,0.9714,0.1718,0.1907
-296,-0.09518,0.1186,-0.8024,0.7839,0.9881,0.09545,0.1101,0.8668,0.1984,0.2183
-294,-0.0859,0.1188,-0.7233,0.7608,0.9881,0.08666,0.1119,0.7744,0.2241,0.2451
-292,-0.07359,0.1189,-0.6187,0.7283,0.9881,0.0787,0.1139,0.691,0.249,0.2702
-290,-0.05819,0.1193,-0.4879,0.6844,0.9881,0.07115,0.1161,0.6128,0.2736,0.2961
-288,-0.04132,0.1199,-0.3447,0.633,0.9881,0.0636,0.1184,0.5372,0.2987,0.3227
-286,-0.02563,0.1205,-0.2126,0.583,0.9881,0.05584,0.1205,0.4633,0.3242,0.3491
-284,-0.01304,0.1209,-0.1079,0.5424,0.9881,0.0479,0.1223,0.3918,0.3498,0.375
-282,-0.004105,0.1204,-0.03409,0.5134,0.9881,0.04,0.1235,0.3238,0.3748,0.4008
-280,0.001577,0.119,0.01325,0.4948,0.9881,0.03235,0.1242,0.2605,0.3986,0.4259
-278,0.00493,0.1168,0.04222,0.4834,0.9881,0.02512,0.1243,0.2022,0.421,0.449
-276,0.007165,0.114,0.06288,0.4753,0.9881,0.01836,0.1239,0.1482,0.4419,0.4705
-274,0.00935,0.1109,0.08433,0.4668,0.9881,0.01203,0.123,0.09782,0.4616,0.4906
-272,0.01203,0.1078,0.1116,0.4561,0.9881,0.006051,0.1217,0.04971,0.4804,0.5098
-270,0.01515,0.105,0.1444,0.4434,0.9881,0.0003305,0.1202,0.002751,0.4989,0.5285
-268,0.0181,0.1024,0.1767,0.4308,0.9881,-0.005226,0.1183,-0.04417,0.5174,0.5471
-266,0.01991,0.1002,0.1987,0.4223,0.9881,-0.01072,0.1163,-0.09218,0.5362,0.5666
-264,0.01945,0.09837,0.1978,0.4227,0.9881,-0.01626,0.1141,-0.1426,0.5559,0.5864
-262,0.01574,0.09693,0.1624,0.4364,0.9881,-0.022,0.1117,-0.1969,0.577,0.6081
-260,0.008359,0.09609,0.087,0.4658,0.9881,-0.02816,0.1092,-0.258,0.6004,0.6286
-258,-0.002065,0.09611,-0.02148,0.5085,0.9881,-0.03535,0.1064,-0.3324,0.6284,0.6516
-256,-0.01398,0.09701,-0.1441,0.5565,0.9881,-0.04537,0.1034,-0.4387,0.6671,0.6886
-254,-0.02566,0.09842,-0.2607,0.6014,0.9881,-0.06113,0.1015,-0.6024,0.723,0.7414
-252,-0.03605,0.09984,-0.361,0.639,0.9881,-0.07745,0.102,-0.7596,0.7716,0.788
-250,-0.04487,0.1009,-0.4448,0.6693,0.9881,-0.08677,0.1023,-0.8479,0.7965,0.8121
-248,-0.05231,0.1014,-0.5159,0.6941,0.9881,-0.0932,0.1021,-0.913,0.8137,0.8289
-246,-0.05858,0.1016,-0.5768,0.7146,0.9881,-0.0994,0.1018,-0.9765,0.8295,0.8436
-244,-0.06374,0.1018,-0.6265,0.7308,0.9881,-0.1056,0.1017,-1.038,0.8439,0.8577
-242,-0.0681,0.1024,-0.6653,0.7431,0.9881,-0.1116,0.1019,-1.095,0.8563,0.8695
-240,-0.07274,0.1038,-0.701,0.7541,0.9881,-0.117,0.1024,-1.143,0.8663,0.8782
-238,-0.07898,0.1063,-0.7434,0.7668,0.9881,-0.1216,0.1029,-1.182,0.874,0.8853
-236,-0.08656,0.1093,-0.7919,0.7809,0.9881,-0.1254,0.1034,-1.213,0.8799,0.8906
-234,-0.09335,0.1118,-0.8353,0.793,0.9881,-0.1285,0.1038,-1.238,0.8846,0.894
-232,-0.09712,0.1132,-0.8576,0.7991,0.9881,-0.1311,0.1041,-1.26,0.8886,0.8972
-230,-0.09639,0.114,-0.8458,0.7959,0.9881,-0.1333,0.1041,-1.281,0.8922,0.9001
-228,-0.09032,0.1142,-0.7909,0.7806,0.9881,-0.1352,0.1039,-1.302,0.8957,0.9029
-226,-0.0785,0.1141,-0.6877,0.75,0.9881,-0.1369,0.1035,-1.324,0.8993,0.9059
-224,-0.06121,0.1142,-0.5358,0.7009,0.9881,-0.1386,0.1028,-1.348,0.9032,0.9083
-222,-0.0395,0.1149,-0.3438,0.6326,0.9881,-0.1401,0.102,-1.373,0.9071,0.9115
-220,-0.01472,0.1162,-0.1266,0.5497,0.9881,-0.1414,0.1011,-1.4,0.9111,0.9148
-218,0.01205,0.1179,0.1022,0.4598,0.9881,-0.1425,0.1,-1.425,0.9148,0.917
-216,0.03995,0.1192,0.3351,0.3706,0.9881,-0.143,0.09888,-1.446,0.9178,0.9192
-214,0.06737,0.1196,0.5633,0.2899,0.969,-0.1425,0.09775,-1.458,0.9194,0.9194
-212,0.09123,0.119,0.7666,0.2264,0.8397,-0.1402,0.09662,-1.451,0.9185,0.9192
-210,0.1088,0.1179,0.9228,0.1838,0.7413,-0.1352,0.09545,-1.417,0.9136,0.9166
-208,0.1196,0.1165,1.027,0.1587,0.6618,-0.1269,0.09424,-1.346,0.903,0.9083
-206,0.1248,0.1149,1.086,0.1456,0.6169,-0.1153,0.09309,-1.238,0.8847,0.894
-204,0.1252,0.1134,1.104,0.1418,0.6069,-0.1016,0.0922,-1.102,0.8579,0.8705
-202,0.1215,0.1122,1.083,0.1461,0.6169,-0.08746,0.09174,-0.9533,0.8238,0.8386
-200,0.1144,0.1115,1.026,0.1588,0.6618,-0.07398,0.09174,-0.8064,0.785,0.801
-198,0.1041,0.1116,0.9326,0.1814,0.736,-0.06191,0.09219,-0.6715,0.745,0.7615
-196,0.09052,0.1129,0.8021,0.2162,0.8116,-0.05152,0.09302,-0.5538,0.7069,0.7267
-194,0.07267,0.1152,0.6309,0.2678,0.9247,-0.04286,0.09419,-0.4551,0.6729,0.6934
-192,0.04941,0.1184,0.4173,0.3406,0.9881,-0.03593,0.09566,-0.3756,0.6443,0.6656
-190,0.02237,0.1214,0.1843,0.4279,0.9881,-0.0308,0.09748,-0.3159,0.6223,0.6466
-188,-0.0006038,0.1218,-0.004959,0.502,0.9881,-0.02769,0.09968,-0.2778,0.6079,0.6344
-186,-0.005898,0.1176,-0.05014,0.5197,0.9881,-0.02699,0.1023,-0.2639,0.6026,0.6304
-184,0.007056,0.118,0.05981,0.4765,0.9881,-0.02886,0.1053,-0.2741,0.6065,0.6339
-182,-0.002845,0.1208,-0.02356,0.5093,0.9881,-0.03261,0.1084,-0.3007,0.6166,0.6423
-180,-0.02331,0.1214,-0.1921,0.5751,0.9881,-0.03659,0.1113,-0.3288,0.627,0.651
-178,-0.0459,0.1211,-0.3792,0.6456,0.9881,-0.03921,0.1134,-0.3456,0.6333,0.6558
-176,-0.06824,0.1201,-0.5682,0.7117,0.9881,-0.03981,0.1148,-0.3469,0.6338,0.6558
-174,-0.08922,0.1183,-0.754,0.7699,0.9881,-0.03846,0.1154,-0.3332,0.6287,0.6516
-172,-0.1056,0.1147,-0.9204,0.8156,0.9881,-0.03566,0.1158,-0.308,0.6193,0.644
-170,-0.1116,0.1083,-1.03,0.8421,0.9881,-0.03231,0.1162,-0.278,0.608,0.6344
-168,-0.1146,0.1039,-1.102,0.858,0.9881,-0.02924,0.117,-0.25,0.5974,0.6259
-166,-0.121,0.1033,-1.171,0.8719,0.9881,-0.02691,0.118,-0.2281,0.589,0.6182
-164,-0.1303,0.1043,-1.249,0.8867,0.9881,-0.02541,0.119,-0.2135,0.5834,0.6133
-162,-0.1417,0.1048,-1.352,0.9038,0.9881,-0.02471,0.1199,-0.2061,0.5805,0.6109
-160,-0.1534,0.1047,-1.465,0.9204,0.9881,-0.02481,0.1203,-0.2062,0.5806,0.6109
-158,-0.1629,0.1049,-1.553,0.9315,0.9881,-0.02598,0.1201,-0.2163,0.5845,0.6139
-156,-0.1684,0.1063,-1.585,0.9352,0.9881,-0.02878,0.1191,-0.2415,0.5941,0.6231
-154,-0.1696,0.109,-1.556,0.9318,0.9881,-0.03387,0.1176,-0.2881,0.6118,0.6378
-152,-0.1681,0.1126,-1.493,0.9241,0.9881,-0.04135,0.1157,-0.3573,0.6376,0.6592
-150,-0.166,0.1159,-1.433,0.9159,0.9881,-0.05025,0.1141,-0.4406,0.6678,0.6887
-148,-0.1639,0.1182,-1.387,0.9092,0.9881,-0.05895,0.1128,-0.5227,0.6964,0.7165
-146,-0.1614,0.1198,-1.347,0.9031,0.9881,-0.06596,0.1119,-0.5893,0.7187,0.7376
-144,-0.1583,0.1208,-1.311,0.8972,0.9881,-0.07028,0.1114,-0.6308,0.7322,0.7496
-142,-0.1547,0.121,-1.279,0.8918,0.9881,-0.07143,0.1111,-0.6432,0.7361,0.753
-140,-0.1504,0.1202,-1.251,0.8869,0.9881,-0.06923,0.1107,-0.6253,0.7304,0.7484
-138,-0.145,0.1189,-1.219,0.8812,0.9881,-0.06328,0.1103,-0.5738,0.7136,0.7329
-136,-0.1382,0.1173,-1.178,0.8734,0.9881,-0.05214,0.1098,-0.4748,0.6798,0.7
-134,-0.1303,0.1157,-1.126,0.8629,0.9881,-0.03349,0.1103,-0.3036,0.6176,0.6428
-132,-0.1212,0.1139,-1.064,0.8497,0.9881,-0.0131,0.1133,-0.1156,0.5454,0.5758
-130,-0.1107,0.1117,-0.9915,0.8331,0.9881,-0.001133,0.116,-0.009768,0.5038,0.5333
-128,-0.09806,0.1088,-0.9012,0.8106,0.9881,0.005264,0.1171,0.04497,0.4823,0.5113
-126,-0.08282,0.1057,-0.7837,0.7786,0.9881,0.01025,0.1173,0.08742,0.4656,0.4945
-124,-0.06599,0.1031,-0.6399,0.7351,0.9881,0.01554,0.117,0.1328,0.4479,0.4765
-122,-0.04963,0.1016,-0.4884,0.6846,0.9881,0.02181,0.1165,0.1873,0.4267,0.4547
-120,-0.03518,0.1007,-0.3493,0.6346,0.9881,0.02931,0.1156,0.2535,0.4013,0.4284
-118,-0.02293,0.0999,-0.2296,0.5896,0.9881,0.03806,0.1146,0.332,0.3717,0.3978
-116,-0.01271,0.09891,-0.1285,0.5504,0.9881,0.04785,0.1135,0.4217,0.339,0.3643
-114,-0.004515,0.0979,-0.04612,0.5182,0.9881,0.05831,0.1122,0.5197,0.3046,0.3288
-112,0.001386,0.09713,0.01427,0.4944,0.9881,0.06897,0.1108,0.6223,0.2706,0.2931
-110,0.00477,0.09677,0.04929,0.4806,0.9881,0.07935,0.1094,0.7256,0.2385,0.2597
-108,0.005615,0.09677,0.05802,0.4772,0.9881,0.08916,0.1079,0.8263,0.2094,0.2298
-106,0.004188,0.09692,0.04321,0.483,0.9881,0.09836,0.1066,0.9223,0.184,0.2035
-104,0.00107,0.09691,0.01104,0.4957,0.9881,0.1072,0.1059,1.013,0.162,0.1803
-102,-0.00299,0.0964,-0.03102,0.5122,0.9881,0.1162,0.1059,1.097,0.1432,0.1603
-100,-0.007482,0.09522,-0.07858,0.5309,0.9881,0.1254,0.1067,1.175,0.1273,0.1442
-98,-0.01249,0.0935,-0.1336,0.5524,0.9881,0.1348,0.1083,1.245,0.1141,0.1303
-96,-0.01848,0.09154,-0.2019,0.5789,0.9881,0.1442,0.1103,1.308,0.1033,0.1185
-94,-0.02578,0.08965,-0.2875,0.6116,0.9881,0.1532,0.1125,1.361,0.09465,0.1092
-92,-0.03415,0.08813,-0.3875,0.6487,0.9881,0.1614,0.1148,1.407,0.08785,0.1022
-90,-0.04284,0.08719,-0.4913,0.6856,0.9881,0.1687,0.1167,1.445,0.08234,0.0961
-88,-0.05097,0.0868,-0.5872,0.718,0.9881,0.1751,0.1181,1.482,0.07733,0.09068
-86,-0.05805,0.08672,-0.6694,0.7444,0.9881,0.1813,0.1188,1.527,0.07164,0.08448
-84,-0.06411,0.08672,-0.7393,0.7656,0.9881,0.1887,0.1182,1.597,0.06334,0.07505
-82,-0.06962,0.08654,-0.8044,0.7844,0.9881,0.2003,0.116,1.727,0.05021,0.06064
-80,-0.07644,0.0852,-0.8972,0.8096,0.9881,0.2189,0.1134,1.93,0.03431,0.04293
-78,-0.09633,0.07738,-1.245,0.8858,0.9881,0.2396,0.114,2.102,0.02456,0.03208
-76,-0.142,0.07382,-1.924,0.9652,0.9881,0.2527,0.1169,2.161,0.02182,0.02924
-74,-0.157,0.08136,-1.93,0.9657,0.9881,0.2583,0.1193,2.166,0.02162,0.02909
-72,-0.1563,0.08562,-1.825,0.9581,0.9881,0.2605,0.1207,2.158,0.02198,0.02941
-70,-0.1501,0.08881,-1.691,0.9464,0.9881,0.2616,0.1215,2.152,0.02222,0.02959
-68,-0.1408,0.09169,-1.536,0.9295,0.9881,0.2629,0.1219,2.157,0.022,0.02941
-66,-0.1295,0.09447,-1.371,0.9068,0.9881,0.2656,0.1219,2.179,0.02105,0.02844
-64,-0.1173,0.09718,-1.207,0.8788,0.9881,0.2704,0.1216,2.224,0.01925,0.02627
-62,-0.1047,0.09972,-1.05,0.8465,0.9881,0.2779,0.1215,2.287,0.01691,0.02338
-60,-0.09153,0.1018,-0.8992,0.8101,0.9881,0.2868,0.122,2.351,0.01482,0.02072
-58,-0.07736,0.1032,-0.7495,0.7686,0.9881,0.294,0.1229,2.393,0.01361,0.01915
-56,-0.06279,0.1042,-0.6026,0.723,0.9881,0.2977,0.1235,2.412,0.01308,0.01852
-54,-0.04904,0.1052,-0.4661,0.6768,0.9881,0.2993,0.1236,2.421,0.01283,0.0182
-52,-0.03674,0.1065,-0.3449,0.633,0.9881,0.3,0.1235,2.429,0.01262,0.01795
-50,-0.02594,0.1083,-0.2396,0.5934,0.9881,0.3006,0.1233,2.438,0.01237,0.01761
-48,-0.01646,0.1104,-0.1491,0.5585,0.9881,0.3014,0.123,2.45,0.01207,0.01729
-46,-0.008183,0.1129,-0.07249,0.5285,0.9881,0.3025,0.1228,2.463,0.01174,0.01685
-44,-0.001191,0.1155,-0.01031,0.5041,0.9881,0.3039,0.1227,2.477,0.01141,0.01647
-42,0.004038,0.1179,0.03426,0.4865,0.9881,0.3054,0.1227,2.49,0.01111,0.01609
-40,0.006861,0.1194,0.05745,0.4774,0.9881,0.3069,0.1227,2.5,0.01087,0.01576
-38,0.007293,0.1199,0.06083,0.4761,0.9881,0.3081,0.1228,2.508,0.0107,0.01557
-36,0.006482,0.1195,0.05422,0.4787,0.9881,0.3086,0.1229,2.512,0.0106,0.0155
-34,0.006009,0.1188,0.05058,0.4801,0.9881,0.3082,0.1226,2.513,0.01058,0.0155
-32,0.007098,0.1179,0.06021,0.4763,0.9881,0.3065,0.122,2.512,0.0106,0.0155
-30,0.01049,0.1169,0.0897,0.4647,0.9881,0.3035,0.1209,2.511,0.01063,0.0155
-28,0.01659,0.1158,0.1432,0.4438,0.9881,0.2992,0.1191,2.511,0.01061,0.0155
-26,0.02564,0.1148,0.2234,0.4128,0.9881,0.2937,0.1166,2.519,0.01044,0.01533
-24,0.03767,0.1137,0.3312,0.372,0.9881,0.2878,0.1133,2.541,0.009965,0.01472
-22,0.0525,0.1128,0.4655,0.3234,0.9881,0.282,0.1093,2.579,0.009192,0.01376
-20,0.06968,0.1119,0.6227,0.2704,0.9313,0.2759,0.1055,2.617,0.008485,0.01289
-18,0.08859,0.111,0.7978,0.2174,0.8137,0.2685,0.1023,2.623,0.008367,0.01274
-16,0.1085,0.1101,0.9854,0.1684,0.6947,0.259,0.1003,2.584,0.009107,0.01371
-14,0.1286,0.1089,1.18,0.1262,0.5467,0.2481,0.09908,2.504,0.01078,0.01566
-12,0.1482,0.1075,1.378,0.09206,0.42,0.2366,0.09864,2.399,0.01344,0.01893
-10,0.1667,0.1059,1.574,0.06594,0.3182,0.2254,0.09875,2.283,0.01706,0.02357
-8,0.1834,0.1041,1.762,0.04707,0.2518,0.2151,0.09926,2.167,0.02156,0.02904
-6,0.1979,0.1025,1.931,0.03425,0.2314,0.2061,0.1,2.061,0.02662,0.03434
-4,0.2095,0.1012,2.07,0.02616,0.1827,0.1987,0.1009,1.97,0.03178,0.04009
-2,0.2178,0.1005,2.168,0.02152,0.1546,0.1933,0.1018,1.9,0.03639,0.04527
0,0.2225,0.1002,2.22,0.01939,0.1434,0.19,0.1026,1.852,0.03979,0.049
2,0.2231,0.1003,2.225,0.01921,0.1429,0.1891,0.1033,1.831,0.04143,0.05077
4,0.2189,0.1002,2.184,0.02084,0.1506,0.1906,0.1038,1.836,0.04104,0.0504
6,0.2085,0.09945,2.096,0.02484,0.1752,0.1945,0.1041,1.867,0.03868,0.04782
8,0.1908,0.09806,1.946,0.0333,0.2275,0.2007,0.1043,1.925,0.03469,0.04332
10,0.1677,0.0973,1.724,0.05048,0.2607,0.2091,0.1042,2.007,0.02957,0.0376
12,0.1432,0.09801,1.461,0.08018,0.3754,0.2198,0.1039,2.116,0.0239,0.03138
14,0.1188,0.09961,1.193,0.1238,0.5429,0.2325,0.1033,2.25,0.01824,0.025
16,0.0944,0.1016,0.9294,0.1822,0.7369,0.2475,0.1027,2.41,0.01314,0.01858
18,0.07097,0.1035,0.6859,0.2505,0.9021,0.2646,0.1022,2.59,0.008991,0.01359
20,0.051,0.1045,0.4881,0.3155,0.9881,0.2836,0.1021,2.779,0.005983,0.009513
22,0.0345,0.1045,0.3302,0.3724,0.9881,0.3039,0.1027,2.958,0.004037,0.006838
24,0.02022,0.1041,0.1943,0.424,0.9881,0.324,0.1042,3.109,0.002889,0.00508
26,0.00794,0.1037,0.07657,0.4699,0.9881,0.3429,0.1064,3.224,0.002235,0.004043
28,-0.001818,0.1035,-0.01756,0.5069,0.9881,0.3595,0.1086,3.31,0.001841,0.003369
30,-0.008457,0.1038,-0.08148,0.532,0.9881,0.3738,0.1106,3.381,0.001569,0.002901
32,-0.01165,0.1045,-0.1114,0.5438,0.9881,0.3863,0.1121,3.447,0.001352,0.002514
34,-0.01146,0.1058,-0.1084,0.5426,0.9881,0.3976,0.1131,3.514,0.001159,0.002176
36,-0.008408,0.1074,-0.0783,0.5308,0.9881,0.4083,0.1138,3.589,0.0009794,0.001852
38,-0.003403,0.1093,-0.03113,0.5123,0.9881,0.4187,0.114,3.673,0.0008078,0.001532
40,0.002501,0.1117,0.0224,0.4912,0.9881,0.4293,0.1138,3.772,0.0006447,0.001228
42,0.008177,0.1148,0.07125,0.472,0.9881,0.4404,0.1132,3.889,0.0004934,0.000943
44,0.0122,0.1189,0.1026,0.4597,0.9881,0.4521,0.1122,4.029,0.0003589,0.0006891
46,0.01293,0.1238,0.1045,0.4589,0.9881,0.4646,0.1108,4.194,0.0002461,0.0004784
48,0.009384,0.1288,0.07288,0.4713,0.9881,0.4779,0.1089,4.389,0.0001577,0.0003129
50,0.00217,0.1331,0.01631,0.4936,0.9881,0.4919,0.1064,4.622,9.307e-05,0.0001886
52,-0.006773,0.136,-0.0498,0.5196,0.9881,0.5067,0.1033,4.903,4.935e-05,0.0001035
54,-0.01544,0.1373,-0.1125,0.5442,0.9881,0.5223,0.09943,5.252,2.269e-05,4.975e-05
56,-0.02291,0.1371,-0.1672,0.5655,0.9881,0.5387,0.09489,5.676,8.983e-06,2.016e-05
58,-0.02948,0.1358,-0.2171,0.5848,0.9881,0.5549,0.09061,6.124,3.451e-06,8.019e-06
60,-0.03603,0.134,-0.2689,0.6045,0.9881,0.5685,0.08776,6.478,1.652e-06,4.066e-06
62,-0.04331,0.1321,-0.3277,0.6267,0.9881,0.5766,0.08644,6.67,1.113e-06,2.949e-06
64,-0.05165,0.1305,-0.3959,0.6517,0.9881,0.5785,0.08582,6.741,9.659e-07,2.591e-06
66,-0.06098,0.1291,-0.4724,0.679,0.9881,0.5748,0.08531,6.737,9.729e-07,2.604e-06
68,-0.07095,0.1278,-0.555,0.7073,0.9881,0.5664,0.08483,6.677,1.099e-06,2.917e-06
70,-0.08115,0.1267,-0.6407,0.7353,0.9881,0.5541,0.08454,6.554,1.412e-06,3.531e-06
72,-0.09125,0.1255,-0.7273,0.762,0.9881,0.5385,0.08477,6.353,2.14e-06,5.155e-06
74,-0.101,0.1242,-0.8128,0.7868,0.9881,0.5206,0.08586,6.063,3.928e-06,9.092e-06
76,-0.11,0.1228,-0.8956,0.8092,0.9881,0.5015,0.08801,5.699,8.556e-06,1.923e-05
78,-0.1181,0.1211,-0.9753,0.8292,0.9881,0.4829,0.0911,5.301,2.039e-05,4.486e-05
80,-0.1255,0.1191,-1.054,0.8474,0.9881,0.4662,0.09474,4.921,4.741e-05,9.994e-05
82,-0.1327,0.1168,-1.136,0.865,0.9881,0.4527,0.09838,4.602,9.729e-05,0.0001965
84,-0.1403,0.1143,-1.228,0.8827,0.9881,0.4433,0.1015,4.368,0.0001654,0.0003277
86,-0.1485,0.1118,-1.328,0.9001,0.9881,0.4385,0.1037,4.23,0.0002265,0.0004424
88,-0.157,0.1098,-1.431,0.9156,0.9881,0.4388,0.1047,4.192,0.0002469,0.0004792
90,-0.1652,0.1084,-1.524,0.9281,0.9881,0.445,0.1045,4.257,0.0002131,0.0004176
92,-0.1724,0.1078,-1.599,0.9369,0.9881,0.4577,0.1036,4.416,0.0001484,0.0002959
94,-0.1778,0.1078,-1.648,0.9421,0.9881,0.4763,0.1032,4.617,9.404e-05,0.0001902
96,-0.1805,0.1083,-1.668,0.9441,0.9881,0.496,0.1043,4.758,6.844e-05,0.0001398
98,-0.1799,0.1086,-1.656,0.943,0.9881,0.5109,0.1058,4.827,5.857e-05,0.0001204
100,-0.1757,0.1088,-1.615,0.9386,0.9881,0.521,0.1064,4.897,5.008e-05,0.0001046
102,-0.1679,0.1089,-1.542,0.9302,0.9881,0.5297,0.1056,5.017,3.831e-05,8.27e-05
104,-0.1564,0.1096,-1.427,0.9151,0.9881,0.5405,0.1031,5.244,2.313e-05,5.063e-05
106,-0.1412,0.1116,-1.266,0.8895,0.9881,0.5576,0.09729,5.731,7.987e-06,1.802e-05
108,-0.1236,0.1152,-1.073,0.8517,0.9881,0.5875,0.08743,6.719,1.008e-06,2.69e-06
110,-0.1066,0.12,-0.8881,0.8072,0.9881,0.6197,0.08183,7.574,1.871e-07,5.198e-07
112,-0.09293,0.125,-0.7435,0.7669,0.9881,0.6391,0.08069,7.921,9.708e-08,2.715e-07
114,-0.08329,0.1289,-0.6462,0.7371,0.9881,0.6516,0.07999,8.146,6.396e-08,1.793e-07
116,-0.07706,0.1312,-0.5875,0.7181,0.9881,0.6615,0.07938,8.333,4.55e-08,1.281e-07
118,-0.07393,0.132,-0.5601,0.709,0.9881,0.6699,0.07888,8.493,3.409e-08,9.618e-08
120,-0.07408,0.1318,-0.5621,0.7097,0.9881,0.6774,0.07841,8.639,2.627e-08,7.446e-08
122,-0.07755,0.131,-0.5921,0.7196,0.9881,0.6844,0.07785,8.79,2.013e-08,5.718e-08
124,-0.08394,0.1299,-0.6464,0.7371,0.9881,0.6912,0.07705,8.972,1.467e-08,4.186e-08
126,-0.09254,0.1286,-0.7197,0.7598,0.9881,0.6986,0.0758,9.216,9.642e-09,2.758e-08
128,-0.1026,0.1273,-0.8055,0.7848,0.9881,0.7069,0.07394,9.56,5.406e-09,1.554e-08
130,-0.1132,0.1262,-0.8969,0.8095,0.9881,0.7165,0.07136,10.04,2.466e-09,7.118e-09
132,-0.1236,0.1252,-0.9871,0.832,0.9881,0.7277,0.0681,10.69,8.946e-10,2.601e-09
134,-0.1331,0.1244,-1.07,0.851,0.9881,0.7403,0.06436,11.5,2.642e-10,7.716e-10
136,-0.1411,0.1237,-1.141,0.8659,0.9881,0.7539,0.06051,12.46,6.863e-11,2.018e-10
138,-0.1473,0.1232,-1.195,0.8766,0.9881,0.7679,0.05695,13.49,1.763e-11,5.297e-11
140,-0.1514,0.1229,-1.232,0.8835,0.9881,0.7818,0.05393,14.5,5.005e-12,1.56e-11
142,-0.1533,0.1227,-1.25,0.8867,0.9881,0.7951,0.05151,15.44,1.66e-12,5.255e-12
144,-0.1533,0.1225,-1.251,0.887,0.9881,0.8075,0.04955,16.3,6.351e-13,2.025e-12
146,-0.1519,0.1225,-1.24,0.885,0.9881,0.819,0.04784,17.12,2.636e-13,8.471e-13
148,-0.1501,0.1225,-1.226,0.8824,0.9881,0.8298,0.04618,17.97,1.104e-13,3.631e-13
150,-0.149,0.1228,-1.213,0.88,0.9881,0.84,0.0444,18.92,4.372e-14,1.485e-13
152,-0.1473,0.1239,-1.189,0.8755,0.9881,0.8497,0.04244,20.02,1.562e-14,5.707e-14
154,-0.1427,0.1256,-1.136,0.865,0.9881,0.859,0.04024,21.34,4.864e-15,1.854e-14
156,-0.1349,0.1276,-1.057,0.8481,0.9881,0.868,0.03783,22.94,1.294e-15,4.964e-15
158,-0.1251,0.1297,-0.9647,0.8266,0.9881,0.8768,0.03524,24.88,2.911e-16,1.127e-15
160,-0.1144,0.1317,-0.8685,0.802,0.9881,0.8853,0.03253,27.22,5.523e-17,2.157e-16
162,-0.1037,0.1332,-0.7785,0.7771,0.9881,0.8936,0.02976,30.03,8.902e-18,3.51e-17
164,-0.09517,0.1331,-0.7151,0.7584,0.9881,0.9014,0.02701,33.37,1.239e-18,4.949e-18
166,-0.09107,0.1304,-0.6986,0.7534,0.9881,0.9088,0.02435,37.32,1.527e-19,6.426e-19
168,-0.08801,0.1269,-0.6936,0.7518,0.9881,0.9157,0.02184,41.92,1.718e-20,7.406e-20
170,-0.08102,0.1246,-0.6504,0.7384,0.9881,0.9221,0.01953,47.22,1.832e-21,8.092e-21
172,-0.07056,0.1233,-0.5722,0.713,0.9881,0.9279,0.01744,53.21,1.924e-22,8.652e-22
174,-0.05877,0.1226,-0.4795,0.6815,0.9881,0.9331,0.01559,59.87,2.072e-23,9.489e-23
176,-0.04666,0.1218,-0.3831,0.6471,0.9881,0.9378,0.01397,67.12,2.381e-24,1.111e-23
178,-0.0342,0.1207,-0.2834,0.61,0.9881,0.942,0.01259,74.84,3.033e-25,1.487e-24
180,-0.02088,0.1191,-0.1753,0.5687,0.9881,0.9457,0.01142,82.83,4.439e-26,2.302e-25
182,-0.006057,0.1168,-0.05186,0.5204,0.9881,0.9489,0.01044,90.85,7.7e-27,4.316e-26
184,0.01076,0.1139,0.09445,0.4629,0.9881,0.9517,0.00965,98.63,1.622e-27,9.657e-27
186,0.02952,0.1106,0.267,0.3962,0.9881,0.9542,0.009012,105.9,4.222e-28,2.749e-27
188,0.04923,0.1074,0.4583,0.326,0.9881,0.9563,0.008511,112.4,1.368e-28,9.197e-28
190,0.0683,0.105,0.6506,0.2616,0.9158,0.9581,0.00813,117.9,5.531e-29,3.82e-28
192,0.08547,0.1034,0.8267,0.2093,0.7978,0.9596,0.007852,122.2,2.779e-29,1.985e-28
194,0.1003,0.1025,0.9791,0.1699,0.6978,0.9609,0.007669,125.3,1.73e-29,1.272e-28
196,0.1131,0.102,1.109,0.1406,0.6038,0.9619,0.007572,127,1.334e-29,9.986e-29
198,0.1242,0.1016,1.223,0.1181,0.5217,0.9626,0.007562,127.3,1.281e-29,9.705e-29
200,0.1343,0.1012,1.327,0.1001,0.4518,0.9631,0.007642,126,1.552e-29,1.155e-28
202,0.1435,0.1007,1.425,0.08514,0.3942,0.9633,0.007825,123.1,2.419e-29,1.748e-28
204,0.1519,0.1,1.519,0.07264,0.3466,0.9633,0.008126,118.5,4.958e-29,3.463e-28
206,0.159,0.09914,1.604,0.06264,0.3047,0.963,0.008568,112.4,1.361e-28,9.194e-28
208,0.164,0.098,1.674,0.0553,0.2776,0.9625,0.009174,104.9,5.026e-28,3.238e-27
210,0.166,0.09651,1.72,0.05086,0.2616,0.9616,0.009966,96.49,2.46e-27,1.437e-26
212,0.1643,0.09497,1.73,0.04996,0.2607,0.9605,0.01096,87.62,1.532e-26,8.29e-26
214,0.1597,0.09427,1.694,0.05326,0.2713,0.9591,0.01217,78.83,1.136e-25,5.749e-25
216,0.1558,0.095,1.64,0.05873,0.2882,0.9575,0.01357,70.57,9.219e-25,4.316e-24
218,0.1564,0.09643,1.622,0.0606,0.2959,0.9556,0.01512,63.19,7.46e-24,3.454e-23
220,0.163,0.098,1.663,0.05636,0.2807,0.9537,0.01677,56.86,5.489e-23,2.495e-22
222,0.1738,0.1002,1.734,0.04953,0.2601,0.9517,0.01843,51.64,3.378e-22,1.513e-21
224,0.1847,0.103,1.794,0.04434,0.2463,0.9498,0.01999,47.52,1.623e-21,7.192e-21
226,0.1916,0.1048,1.828,0.04167,0.2388,0.9482,0.02134,44.43,5.762e-21,2.518e-20
228,0.1941,0.1054,1.842,0.04057,0.2388,0.9469,0.02239,42.3,1.454e-20,6.289e-20
230,0.1944,0.1053,1.847,0.04022,0.2388,0.946,0.02304,41.07,2.532e-20,1.08e-19
232,0.1938,0.1049,1.846,0.04025,0.2388,0.9457,0.02323,40.72,2.975e-20,1.265e-19
234,0.1927,0.1046,1.842,0.04057,0.2388,0.9459,0.02292,41.26,2.316e-20,9.916e-20
236,0.1913,0.1045,1.831,0.04143,0.2388,0.9467,0.02213,42.78,1.176e-20,5.106e-20
238,0.1895,0.1048,1.808,0.04324,0.2435,0.9481,0.02089,45.39,3.849e-21,1.688e-20
240,0.1874,0.1058,1.771,0.04627,0.2504,0.9499,0.01926,49.31,8.078e-22,3.593e-21
242,0.1848,0.1071,1.726,0.05033,0.2607,0.9521,0.01737,54.81,1.097e-22,4.97e-22
244,0.1818,0.1081,1.681,0.05455,0.275,0.9546,0.01534,62.24,9.95e-24,4.573e-23
246,0.1793,0.1087,1.65,0.05767,0.286,0.9571,0.0133,71.97,6.372e-25,3.006e-24
248,0.1782,0.1087,1.639,0.05879,0.2882,0.9596,0.01137,84.36,3.138e-26,1.655e-25
250,0.1783,0.1082,1.648,0.05789,0.286,0.9619,0.00965,99.68,1.326e-27,7.97e-27
252,0.1793,0.1073,1.671,0.05559,0.2779,0.9641,0.008174,117.9,5.451e-29,3.785e-28
254,0.1804,0.106,1.702,0.05255,0.2692,0.9659,0.006959,138.8,2.481e-30,1.963e-29
256,0.1813,0.1044,1.737,0.04931,0.2601,0.9675,0.005995,161.4,1.419e-31,1.249e-30
258,0.1817,0.1026,1.772,0.04623,0.2504,0.9688,0.005257,184.3,1.143e-32,1.134e-31
260,0.1819,0.1008,1.805,0.04348,0.2435,0.9699,0.004718,205.6,1.431e-33,1.478e-32
262,0.182,0.09919,1.835,0.04113,0.2388,0.9708,0.004348,223.3,2.983e-34,3.453e-33
264,0.1823,0.09798,1.86,0.03919,0.2388,0.9714,0.00412,235.8,1.059e-34,1.424e-33
266,0.1829,0.09725,1.881,0.03769,0.2367,0.9719,0.004006,242.6,6.162e-35,9.185e-34
268,0.1839,0.09703,1.895,0.03669,0.2364,0.9723,0.003978,244.4,5.353e-35,8.579e-34
270,0.1851,0.09727,1.903,0.03618,0.2364,0.9725,0.004008,242.6,6.145e-35,9.185e-34
272,0.1862,0.09784,1.903,0.03613,0.2364,0.9727,0.004071,238.9,8.247e-35,1.145e-33
274,0.1872,0.09863,1.898,0.0365,0.2364,0.9728,0.004147,234.6,1.167e-34,1.535e-33
276,0.1877,0.09955,1.885,0.0374,0.2367,0.9728,0.004218,230.6,1.612e-34,2.035e-33
278,0.1873,0.1006,1.862,0.03904,0.2388,0.9729,0.004274,227.6,2.067e-34,2.533e-33
280,0.1856,0.1016,1.826,0.04178,0.2388,0.9729,0.004307,225.9,2.389e-34,2.817e-33
282,0.1821,0.1028,1.772,0.04622,0.2504,0.9729,0.004313,225.6,2.458e-34,2.871e-33
284,0.1759,0.1039,1.693,0.0534,0.2713,0.9729,0.004294,226.6,2.255e-34,2.71e-33
286,0.167,0.1053,1.586,0.06461,0.313,0.973,0.004252,228.8,1.868e-34,2.312e-33
288,0.1567,0.1072,1.462,0.08001,0.3754,0.9731,0.004192,232.1,1.427e-34,1.839e-33
290,0.1478,0.1098,1.346,0.0971,0.4398,0.9732,0.004122,236.1,1.033e-34,1.403e-33
292,0.1411,0.1127,1.251,0.113,0.5008,0.9733,0.004048,240.4,7.301e-35,1.049e-33
294,0.1305,0.1136,1.149,0.1324,0.5709,0.9734,0.003976,244.8,5.193e-35,8.541e-34
296,0.1118,0.1124,0.9949,0.1661,0.6899,0.9735,0.003913,248.8,3.812e-35,6.906e-34
298,0.1006,0.1134,0.8875,0.193,0.7706,0.9737,0.00386,252.2,2.942e-35,5.658e-34
300,0.09942,0.115,0.8643,0.1991,0.7826,0.9738,0.00382,254.9,2.408e-35,4.778e-34
302,0.1049,0.1164,0.9013,0.1894,0.7587,0.9739,0.003793,256.8,2.091e-35,4.475e-34
304,0.1148,0.1175,0.9776,0.1703,0.6978,0.974,0.003775,258,1.914e-35,4.43e-34
306,0.1268,0.1179,1.076,0.1477,0.6217,0.9741,0.003766,258.6,1.827e-35,4.392e-34
308,0.1384,0.1172,1.182,0.126,0.5467,0.9741,0.003764,258.8,1.801e-35,4.392e-34
310,0.1483,0.1149,1.291,0.1062,0.4739,0.9741,0.003765,258.7,1.817e-35,4.392e-34
312,0.1571,0.1115,1.409,0.08746,0.4019,0.9741,0.003771,258.3,1.869e-35,4.408e-34
314,0.1663,0.1078,1.543,0.06967,0.3337,0.974,0.00378,257.7,1.961e-35,4.457e-34
316,0.1766,0.1045,1.69,0.05368,0.2717,0.9739,0.003794,256.7,2.107e-35,4.475e-34
318,0.1879,0.102,1.842,0.04055,0.2388,0.9738,0.003814,255.3,2.335e-35,4.778e-34
320,0.2,0.1006,1.987,0.03075,0.2112,0.9736,0.003842,253.4,2.692e-35,5.258e-34
322,0.2123,0.1005,2.113,0.02402,0.1706,0.9734,0.003879,250.9,3.25e-35,5.974e-34
324,0.2247,0.1015,2.215,0.01961,0.1442,0.9731,0.003927,247.8,4.126e-35,7.264e-34
326,0.2371,0.1034,2.294,0.01668,0.1264,0.9729,0.003986,244.1,5.501e-35,8.62e-34
328,0.2492,0.1057,2.358,0.01464,0.1138,0.9727,0.004055,239.9,7.649e-35,1.087e-33
330,0.2603,0.1081,2.408,0.01318,0.1077,0.9725,0.004132,235.4,1.095e-34,1.456e-33
332,0.2698,0.1103,2.447,0.01216,0.102,0.9723,0.004212,230.8,1.587e-34,2.024e-33
334,0.2773,0.112,2.476,0.01142,0.1007,0.9721,0.004293,226.4,2.282e-34,2.716e-33
336,0.2832,0.1131,2.503,0.0108,0.09851,0.972,0.004369,222.5,3.189e-34,3.624e-33
338,0.2879,0.1136,2.534,0.01013,0.0946,0.972,0.004435,219.1,4.25e-34,4.744e-33
340,0.2921,0.1135,2.574,0.0093,0.0917,0.972,0.004488,216.6,5.312e-34,5.825e-33
342,0.2963,0.1127,2.629,0.008271,0.08782,0.972,0.004522,214.9,6.143e-34,6.619e-33
344,0.3008,0.1113,2.702,0.007065,0.08658,0.9722,0.004537,214.3,6.508e-34,6.894e-33
346,0.3055,0.1093,2.795,0.005772,0.08107,0.9724,0.004529,214.7,6.278e-34,6.707e-33
348,0.3102,0.1067,2.907,0.004521,0.06891,0.9727,0.004499,216.2,5.501e-34,5.98e-33
350,0.3145,0.1037,3.032,0.003428,0.05506,0.973,0.004447,218.8,4.383e-34,4.848e-33
352,0.3178,0.1005,3.162,0.002569,0.0446,0.9733,0.004375,222.5,3.189e-34,3.624e-33
354,0.3193,0.09734,3.28,0.001968,0.041,0.9737,0.004285,227.2,2.135e-34,2.591e-33
356,0.3182,0.0945,3.367,0.001618,0.03923,0.9742,0.004181,233,1.329e-34,1.73e-33
358,0.3138,0.09241,3.396,0.001516,0.03923,0.9746,0.004067,239.6,7.795e-35,1.095e-33
360,0.3059,0.09152,3.343,0.001709,0.03923,0.975,0.003948,247,4.38e-35,7.399e-34
362,0.2951,0.09222,3.2,0.002355,0.04214,0.9755,0.003826,254.9,2.402e-35,4.778e-34
364,0.283,0.09456,2.993,0.003738,0.05915,0.9759,0.003708,263.2,1.31e-35,3.518e-34
366,0.2719,0.09814,2.77,0.006092,0.08268,0.9763,0.003596,271.5,7.256e-36,2.159e-34
368,0.2636,0.1021,2.581,0.009161,0.0917,0.9766,0.003493,279.6,4.155e-36,1.404e-34
370,0.259,0.1058,2.449,0.01211,0.102,0.9769,0.003401,287.2,2.498e-36,9.185e-35
372,0.2578,0.1085,2.376,0.01408,0.1121,0.9771,0.003323,294.1,1.593e-36,6.464e-35
374,0.2596,0.1101,2.357,0.01465,0.1138,0.9773,0.003256,300.1,1.083e-36,4.834e-35
376,0.2636,0.1107,2.382,0.01392,0.1121,0.9775,0.003202,305.3,7.831e-37,4.078e-35
378,0.2693,0.1102,2.443,0.01225,0.1021,0.9776,0.003157,309.6,5.992e-37,3.463e-35
380,0.2762,0.109,2.535,0.0101,0.0946,0.9777,0.003122,313.2,4.819e-37,3.171e-35
382,0.2836,0.107,2.651,0.007876,0.08782,0.9778,0.003094,316,4.058e-37,2.984e-35
384,0.291,0.1044,2.788,0.005866,0.08118,0.9778,0.003074,318.1,3.583e-37,2.984e-35
386,0.297,0.1012,2.936,0.004237,0.06595,0.9779,0.003063,319.3,3.347e-37,2.984e-35
388,0.3,0.09729,3.084,0.003058,0.05096,0.978,0.003064,319.2,3.358e-37,2.984e-35
390,0.2985,0.09316,3.205,0.002333,0.04214,0.9781,0.003079,317.6,3.683e-37,2.984e-35
392,0.2937,0.08941,3.285,0.001948,0.041,0.9782,0.003112,314.4,4.484e-37,3.114e-35
394,0.2884,0.08613,3.348,0.001689,0.03923,0.9784,0.003163,309.3,6.095e-37,3.463e-35
396,0.2853,0.08355,3.415,0.001453,0.03923,0.9785,0.003232,302.7,9.185e-37,4.593e-35
398,0.286,0.08227,3.476,0.001264,0.0386,0.9787,0.003318,295,1.504e-36,6.464e-35
400,0.2899,0.08247,3.516,0.001156,0.0386,0.9789,0.003416,286.6,2.598e-36,9.28e-35
402,0.2957,0.08378,3.53,0.00112,0.0386,0.9792,0.00352,278.2,4.58e-36,1.468e-34
404,0.3021,0.08544,3.536,0.001104,0.0386,0.9794,0.003625,270.2,7.979e-36,2.32e-34
406,0.3087,0.08672,3.56,0.001046,0.0386,0.9797,0.003726,262.9,1.337e-35,3.518e-34
408,0.3157,0.08715,3.623,0.0009054,0.03651,0.9799,0.003818,256.7,2.112e-35,4.475e-34
410,0.3238,0.08654,3.742,0.0006903,0.03082,0.9802,0.003897,251.5,3.104e-35,5.791e-34
412,0.3333,0.08505,3.918,0.0004616,0.02308,0.9805,0.003962,247.5,4.213e-35,7.275e-34
414,0.3437,0.08333,4.125,0.000288,0.01575,0.9808,0.00401,244.6,5.273e-35,8.559e-34
416,0.3541,0.08225,4.306,0.0001906,0.01254,0.9811,0.004042,242.7,6.094e-35,9.185e-34
418,0.3632,0.08232,4.411,0.0001499,0.01102,0.9814,0.004058,241.8,6.537e-35,9.518e-34
420,0.3699,0.0835,4.429,0.000144,0.01102,0.9817,0.004059,241.8,6.549e-35,9.518e-34
422,0.374,0.08548,4.375,0.0001629,0.01131,0.982,0.004048,242.6,6.173e-35,9.185e-34
424,0.3757,0.08799,4.27,0.0002071,0.01294,0.9823,0.004025,244,5.517e-35,8.62e-34
426,0.3751,0.09081,4.13,0.0002845,0.01575,0.9826,0.003993,246.1,4.711e-35,7.852e-34
428,0.3725,0.09382,3.971,0.0004094,0.02132,0.9829,0.003953,248.6,3.871e-35,6.913e-34
430,0.3683,0.09686,3.803,0.0006011,0.02783,0.9832,0.003907,251.6,3.081e-35,5.791e-34
432,0.3628,0.09977,3.636,0.0008792,0.03651,0.9834,0.003856,255,2.388e-35,4.778e-34
434,0.3563,0.1024,3.48,0.001252,0.0386,0.9837,0.003802,258.7,1.812e-35,4.392e-34
436,0.3496,0.1045,3.346,0.001697,0.03923,0.9839,0.003744,262.8,1.351e-35,3.518e-34
438,0.3433,0.1058,3.246,0.002126,0.04161,0.9841,0.003685,267.1,9.916e-36,2.754e-34
440,0.3386,0.1058,3.199,0.00236,0.04214,0.9843,0.003623,271.7,7.171e-36,2.159e-34
442,0.3368,0.1041,3.236,0.002175,0.04161,0.9845,0.003559,276.6,5.102e-36,1.595e-34
444,0.3396,0.1,3.395,0.001521,0.03923,0.9847,0.003493,281.9,3.56e-36,1.236e-34
446,0.3478,0.09388,3.704,0.0007524,0.03243,0.9848,0.003423,287.7,2.424e-36,9.18e-35
448,0.3597,0.08725,4.122,0.0002897,0.01575,0.9849,0.00335,294,1.603e-36,6.464e-35
450,0.3717,0.08209,4.528,0.0001151,0.01028,0.985,0.003273,301,1.027e-36,4.834e-35
452,0.3812,0.07885,4.834,5.766e-05,0.006553,0.985,0.003192,308.6,6.377e-37,3.466e-35
454,0.3876,0.07701,5.033,3.692e-05,0.006553,0.985,0.003109,316.8,3.865e-37,2.984e-35
456,0.3914,0.07606,5.146,2.869e-05,0.006553,0.985,0.003026,325.5,2.321e-37,2.901e-35
458,0.3934,0.07574,5.195,2.579e-05,0.006553,0.9849,0.002948,334.1,1.415e-37,2.141e-35
460,0.3941,0.07587,5.194,2.582e-05,0.006553,0.9849,0.00288,342,9.049e-38,1.665e-35
462,0.394,0.07636,5.16,2.787e-05,0.006553,0.9847,0.002825,348.6,6.307e-38,1.582e-35
464,0.3934,0.07708,5.104,3.15e-05,0.006553,0.9845,0.002789,353,4.974e-38,1.582e-35
466,0.3928,0.07793,5.04,3.638e-05,0.006553,0.9843,0.002776,354.5,4.569e-38,1.582e-35
468,0.3922,0.07885,4.974,4.216e-05,0.006553,0.9841,0.002788,353,4.958e-38,1.582e-35
470,0.3917,0.07977,4.91,4.861e-05,0.006553,0.9838,0.002823,348.5,6.329e-38,1.582e-35
472,0.3912,0.08068,4.848,5.584e-05,0.006553,0.9834,0.00288,341.5,9.326e-38,1.665e-35
474,0.3902,0.08157,4.784,6.451e-05,0.00672,0.983,0.002956,332.6,1.542e-37,2.141e-35
476,0.3865,0.08208,4.709,7.642e-05,0.007348,0.9826,0.003048,322.4,2.775e-37,2.984e-35
478,0.3678,0.08229,4.469,0.0001315,0.01095,0.9821,0.003152,311.6,5.303e-37,3.314e-35
480,0.3429,0.08851,3.874,0.0005104,0.02454,0.9816,0.003266,300.5,1.055e-36,4.834e-35
482,0.3347,0.09315,3.593,0.0009694,0.03787,0.9811,0.00339,289.4,2.156e-36,8.421e-35
484,0.3331,0.09552,3.487,0.001233,0.0386,0.9806,0.003521,278.5,4.488e-36,1.468e-34
486,0.3329,0.09686,3.437,0.001382,0.03923,0.98,0.00366,267.8,9.459e-36,2.687e-34
488,0.3318,0.09743,3.406,0.001483,0.03923,0.9795,0.003806,257.4,2.006e-35,4.475e-34
490,0.3292,0.09733,3.382,0.001565,0.03923,0.9789,0.003957,247.4,4.249e-35,7.275e-34
492,0.3252,0.09678,3.36,0.001643,0.03923,0.9784,0.004112,237.9,8.918e-35,1.225e-33
494,0.3206,0.09604,3.339,0.001726,0.03923,0.9778,0.004269,229,1.838e-34,2.297e-33
496,0.316,0.09533,3.315,0.001822,0.04067,0.9773,0.004426,220.8,3.68e-34,4.144e-33
498,0.3118,0.09479,3.289,0.00193,0.041,0.9768,0.004579,213.3,7.098e-34,7.455e-33
500,0.3084,0.09445,3.265,0.002039,0.04161,0.9763,0.004727,206.6,1.307e-33,1.362e-32
502,0.306,0.09429,3.245,0.002129,0.04161,0.9759,0.004865,200.6,2.286e-33,2.342e-32
504,0.3047,0.09421,3.234,0.002182,0.04161,0.9754,0.004993,195.3,3.777e-33,3.838e-32
506,0.3041,0.0941,3.231,0.002197,0.04161,0.975,0.005109,190.8,5.89e-33,5.938e-32
508,0.303,0.094,3.223,0.002239,0.04177,0.9746,0.005212,187,8.678e-33,8.678e-32
510,0.2999,0.09456,3.171,0.002514,0.04426,0.9741,0.005303,183.7,1.212e-32,1.193e-31
512,0.2951,0.09721,3.036,0.003402,0.05506,0.9737,0.005381,181,1.613e-32,1.576e-31
514,0.2924,0.1021,2.866,0.004948,0.07312,0.9733,0.005449,178.6,2.062e-32,1.998e-31
516,0.2942,0.1072,2.744,0.006455,0.0833,0.9729,0.005508,176.6,2.551e-32,2.453e-31
518,0.2988,0.1116,2.677,0.007449,0.08777,0.9724,0.00556,174.9,3.081e-32,2.94e-31
520,0.304,0.1149,2.645,0.007984,0.08782,0.972,0.005608,173.3,3.659e-32,3.465e-31
522,0.3083,0.1172,2.631,0.008226,0.08782,0.9715,0.005653,171.9,4.301e-32,4.042e-31
524,0.311,0.1184,2.628,0.008291,0.08782,0.9711,0.005697,170.4,5.027e-32,4.689e-31
526,0.3118,0.1186,2.629,0.008261,0.08782,0.9706,0.005741,169.1,5.855e-32,5.421e-31
528,0.31,0.1179,2.629,0.008267,0.08782,0.9702,0.005783,167.8,6.798e-32,6.248e-31
530,0.3061,0.117,2.615,0.008509,0.08938,0.9698,0.005825,166.5,7.861e-32,7.172e-31
532,0.3012,0.1167,2.582,0.009145,0.0917,0.9694,0.005866,165.3,9.037e-32,8.186e-31
534,0.2972,0.1173,2.534,0.01011,0.0946,0.969,0.005904,164.1,1.031e-31,9.275e-31
536,0.2953,0.1186,2.49,0.01111,0.09992,0.9686,0.005941,163,1.168e-31,1.043e-30
538,0.2956,0.1202,2.46,0.01183,0.102,0.9683,0.005975,162,1.313e-31,1.164e-30
540,0.2976,0.1215,2.449,0.0121,0.102,0.9679,0.006009,161.1,1.47e-31,1.285e-30
542,0.3007,0.1225,2.455,0.01195,0.102,0.9677,0.006043,160.1,1.644e-31,1.427e-30
544,0.3038,0.1229,2.473,0.01151,0.1007,0.9674,0.006078,159.2,1.844e-31,1.59e-30
546,0.3064,0.1227,2.497,0.01094,0.09905,0.9672,0.006116,158.1,2.086e-31,1.786e-30
548,0.3079,0.122,2.524,0.01033,0.09544,0.9671,0.006159,157,2.389e-31,2.031e-30
550,0.3081,0.1207,2.552,0.009742,0.0946,0.9669,0.006207,155.8,2.778e-31,2.346e-30
552,0.3073,0.1191,2.58,0.009181,0.0917,0.9668,0.006262,154.4,3.285e-31,2.756e-30
554,0.3062,0.1173,2.611,0.008594,0.08952,0.9667,0.006322,152.9,3.951e-31,3.293e-30
556,0.3057,0.1154,2.649,0.007925,0.08782,0.9666,0.006389,151.3,4.83e-31,3.998e-30
558,0.3065,0.1138,2.694,0.00719,0.08726,0.9666,0.006461,149.6,5.989e-31,4.925e-30
560,0.3086,0.1128,2.736,0.006565,0.08374,0.9665,0.006539,147.8,7.52e-31,6.144e-30
562,0.3106,0.1127,2.755,0.006298,0.08306,0.9665,0.006621,146,9.547e-31,7.749e-30
564,0.3109,0.1134,2.743,0.006464,0.0833,0.9664,0.006708,144.1,1.224e-30,9.874e-30
566,0.3093,0.1141,2.71,0.006939,0.08658,0.9664,0.0068,142.1,1.585e-30,1.27e-29
568,0.3066,0.1148,2.67,0.007561,0.08777,0.9663,0.006896,140.1,2.071e-30,1.649e-29
570,0.3035,0.1154,2.63,0.00825,0.08782,0.9663,0.006996,138.1,2.727e-30,2.144e-29
572,0.3005,0.1162,2.587,0.009048,0.0917,0.9662,0.0071,136.1,3.61e-30,2.821e-29
574,0.2974,0.1173,2.536,0.01008,0.0946,0.9661,0.007206,134.1,4.787e-30,3.716e-29
576,0.2944,0.119,2.475,0.01146,0.1007,0.966,0.007311,132.1,6.318e-30,4.875e-29
578,0.2918,0.1209,2.412,0.01306,0.1074,0.9659,0.007413,130.3,8.247e-30,6.324e-29
580,0.2903,0.1228,2.364,0.01445,0.1138,0.9657,0.00751,128.6,1.057e-29,8.058e-29
582,0.2906,0.124,2.344,0.01504,0.1161,0.9655,0.007598,127.1,1.324e-29,9.971e-29
584,0.2932,0.1241,2.363,0.01448,0.1138,0.9654,0.007677,125.7,1.617e-29,1.196e-28
586,0.298,0.1231,2.421,0.01282,0.1061,0.9652,0.007747,124.6,1.931e-29,1.411e-28
588,0.305,0.121,2.522,0.01038,0.09544,0.965,0.007812,123.5,2.268e-29,1.648e-28
590,0.3146,0.1179,2.669,0.007584,0.08777,0.9648,0.007874,122.5,2.65e-29,1.904e-28
592,0.3272,0.114,2.871,0.004891,0.07312,0.9645,0.007941,121.5,3.12e-29,2.216e-28
594,0.3436,0.11,3.125,0.00279,0.04713,0.9643,0.008016,120.3,3.746e-29,2.646e-28
596,0.3621,0.1074,3.372,0.001602,0.03923,0.9641,0.008104,119,4.629e-29,3.251e-28
598,0.3759,0.1077,3.491,0.001223,0.0386,0.9639,0.008207,117.5,5.906e-29,4.056e-28
600,0.3784,0.1089,3.476,0.001266,0.0386,0.9637,0.008324,115.8,7.757e-29,5.298e-28
602,0.3722,0.1096,3.395,0.00152,0.03923,0.9635,0.008451,114,1.04e-28,7.063e-28
604,0.3623,0.1104,3.281,0.001966,0.041,0.9633,0.008585,112.2,1.404e-28,9.384e-28
606,0.3511,0.1114,3.153,0.002619,0.04484,0.9632,0.008717,110.5,1.883e-28,1.252e-27
608,0.34,0.1122,3.031,0.003436,0.05506,0.963,0.008843,108.9,2.475e-28,1.637e-27
610,0.33,0.1125,2.932,0.004274,0.06595,0.9629,0.008955,107.5,3.153e-28,2.074e-27
612,0.3214,0.1122,2.864,0.004972,0.07312,0.9629,0.009051,106.4,3.864e-28,2.529e-27
614,0.3144,0.1116,2.818,0.005492,0.07891,0.9628,0.009128,105.5,4.541e-28,2.941e-27
616,0.3087,0.1109,2.784,0.00591,0.08118,0.9628,0.009186,104.8,5.119e-28,3.281e-27
618,0.304,0.1104,2.754,0.006312,0.08306,0.9628,0.009225,104.4,5.558e-28,3.545e-27
620,0.2998,0.1101,2.723,0.006755,0.08528,0.9627,0.00925,104.1,5.852e-28,3.713e-27
622,0.2957,0.11,2.688,0.007276,0.08745,0.9626,0.009263,103.9,6.027e-28,3.805e-27
624,0.291,0.1099,2.648,0.007933,0.08782,0.9624,0.00927,103.8,6.134e-28,3.853e-27
626,0.2852,0.1098,2.598,0.008838,0.0913,0.9622,0.009276,103.7,6.237e-28,3.898e-27
628,0.278,0.1098,2.533,0.01014,0.0946,0.9619,0.009286,103.6,6.401e-28,3.981e-27
630,0.2698,0.1098,2.456,0.01193,0.102,0.9615,0.009303,103.3,6.691e-28,4.14e-27
632,0.2613,0.1099,2.378,0.01404,0.1121,0.961,0.009332,103,7.168e-28,4.413e-27
634,0.2534,0.1097,2.31,0.01615,0.1231,0.9604,0.009374,102.4,7.892e-28,4.836e-27
636,0.2459,0.1091,2.254,0.01812,0.1356,0.9597,0.009428,101.8,8.923e-28,5.441e-27
638,0.2368,0.1081,2.189,0.02062,0.1503,0.9589,0.009493,101,1.031e-27,6.256e-27
640,0.2227,0.1079,2.063,0.02652,0.1842,0.9581,0.009565,100.2,1.209e-27,7.298e-27
642,0.209,0.11,1.901,0.03628,0.2364,0.9573,0.00964,99.3,1.426e-27,8.527e-27
644,0.204,0.1115,1.829,0.04157,0.2388,0.9564,0.009715,98.45,1.68e-27,9.952e-27
646,0.2039,0.1117,1.826,0.04184,0.2388,0.9555,0.009787,97.63,1.968e-27,1.16e-26
648,0.2048,0.1109,1.846,0.04027,0.2388,0.9547,0.009856,96.86,2.289e-27,1.343e-26
650,0.2049,0.1096,1.869,0.03856,0.2386,0.9538,0.009925,96.11,2.653e-27,1.542e-26
652,0.2039,0.1081,1.887,0.0373,0.2367,0.953,0.009996,95.34,3.089e-27,1.788e-26
654,0.2019,0.1065,1.896,0.03662,0.2364,0.9522,0.01008,94.49,3.655e-27,2.106e-26
656,0.1994,0.105,1.899,0.03644,0.2364,0.9515,0.01017,93.52,4.452e-27,2.553e-26
658,0.1969,0.1038,1.896,0.03663,0.2364,0.9508,0.0103,92.35,5.649e-27,3.224e-26
660,0.1946,0.103,1.89,0.03706,0.2367,0.9502,0.01045,90.96,7.525e-27,4.237e-26
662,0.1926,0.1024,1.882,0.03765,0.2367,0.9496,0.01063,89.36,1.055e-26,5.781e-26
664,0.1907,0.1019,1.872,0.03837,0.2386,0.9491,0.01084,87.57,1.547e-26,8.333e-26
666,0.189,0.1016,1.86,0.0392,0.2388,0.9487,0.01107,85.67,2.347e-26,1.248e-25
668,0.1875,0.1015,1.848,0.04014,0.2388,0.9483,0.01133,83.72,3.627e-26,1.905e-25
670,0.1862,0.1015,1.834,0.04119,0.2388,0.948,0.01159,81.82,5.61e-26,2.898e-25
672,0.1852,0.1018,1.819,0.04236,0.2396,0.9477,0.01184,80.02,8.538e-26,4.374e-25
674,0.1846,0.1024,1.803,0.04363,0.2435,0.9475,0.01209,78.39,1.261e-25,6.355e-25
676,0.1844,0.1032,1.787,0.04495,0.2475,0.9474,0.01231,76.96,1.788e-25,8.939e-25
678,0.1849,0.1043,1.773,0.04617,0.2504,0.9473,0.01251,75.74,2.418e-25,1.199e-24
680,0.1861,0.1057,1.761,0.04713,0.2518,0.9473,0.01267,74.75,3.107e-25,1.517e-24
682,0.1881,0.1071,1.756,0.04764,0.2523,0.9473,0.01281,73.97,3.791e-25,1.837e-24
684,0.1908,0.1086,1.757,0.04752,0.2523,0.9474,0.01291,73.4,4.389e-25,2.11e-24
686,0.1944,0.11,1.767,0.04663,0.2512,0.9475,0.01297,73.03,4.824e-25,2.301e-24
688,0.1987,0.1111,1.788,0.04484,0.2475,0.9476,0.013,72.87,5.033e-25,2.383e-24
690,0.2039,0.1119,1.822,0.04212,0.2393,0.9478,0.013,72.91,4.981e-25,2.367e-24
692,0.2099,0.1123,1.87,0.03852,0.2386,0.948,0.01296,73.16,4.669e-25,2.236e-24
694,0.2165,0.1121,1.932,0.03423,0.2314,0.9482,0.01288,73.62,4.138e-25,1.997e-24
696,0.2234,0.1113,2.007,0.02958,0.2043,0.9485,0.01276,74.32,3.463e-25,1.684e-24
698,0.23,0.1098,2.094,0.02495,0.1752,0.9487,0.01261,75.25,2.736e-25,1.346e-24
700,0.2355,0.1076,2.188,0.02068,0.1503,0.949,0.01242,76.42,2.045e-25,1.019e-24
702,0.2391,0.1046,2.285,0.01699,0.1279,0.9493,0.0122,77.8,1.454e-25,7.299e-25
704,0.2404,0.1009,2.381,0.01394,0.1121,0.9495,0.01196,79.39,9.911e-26,5.036e-25
706,0.2398,0.09686,2.476,0.01143,0.1007,0.9497,0.0117,81.15,6.556e-26,3.373e-25
708,0.2388,0.09282,2.573,0.009316,0.0917,0.9499,0.01145,83,4.276e-26,2.236e-25
710,0.2385,0.08922,2.673,0.007514,0.08777,0.95,0.01119,84.87,2.801e-26,1.484e-25
712,0.2393,0.08652,2.766,0.006152,0.08268,0.9499,0.01096,86.67,1.881e-26,1.009e-25
714,0.2403,0.08524,2.82,0.005473,0.07891,0.9497,0.01076,88.3,1.322e-26,7.218e-26
716,0.2403,0.08577,2.801,0.005694,0.08087,0.9494,0.01059,89.65,9.92e-27,5.487e-26
718,0.2379,0.08805,2.702,0.007064,0.08658,0.949,0.01047,90.63,8.075e-27,4.486e-26
720,0.2327,0.09166,2.539,0.01001,0.0946,0.9483,0.0104,91.16,7.224e-27,4.086e-26
722,0.2248,0.0961,2.339,0.0152,0.1165,0.9475,0.01039,91.19,7.173e-27,4.076e-26
724,0.2147,0.101,2.126,0.02342,0.1673,0.9465,0.01044,90.69,7.967e-27,4.446e-26
726,0.2032,0.106,1.916,0.03524,0.2364,0.9453,0.01055,89.62,9.971e-27,5.49e-26
728,0.1913,0.1109,1.725,0.05034,0.2607,0.944,0.01073,87.97,1.419e-26,7.71e-26
730,0.1799,0.1153,1.561,0.06754,0.3247,0.9424,0.01099,85.72,2.319e-26,1.239e-25
732,0.1691,0.119,1.42,0.08586,0.396,0.9406,0.01135,82.87,4.403e-26,2.293e-25
734,0.1586,0.1223,1.296,0.1052,0.4715,0.9387,0.01181,79.45,9.788e-26,4.994e-25
736,0.1479,0.1254,1.179,0.1264,0.5467,0.9365,0.0124,75.53,2.55e-25,1.26e-24
738,0.1366,0.1284,1.064,0.1503,0.6306,0.9342,0.01311,71.25,7.706e-25,3.621e-24
740,0.1244,0.1314,0.9465,0.1779,0.7243,0.9317,0.01396,66.76,2.639e-24,1.226e-23
742,0.1112,0.1344,0.8272,0.2092,0.7978,0.9291,0.01492,62.25,9.899e-24,4.566e-23
744,0.09749,0.1375,0.7092,0.2434,0.887,0.9263,0.016,57.9,3.898e-23,1.778e-22
746,0.08393,0.1404,0.5978,0.2785,0.9487,0.9235,0.01715,53.84,1.541e-22,6.955e-22
748,0.07129,0.1432,0.4979,0.3121,0.9881,0.9207,0.01836,50.16,5.863e-22,2.617e-21
750,0.05994,0.1455,0.4119,0.3425,0.9881,0.9179,0.01956,46.91,2.067e-21,9.097e-21
752,0.04965,0.1471,0.3375,0.3697,0.9881,0.9151,0.02074,44.13,6.551e-21,2.853e-20
754,0.03988,0.1477,0.2701,0.395,0.9881,0.9125,0.02184,41.79,1.824e-20,7.837e-20
756,0.03033,0.1472,0.206,0.4195,0.9881,0.9101,0.02282,39.88,4.396e-20,1.863e-19
758,0.02124,0.1461,0.1454,0.443,0.9881,0.9079,0.02366,38.37,9.084e-20,3.836e-19
760,0.01323,0.1446,0.09149,0.464,0.9881,0.9059,0.02434,37.22,1.605e-19,6.733e-19
762,0.006995,0.1434,0.04877,0.4808,0.9881,0.9043,0.02484,36.41,2.432e-19,1.006e-18
764,0.001893,0.1429,0.01325,0.4948,0.9881,0.9029,0.02516,35.89,3.182e-19,1.3e-18
766,-0.006401,0.1419,-0.04512,0.5178,0.9881,0.9019,0.02531,35.63,3.646e-19,1.475e-18
768,-0.01989,0.1393,-0.1428,0.556,0.9881,0.9011,0.02532,35.59,3.726e-19,1.502e-18
770,-0.03371,0.1364,-0.2472,0.5963,0.9881,0.9006,0.02522,35.71,3.483e-19,1.414e-18
772,-0.04454,0.1338,-0.333,0.6286,0.9881,0.9004,0.02504,35.95,3.074e-19,1.26e-18
774,-0.05172,0.1313,-0.3938,0.6509,0.9881,0.9003,0.02485,36.23,2.658e-19,1.093e-18
776,-0.05537,0.1289,-0.4295,0.6638,0.9881,0.9003,0.02468,36.48,2.344e-19,9.735e-19
778,-0.05581,0.1264,-0.4416,0.6681,0.9881,0.9004,0.0246,36.6,2.196e-19,9.179e-19
780,-0.05358,0.1237,-0.433,0.6651,0.9881,0.9005,0.02464,36.55,2.261e-19,9.422e-19
782,-0.04954,0.1212,-0.4088,0.6564,0.9881,0.9006,0.02484,36.26,2.626e-19,1.083e-18
784,-0.0448,0.1189,-0.3767,0.6447,0.9881,0.9004,0.02521,35.71,3.482e-19,1.414e-18
786,-0.04045,0.1172,-0.3453,0.6332,0.9881,0.9001,0.02577,34.93,5.267e-19,2.117e-18
788,-0.03724,0.1158,-0.3215,0.6243,0.9881,0.8995,0.0265,33.95,8.985e-19,3.6e-18
790,-0.03552,0.1149,-0.3091,0.6197,0.9881,0.8987,0.02739,32.81,1.698e-18,6.761e-18
792,-0.03528,0.1143,-0.3087,0.6196,0.9881,0.8975,0.02842,31.58,3.483e-18,1.382e-17
794,-0.03633,0.1139,-0.319,0.6234,0.9881,0.896,0.02959,30.28,7.594e-18,3.004e-17
796,-0.03827,0.1136,-0.337,0.6301,0.9881,0.8942,0.03086,28.98,1.727e-17,6.787e-17
798,-0.04057,0.1133,-0.3581,0.6379,0.9881,0.8922,0.03222,27.69,4.024e-17,1.577e-16
800,-0.04249,0.1129,-0.3763,0.6446,0.9881,0.8898,0.03366,26.44,9.469e-17,3.687e-16
802,-0.04319,0.1125,-0.384,0.6474,0.9881,0.8872,0.03514,25.25,2.218e-16,8.609e-16
804,-0.04189,0.1119,-0.3742,0.6438,0.9881,0.8845,0.03665,24.13,5.102e-16,1.968e-15
806,-0.03828,0.1113,-0.344,0.6327,0.9881,0.8816,0.03816,23.1,1.139e-15,4.38e-15
808,-0.03282,0.1106,-0.2967,0.615,0.9881,0.8787,0.03964,22.17,2.438e-15,9.321e-15
810,-0.02647,0.1099,-0.2408,0.5939,0.9881,0.8758,0.04108,21.32,4.957e-15,1.883e-14
812,-0.0202,0.1092,-0.185,0.5724,0.9881,0.873,0.04243,20.58,9.486e-15,3.54e-14
814,-0.01458,0.1084,-0.1345,0.5528,0.9881,0.8703,0.04367,19.93,1.698e-14,6.124e-14
816,-0.009901,0.1075,-0.09208,0.5362,0.9881,0.8677,0.04478,19.38,2.831e-14,9.967e-14
818,-0.006409,0.1069,-0.05995,0.5236,0.9881,0.8654,0.04575,18.91,4.383e-14,1.485e-13
820,-0.004322,0.1068,-0.04047,0.5159,0.9881,0.8632,0.04656,18.54,6.303e-14,2.112e-13
822,-0.003596,0.1075,-0.03346,0.5132,0.9881,0.8612,0.04721,18.24,8.427e-14,2.802e-13
824,-0.003704,0.1089,-0.03402,0.5134,0.9881,0.8595,0.0477,18.02,1.051e-13,3.474e-13
826,-0.003816,0.1108,-0.03443,0.5136,0.9881,0.8579,0.04802,17.87,1.226e-13,4.001e-13
828,-0.003143,0.1131,-0.02779,0.5109,0.9881,0.8565,0.04819,17.77,1.346e-13,4.369e-13
830,-0.001155,0.1156,-0.009994,0.5039,0.9881,0.8553,0.04822,17.74,1.397e-13,4.513e-13
832,0.00227,0.1184,0.01917,0.4925,0.9881,0.8542,0.04813,17.75,1.381e-13,4.472e-13
834,0.00672,0.1214,0.05534,0.4782,0.9881,0.8532,0.04793,17.8,1.307e-13,4.255e-13
836,0.01139,0.1243,0.09159,0.464,0.9881,0.8523,0.04763,17.89,1.193e-13,3.902e-13
838,0.01562,0.1267,0.1232,0.4516,0.9881,0.8514,0.04726,18.01,1.055e-13,3.481e-13
840,0.01928,0.1286,0.1499,0.4412,0.9881,0.8506,0.04683,18.16,9.114e-14,3.022e-13
842,0.0224,0.13,0.1722,0.4325,0.9881,0.8497,0.04635,18.33,7.722e-14,2.574e-13
844,0.02457,0.1311,0.1874,0.4267,0.9881,0.8487,0.04584,18.51,6.453e-14,2.157e-13
846,0.02489,0.1318,0.1888,0.4261,0.9881,0.8477,0.04531,18.71,5.344e-14,1.801e-13
848,0.02252,0.1322,0.1703,0.4333,0.9881,0.8466,0.04477,18.91,4.405e-14,1.488e-13
850,0.01747,0.1326,0.1318,0.4483,0.9881,0.8454,0.04424,19.11,3.632e-14,1.254e-13
852,0.01089,0.1335,0.08157,0.4679,0.9881,0.8441,0.04371,19.31,3.01e-14,1.051e-13
854,0.004385,0.1352,0.03244,0.4872,0.9881,0.8427,0.04321,19.5,2.52e-14,8.897e-14
856,-0.0009235,0.1372,-0.006729,0.5026,0.9881,0.8411,0.04275,19.68,2.144e-14,7.635e-14
858,-0.004633,0.1394,-0.03324,0.5131,0.9881,0.8395,0.04234,19.83,1.865e-14,6.68e-14
860,-0.006816,0.1414,-0.04822,0.519,0.9881,0.8377,0.04199,19.95,1.669e-14,6.062e-14
862,-0.007727,0.1431,-0.05401,0.5213,0.9881,0.8359,0.04173,20.03,1.545e-14,5.676e-14
864,-0.007766,0.1444,-0.05378,0.5212,0.9881,0.834,0.04154,20.08,1.486e-14,5.482e-14
866,-0.007825,0.1451,-0.05393,0.5212,0.9881,0.8322,0.04145,20.08,1.487e-14,5.482e-14
868,-0.01014,0.1446,-0.07012,0.5276,0.9881,0.8303,0.04145,20.03,1.548e-14,5.676e-14
870,-0.01805,0.1423,-0.1268,0.5498,0.9881,0.8285,0.04154,19.95,1.673e-14,6.062e-14
872,-0.02991,0.1399,-0.2139,0.5835,0.9881,0.8268,0.0417,19.83,1.865e-14,6.68e-14
874,-0.03882,0.1384,-0.2806,0.609,0.9881,0.8253,0.04193,19.68,2.127e-14,7.595e-14
876,-0.04315,0.137,-0.3148,0.6218,0.9881,0.8239,0.04219,19.53,2.458e-14,8.705e-14
878,-0.04474,0.1353,-0.3306,0.6277,0.9881,0.8227,0.04248,19.37,2.85e-14,1.001e-13
880,-0.04506,0.1331,-0.3384,0.6306,0.9881,0.8218,0.04276,19.22,3.276e-14,1.138e-13
882,-0.04428,0.1304,-0.3395,0.631,0.9881,0.8211,0.043,19.09,3.694e-14,1.272e-13
884,-0.04129,0.1273,-0.3243,0.6254,0.9881,0.8206,0.04319,19,4.042e-14,1.384e-13
886,-0.03438,0.1245,-0.2761,0.6073,0.9881,0.8205,0.0433,18.95,4.249e-14,1.449e-13
888,-0.02395,0.1236,-0.1938,0.5758,0.9881,0.8205,0.04331,18.95,4.253e-14,1.449e-13
890,-0.01468,0.1249,-0.1176,0.5462,0.9881,0.8208,0.04319,19,4.022e-14,1.381e-13
892,-0.01031,0.1266,-0.0814,0.532,0.9881,0.8214,0.04294,19.13,3.57e-14,1.236e-13
894,-0.01008,0.1276,-0.07902,0.5311,0.9881,0.8221,0.04254,19.33,2.967e-14,1.039e-13
896,-0.01201,0.1278,-0.09398,0.5369,0.9881,0.8229,0.042,19.59,2.31e-14,8.202e-14
898,-0.0148,0.1274,-0.1161,0.5456,0.9881,0.8238,0.04134,19.93,1.7e-14,6.124e-14
900,-0.01791,0.1266,-0.1414,0.5555,0.9881,0.8247,0.04061,20.31,1.207e-14,4.476e-14
902,-0.02131,0.1254,-0.1699,0.5666,0.9881,0.8255,0.03989,20.69,8.56e-15,3.204e-14
904,-0.02537,0.1236,-0.2052,0.5802,0.9881,0.8262,0.03929,21.03,6.393e-15,2.407e-14
906,-0.03097,0.1211,-0.2558,0.5996,0.9881,0.8266,0.03893,21.23,5.356e-15,2.023e-14
908,-0.03947,0.1174,-0.3362,0.6298,0.9881,0.8266,0.03893,21.24,5.339e-15,2.022e-14
910,-0.052,0.1128,-0.4611,0.675,0.9881,0.8262,0.03934,21,6.534e-15,2.453e-14
912,-0.06813,0.108,-0.6308,0.7322,0.9881,0.8253,0.04016,20.55,9.704e-15,3.61e-14
914,-0.08616,0.1041,-0.8275,0.7909,0.9881,0.8237,0.04129,19.95,1.667e-14,6.062e-14
916,-0.1046,0.1015,-1.03,0.842,0.9881,0.8216,0.04262,19.28,3.111e-14,1.083e-13
918,-0.1227,0.1002,-1.225,0.8822,0.9881,0.8189,0.04404,18.59,5.971e-14,2.006e-13
920,-0.1401,0.09964,-1.406,0.9121,0.9881,0.8157,0.04546,17.94,1.134e-13,3.719e-13
922,-0.1559,0.09948,-1.568,0.9332,0.9881,0.8122,0.04682,17.35,2.081e-13,6.705e-13
924,-0.1672,0.09887,-1.691,0.9464,0.9881,0.8085,0.0481,16.81,3.654e-13,1.171e-12
926,-0.1716,0.09696,-1.77,0.9536,0.9881,0.8045,0.04926,16.33,6.109e-13,1.953e-12
928,-0.1798,0.098,-1.835,0.9589,0.9881,0.8005,0.05032,15.91,9.735e-13,3.097e-12
930,-0.1722,0.1034,-1.665,0.9439,0.9881,0.7964,0.05127,15.53,1.484e-12,4.707e-12
932,-0.1533,0.1057,-1.45,0.9183,0.9881,0.7923,0.05212,15.2,2.175e-12,6.865e-12
934,-0.1399,0.1075,-1.301,0.8957,0.9881,0.7882,0.05289,14.9,3.088e-12,9.724e-12
936,-0.1315,0.1088,-1.208,0.8792,0.9881,0.7842,0.05361,14.63,4.281e-12,1.345e-11
938,-0.1266,0.1099,-1.151,0.8681,0.9881,0.7802,0.05429,14.37,5.837e-12,1.806e-11
940,-0.1238,0.1113,-1.112,0.86,0.9881,0.7763,0.05495,14.13,7.869e-12,2.411e-11
942,-0.1213,0.1133,-1.071,0.8511,0.9881,0.7726,0.05561,13.89,1.051e-11,3.198e-11
944,-0.1169,0.1153,-1.014,0.8383,0.9881,0.7691,0.05625,13.67,1.388e-11,4.192e-11
946,-0.1098,0.117,-0.9384,0.8201,0.9881,0.7658,0.05684,13.47,1.793e-11,5.375e-11
948,-0.1001,0.1181,-0.8475,0.7964,0.9881,0.7629,0.05733,13.31,2.219e-11,6.619e-11
950,-0.08846,0.1187,-0.7453,0.7674,0.9881,0.7605,0.05761,13.2,2.546e-11,7.54e-11
952,-0.07529,0.1188,-0.6338,0.7331,0.9881,0.7587,0.05755,13.18,2.603e-11,7.691e-11
954,-0.06076,0.1184,-0.5132,0.6931,0.9881,0.7577,0.05708,13.27,2.315e-11,6.873e-11
956,-0.04486,0.1175,-0.3818,0.6466,0.9881,0.7573,0.0563,13.45,1.843e-11,5.51e-11
958,-0.02747,0.116,-0.2367,0.5923,0.9881,0.7571,0.05545,13.65,1.421e-11,4.28e-11
960,-0.008434,0.114,-0.07398,0.5291,0.9881,0.7567,0.05471,13.83,1.136e-11,3.446e-11
962,0.01222,0.1116,0.1095,0.457,0.9881,0.7559,0.05411,13.97,9.557e-12,2.914e-11
964,0.0338,0.1093,0.3093,0.3802,0.9881,0.7546,0.05358,14.08,8.302e-12,2.537e-11
966,0.05418,0.1081,0.501,0.311,0.9881,0.7528,0.05305,14.19,7.266e-12,2.232e-11
968,0.06996,0.1088,0.6429,0.264,0.9166,0.7503,0.05245,14.31,6.318e-12,1.95e-11
970,0.07796,0.1113,0.7003,0.2461,0.8943,0.747,0.0518,14.42,5.485e-12,1.701e-11
972,0.07701,0.1158,0.665,0.257,0.9127,0.7428,0.05117,14.52,4.897e-12,1.53e-11
974,0.07015,0.1223,0.5736,0.2865,0.9676,0.7378,0.05074,14.54,4.741e-12,1.485e-11
976,0.06327,0.1289,0.491,0.3145,0.9881,0.732,0.05066,14.45,5.303e-12,1.649e-11
978,0.05806,0.1337,0.4341,0.3345,0.9881,0.7257,0.0511,14.2,7.177e-12,2.21e-11
980,0.0524,0.1371,0.3822,0.3533,0.9881,0.7191,0.0521,13.8,1.177e-11,3.563e-11
982,0.0443,0.1396,0.3174,0.3772,0.9881,0.7124,0.05358,13.3,2.244e-11,6.679e-11
984,0.03283,0.1417,0.2317,0.4096,0.9881,0.7059,0.0554,12.74,4.677e-11,1.379e-10
986,0.01844,0.1439,0.1282,0.4497,0.9881,0.6995,0.05744,12.18,1.01e-10,2.964e-10
988,0.003411,0.1463,0.02331,0.4908,0.9881,0.6933,0.0596,11.63,2.187e-10,6.403e-10
990,-0.009645,0.1489,-0.06476,0.5255,0.9881,0.6872,0.06183,11.11,4.678e-10,1.363e-09
992,-0.0195,0.1513,-0.1289,0.5506,0.9881,0.6812,0.06412,10.62,9.846e-10,2.856e-09
994,-0.02592,0.1532,-0.1692,0.5663,0.9881,0.6753,0.06647,10.16,2.04e-09,5.904e-09
996,-0.02889,0.1546,-0.1869,0.5731,0.9881,0.6694,0.06888,9.719,4.16e-09,1.198e-08
998,-0.02844,0.1554,-0.183,0.5716,0.9881,0.6636,0.07133,9.303,8.319e-09,2.385e-08
1000,-0.0247,0.1557,-0.1586,0.5622,0.9881,0.6578,0.0738,8.913,1.624e-08,4.624e-08
1002,-0.01792,0.1557,-0.1151,0.5452,0.9881,0.652,0.07625,8.55,3.077e-08,8.701e-08
1004,-0.008476,0.1553,-0.05457,0.5215,0.9881,0.6462,0.07865,8.216,5.627e-08,1.581e-07
1006,0.003114,0.1548,0.02012,0.4921,0.9881,0.6404,0.08096,7.91,9.901e-08,2.763e-07
1008,0.0162,0.1541,0.1051,0.4587,0.9881,0.6347,0.08316,7.633,1.672e-07,4.656e-07
1010,0.02999,0.1534,0.1955,0.4235,0.9881,0.6291,0.08523,7.381,2.711e-07,7.514e-07
1012,0.04362,0.1525,0.286,0.389,0.9881,0.6235,0.08714,7.155,4.223e-07,1.168e-06
1014,0.05618,0.1514,0.371,0.3574,0.9881,0.6179,0.08891,6.95,6.339e-07,1.73e-06
1016,0.06672,0.1502,0.4443,0.3309,0.9881,0.6124,0.09053,6.764,9.207e-07,2.48e-06
1018,0.07423,0.1487,0.4993,0.3116,0.9881,0.6068,0.09202,6.594,1.3e-06,3.365e-06
1020,0.0776,0.147,0.528,0.3018,0.9881,0.6012,0.09339,6.437,1.796e-06,4.376e-06
1022,0.07567,0.1451,0.5217,0.304,0.9881,0.5955,0.09467,6.29,2.439e-06,5.808e-06
1024,0.06759,0.1431,0.4722,0.3211,0.9881,0.5895,0.09588,6.149,3.278e-06,7.644e-06
1026,0.05394,0.1412,0.3821,0.3533,0.9881,0.5833,0.09703,6.012,4.381e-06,1.01e-05
1028,0.03856,0.1386,0.2783,0.3919,0.9881,0.5768,0.09816,5.875,5.854e-06,1.335e-05
1030,0.02385,0.1352,0.1764,0.4309,0.9881,0.5697,0.09928,5.738,7.857e-06,1.776e-05
1032,0.006967,0.1325,0.05258,0.4793,0.9881,0.5623,0.1004,5.599,1.062e-05,2.376e-05
1034,-0.01283,0.1307,-0.09819,0.5386,0.9881,0.5545,0.1016,5.457,1.447e-05,3.212e-05
1036,-0.03342,0.129,-0.259,0.6008,0.9881,0.5467,0.1028,5.317,1.969e-05,4.356e-05
1038,-0.05242,0.1267,-0.4136,0.6581,0.9881,0.5392,0.104,5.184,2.642e-05,5.764e-05
1040,-0.06913,0.1235,-0.5598,0.7089,0.9881,0.5323,0.1051,5.065,3.436e-05,7.457e-05
1042,-0.08501,0.1196,-0.711,0.7571,0.9881,0.5262,0.1059,4.969,4.264e-05,9.064e-05
1044,-0.1026,0.1157,-0.8869,0.8069,0.9881,0.5212,0.1064,4.897,5.002e-05,0.0001046
1046,-0.1242,0.1127,-1.102,0.858,0.9881,0.517,0.1066,4.852,5.533e-05,0.0001149
1048,-0.1504,0.1113,-1.351,0.9037,0.9881,0.5137,0.1063,4.832,5.798e-05,0.0001196
1050,-0.1777,0.1115,-1.594,0.9363,0.9881,0.5109,0.1058,4.831,5.81e-05,0.0001196
1052,-0.2008,0.1116,-1.8,0.9561,0.9881,0.5085,0.105,4.843,5.65e-05,0.0001171
1054,-0.2184,0.1106,-1.975,0.9685,0.9881,0.5062,0.1041,4.862,5.416e-05,0.0001126
1056,-0.2325,0.1091,-2.132,0.9768,0.9881,0.5042,0.1033,4.883,5.168e-05,0.0001077
1058,-0.2433,0.1072,-2.27,0.9825,0.9881,0.5027,0.1024,4.909,4.871e-05,0.0001023
1060,-0.2497,0.105,-2.378,0.986,0.9881,0.5024,0.1014,4.954,4.41e-05,9.342e-05
1062,-0.2499,0.1023,-2.442,0.9877,0.9881,0.5037,0.1001,5.03,3.717e-05,8.052e-05
1064,-0.2454,0.09996,-2.455,0.9881,0.9881,0.5065,0.0984,5.147,2.864e-05,6.236e-05
1066,-0.2394,0.09837,-2.434,0.9875,0.9881,0.5107,0.09624,5.307,2.011e-05,4.435e-05
1068,-0.2334,0.09726,-2.4,0.9866,0.9881,0.5161,0.09373,5.507,1.298e-05,2.893e-05
1070,-0.2271,0.09628,-2.359,0.9854,0.9881,0.5224,0.09102,5.74,7.832e-06,1.773e-05
1072,-0.22,0.09536,-2.307,0.9838,0.9881,0.5294,0.08832,5.994,4.548e-06,1.045e-05
1074,-0.212,0.09463,-2.241,0.9814,0.9881,0.5366,0.08588,6.249,2.659e-06,6.272e-06
1076,-0.2033,0.09421,-2.158,0.978,0.9881,0.5439,0.08398,6.476,1.657e-06,4.07e-06
1078,-0.1941,0.09418,-2.061,0.9734,0.9881,0.5506,0.0828,6.65,1.161e-06,3.063e-06
1080,-0.1849,0.09456,-1.955,0.9673,0.9881,0.5564,0.08239,6.753,9.419e-07,2.532e-06
1082,-0.1759,0.09528,-1.846,0.9597,0.9881,0.5607,0.08259,6.788,8.773e-07,2.374e-06
1084,-0.1674,0.09628,-1.738,0.9508,0.9881,0.5633,0.0832,6.771,9.087e-07,2.453e-06
1086,-0.1595,0.09749,-1.636,0.9409,0.9881,0.5645,0.08401,6.719,1.009e-06,2.69e-06
1088,-0.1527,0.09883,-1.545,0.9305,0.9881,0.5643,0.08489,6.647,1.167e-06,3.071e-06
1090,-0.1471,0.1002,-1.468,0.9207,0.9881,0.5631,0.08575,6.567,1.376e-06,3.461e-06
1092,-0.1433,0.1015,-1.412,0.9129,0.9881,0.5613,0.08655,6.485,1.628e-06,4.014e-06
1094,-0.142,0.1025,-1.385,0.909,0.9881,0.5591,0.08725,6.408,1.907e-06,4.629e-06
1096,-0.1434,0.103,-1.392,0.91,0.9881,0.5569,0.0878,6.343,2.186e-06,5.245e-06
1098,-0.1472,0.1032,-1.426,0.9149,0.9881,0.5548,0.08818,6.292,2.43e-06,5.798e-06
1100,-0.1524,0.1034,-1.474,0.9216,0.9881,0.5529,0.08834,6.259,2.603e-06,6.162e-06
1102,-0.1581,0.1037,-1.524,0.928,0.9881,0.5515,0.08829,6.246,2.674e-06,6.294e-06
1104,-0.1631,0.1043,-1.564,0.9329,0.9881,0.5504,0.088,6.254,2.629e-06,6.211e-06
1106,-0.1665,0.105,-1.585,0.9353,0.9881,0.5497,0.08748,6.284,2.472e-06,5.874e-06
1108,-0.1669,0.1058,-1.578,0.9344,0.9881,0.5494,0.08674,6.334,2.227e-06,5.333e-06
1110,-0.1631,0.1064,-1.533,0.9291,0.9881,0.5493,0.08579,6.403,1.929e-06,4.673e-06
1112,-0.1548,0.1068,-1.45,0.9183,0.9881,0.5494,0.08466,6.489,1.616e-06,3.991e-06
1114,-0.1425,0.1067,-1.335,0.9012,0.9881,0.5494,0.08341,6.587,1.319e-06,3.365e-06
1116,-0.128,0.1062,-1.205,0.8786,0.9881,0.5493,0.08206,6.694,1.062e-06,2.823e-06
1118,-0.113,0.1052,-1.074,0.8518,0.9881,0.5489,0.08069,6.802,8.533e-07,2.314e-06
1120,-0.09816,0.1044,-0.94,0.8205,0.9881,0.5478,0.07936,6.903,6.963e-07,1.896e-06
1122,-0.08336,0.1043,-0.7992,0.783,0.9881,0.5461,0.07814,6.988,5.875e-07,1.61e-06
1124,-0.06839,0.105,-0.6514,0.7387,0.9881,0.5434,0.07712,7.047,5.228e-07,1.439e-06
1126,-0.0535,0.1062,-0.5035,0.6898,0.9881,0.5399,0.07638,7.068,5.008e-07,1.382e-06
1128,-0.03918,0.1078,-0.3635,0.6399,0.9881,0.5354,0.07602,7.044,5.26e-07,1.445e-06
1130,-0.02585,0.1094,-0.2364,0.5922,0.9881,0.5301,0.07609,6.967,6.129e-07,1.676e-06
1132,-0.01385,0.1108,-0.125,0.5491,0.9881,0.5241,0.07665,6.838,7.935e-07,2.156e-06
1134,-0.003495,0.112,-0.03121,0.5123,0.9881,0.5177,0.07769,6.663,1.13e-06,2.985e-06
1136,0.004719,0.1128,0.04183,0.4835,0.9881,0.5109,0.07914,6.455,1.732e-06,4.237e-06
1138,0.01023,0.1131,0.09047,0.4644,0.9881,0.5038,0.08093,6.225,2.793e-06,6.55e-06
1140,0.01266,0.1127,0.1123,0.4559,0.9881,0.4965,0.08296,5.985,4.632e-06,1.062e-05
1142,0.0121,0.1118,0.1082,0.4575,0.9881,0.489,0.08515,5.743,7.782e-06,1.766e-05
1144,0.008965,0.1104,0.08121,0.4681,0.9881,0.4809,0.08742,5.501,1.314e-05,2.922e-05
1146,0.00375,0.1087,0.0345,0.4864,0.9881,0.4721,0.08973,5.261,2.227e-05,4.891e-05
1148,-0.003208,0.1067,-0.03006,0.5118,0.9881,0.4622,0.09207,5.02,3.802e-05,8.222e-05
1150,-0.01165,0.1046,-0.1113,0.5437,0.9881,0.451,0.09445,4.775,6.58e-05,0.0001348
1152,-0.02124,0.1026,-0.2069,0.5809,0.9881,0.4385,0.09692,4.524,0.000116,0.0002327
1154,-0.03153,0.101,-0.3123,0.6209,0.9881,0.4248,0.09954,4.267,0.0002082,0.0004091
1156,-0.04202,0.09998,-0.4203,0.6605,0.9881,0.4102,0.1024,4.007,0.0003767,0.0007222
1158,-0.05232,0.09989,-0.5237,0.6967,0.9881,0.3954,0.1054,3.753,0.0006736,0.001282
1160,-0.06214,0.1008,-0.6164,0.7275,0.9881,0.3813,0.1085,3.515,0.001158,0.002176
1162,-0.07133,0.1027,-0.6944,0.7521,0.9881,0.3684,0.1115,3.304,0.001864,0.003401
1164,-0.0797,0.1055,-0.7552,0.7703,0.9881,0.3574,0.1142,3.129,0.002764,0.004922
1166,-0.08684,0.109,-0.7966,0.7822,0.9881,0.3486,0.1166,2.991,0.003758,0.006418
1168,-0.09195,0.1128,-0.8154,0.7875,0.9881,0.342,0.1184,2.888,0.004712,0.00776
1170,-0.09367,0.1162,-0.8063,0.785,0.9881,0.3375,0.1198,2.817,0.005502,0.008843
1172,-0.09048,0.1185,-0.7637,0.7728,0.9881,0.3348,0.1207,2.773,0.006054,0.009592
1174,-0.08226,0.1195,-0.6882,0.7502,0.9881,0.3337,0.1213,2.752,0.006345,0.01
1176,-0.07134,0.12,-0.5947,0.7205,0.9881,0.3337,0.1214,2.748,0.006392,0.01003
1178,-0.0607,0.1201,-0.5053,0.6904,0.9881,0.3346,0.1213,2.76,0.006237,0.009868
1180,-0.05182,0.1199,-0.432,0.6647,0.9881,0.3364,0.1209,2.783,0.005929,0.009441
1182,-0.04457,0.1194,-0.3732,0.6434,0.9881,0.3388,0.1203,2.816,0.005522,0.008861
1184,-0.03809,0.1188,-0.3207,0.624,0.9881,0.3418,0.1197,2.855,0.00507,0.008274
1186,-0.03156,0.1181,-0.2671,0.6039,0.9881,0.3452,0.1192,2.896,0.004625,0.007648
1188,-0.02453,0.1173,-0.2092,0.5817,0.9881,0.3487,0.1187,2.937,0.004226,0.007101
1190,-0.01723,0.116,-0.1485,0.5583,0.9881,0.3519,0.1183,2.975,0.003887,0.006603
1192,-0.01032,0.1143,-0.09035,0.5355,0.9881,0.3545,0.1178,3.01,0.0036,0.006172
1194,-0.004571,0.1124,-0.04066,0.516,0.9881,0.3565,0.1171,3.043,0.003344,0.005781
1196,-0.0003768,0.1108,-0.003402,0.5013,0.9881,0.3578,0.1163,3.077,0.003099,0.005411
1198,0.002404,0.1097,0.02191,0.4914,0.9881,0.3586,0.1151,3.115,0.002853,0.005043
1200,0.00463,0.1094,0.04232,0.4833,0.9881,0.3592,0.1138,3.156,0.002599,0.004669
1202,0.007719,0.1095,0.07047,0.4723,0.9881,0.3596,0.1123,3.203,0.002344,0.004221
1204,0.01292,0.1095,0.1179,0.4537,0.9881,0.3601,0.1107,3.252,0.002096,0.003797
1206,0.02055,0.1091,0.1884,0.4263,0.9881,0.3606,0.1092,3.303,0.001872,0.003411
1208,0.03008,0.1084,0.2776,0.3921,0.9881,0.3613,0.1079,3.347,0.001692,0.003106
1210,0.04056,0.1076,0.377,0.3552,0.9881,0.3619,0.1071,3.379,0.001575,0.002907
1212,0.05105,0.107,0.4771,0.3194,0.9881,0.362,0.1068,3.39,0.001536,0.002844
1214,0.0609,0.1066,0.5715,0.2872,0.9676,0.3611,0.107,3.376,0.001586,0.002925
1216,0.06992,0.1062,0.6586,0.259,0.9131,0.3588,0.1075,3.337,0.001733,0.003176
1218,0.07822,0.1057,0.7402,0.2341,0.8607,0.3549,0.1083,3.277,0.001982,0.003602
1220,0.08606,0.1049,0.82,0.2112,0.8024,0.3493,0.1091,3.202,0.002347,0.004221
1222,0.09372,0.1039,0.9023,0.1891,0.7587,0.3423,0.1099,3.115,0.002848,0.005043
1224,0.1014,0.1024,0.9902,0.1673,0.6923,0.3341,0.1106,3.021,0.003517,0.006055
1226,0.1091,0.1006,1.085,0.1458,0.6169,0.3252,0.1114,2.92,0.004389,0.007335
1228,0.1167,0.09858,1.184,0.1256,0.5467,0.316,0.1122,2.817,0.005501,0.008843
1230,0.1236,0.09652,1.281,0.1078,0.4797,0.3068,0.113,2.715,0.006873,0.0107
1232,0.1294,0.0946,1.368,0.09368,0.4258,0.2981,0.1139,2.616,0.008496,0.01289
1234,0.1334,0.09288,1.436,0.08366,0.3888,0.2901,0.1149,2.524,0.01032,0.0152
1236,0.1351,0.09138,1.479,0.07781,0.367,0.2831,0.1159,2.442,0.01227,0.01749
1238,0.1345,0.09006,1.494,0.07583,0.3604,0.2771,0.1169,2.371,0.01424,0.01996
1240,0.1317,0.08889,1.481,0.07747,0.3668,0.2723,0.1179,2.311,0.01612,0.02242
1242,0.1268,0.08784,1.443,0.08265,0.3855,0.2686,0.1188,2.261,0.01783,0.02452
1244,0.12,0.08685,1.382,0.09151,0.419,0.2657,0.1196,2.222,0.01931,0.0263
1246,0.1117,0.08587,1.301,0.1044,0.4696,0.2636,0.1203,2.191,0.02054,0.02791
1248,0.1019,0.08481,1.202,0.1221,0.5375,0.2619,0.1208,2.168,0.02152,0.02902
1250,0.09085,0.08366,1.086,0.1456,0.6169,0.2606,0.1211,2.151,0.02228,0.02963
1252,0.07862,0.08248,0.9532,0.1762,0.7199,0.2593,0.1212,2.139,0.02284,0.03025
1254,0.06558,0.08146,0.8051,0.2154,0.8109,0.2579,0.1211,2.13,0.02323,0.0307
1256,0.05227,0.08088,0.6463,0.2629,0.9166,0.2561,0.1206,2.124,0.02351,0.03104
1258,0.03935,0.08093,0.4862,0.3162,0.9881,0.2538,0.1198,2.119,0.02374,0.03131
1260,0.02733,0.08165,0.3348,0.3707,0.9881,0.2506,0.1186,2.113,0.02402,0.0315
1262,0.01656,0.08294,0.1997,0.4219,0.9881,0.2462,0.117,2.104,0.02448,0.032
1264,0.007245,0.08464,0.0856,0.4663,0.9881,0.2401,0.1151,2.086,0.02533,0.03288
1266,-0.0004082,0.08657,-0.004715,0.5019,0.9881,0.2319,0.1128,2.056,0.02691,0.03464
1268,-0.006297,0.08855,-0.07111,0.528,0.9881,0.2213,0.1104,2.005,0.02972,0.03772
1270,-0.0106,0.09036,-0.1173,0.5461,0.9881,0.2083,0.108,1.928,0.03444,0.04305
1272,-0.01378,0.09187,-0.15,0.5588,0.9881,0.1938,0.106,1.828,0.04165,0.05094
1274,-0.01635,0.09313,-0.1755,0.5687,0.9881,0.179,0.1044,1.715,0.05132,0.06192
1276,-0.01852,0.09432,-0.1964,0.5768,0.9881,0.1643,0.1027,1.6,0.06304,0.07476
1278,-0.02008,0.09568,-0.2099,0.582,0.9881,0.1494,0.1008,1.482,0.0774,0.09068
1280,-0.0206,0.09742,-0.2115,0.5826,0.9881,0.1331,0.09896,1.345,0.09719,0.112
1282,-0.01988,0.09967,-0.1994,0.578,0.9881,0.1163,0.09795,1.188,0.1248,0.1416
1284,-0.01847,0.1023,-0.1805,0.5707,0.9881,0.1023,0.09798,1.044,0.1548,0.1727
1286,-0.01821,0.1045,-0.1742,0.5682,0.9881,0.09308,0.09807,0.9491,0.1772,0.1966
1288,-0.02153,0.1053,-0.2044,0.5799,0.9881,0.08832,0.09758,0.9051,0.1884,0.2082
1290,-0.02862,0.1048,-0.273,0.6061,0.9881,0.08693,0.09647,0.9011,0.1894,0.2092
1292,-0.03712,0.1044,-0.3553,0.6369,0.9881,0.08812,0.09489,0.9287,0.1823,0.2019
1294,-0.0451,0.105,-0.4295,0.6638,0.9881,0.09146,0.09297,0.9838,0.1688,0.1877
1296,-0.05187,0.1065,-0.4871,0.6841,0.9881,0.09668,0.09083,1.064,0.1502,0.1677
1298,-0.05646,0.1085,-0.5202,0.6955,0.9881,0.1036,0.08859,1.169,0.1284,0.1452
1300,-0.04801,0.1095,-0.4384,0.667,0.9881,0.1119,0.08636,1.296,0.1052,0.1207
1302,-0.03506,0.1119,-0.3133,0.6213,0.9881,0.1215,0.08426,1.442,0.0828,0.09655
1304,-0.03439,0.1138,-0.3023,0.6171,0.9881,0.132,0.08238,1.602,0.06283,0.07466
1306,-0.03869,0.1143,-0.3385,0.6306,0.9881,0.143,0.08082,1.77,0.04639,0.05624
1308,-0.04492,0.114,-0.394,0.651,0.9881,0.1544,0.0796,1.94,0.03372,0.04224
1310,-0.05122,0.1135,-0.4514,0.6716,0.9881,0.1656,0.07872,2.104,0.02445,0.032
1312,-0.05676,0.113,-0.5025,0.6895,0.9881,0.1765,0.07814,2.259,0.01791,0.0246
1314,-0.06079,0.1126,-0.54,0.7023,0.9881,0.1868,0.07782,2.4,0.0134,0.01891
1316,-0.06051,0.1118,-0.5414,0.7027,0.9881,0.1961,0.07766,2.525,0.01032,0.0152
1318,-0.05228,0.1099,-0.4757,0.6802,0.9881,0.2042,0.07761,2.631,0.008225,0.01254
1320,-0.03986,0.1083,-0.3682,0.6416,0.9881,0.2109,0.07759,2.719,0.006815,0.01064
1322,-0.02773,0.1075,-0.2579,0.6004,0.9881,0.216,0.07757,2.785,0.005898,0.009404
1324,-0.01649,0.1073,-0.1537,0.5603,0.9881,0.2193,0.07755,2.828,0.005372,0.008687
1326,-0.006252,0.1073,-0.05827,0.5229,0.9881,0.2206,0.07764,2.842,0.005216,0.008457
1328,0.002711,0.1073,0.02528,0.49,0.9881,0.2199,0.07808,2.817,0.005504,0.008843
1330,0.01034,0.107,0.09662,0.462,0.9881,0.2178,0.07924,2.748,0.006394,0.01003
1332,0.01692,0.1066,0.1587,0.4378,0.9881,0.2151,0.08143,2.642,0.008038,0.01228
1334,0.02289,0.1061,0.2158,0.4157,0.9881,0.2133,0.08457,2.522,0.01038,0.01526
1336,0.02867,0.1056,0.2715,0.3945,0.9881,0.213,0.08828,2.413,0.01305,0.0185
1338,0.03457,0.1053,0.3282,0.3732,0.9881,0.2144,0.09214,2.327,0.01558,0.02174
1340,0.04075,0.1053,0.387,0.3515,0.9881,0.2172,0.09589,2.266,0.01768,0.02434
1342,0.04722,0.1055,0.4474,0.3298,0.9881,0.2211,0.09951,2.222,0.0193,0.0263
1344,0.05388,0.1061,0.5078,0.3087,0.9881,0.2256,0.1031,2.189,0.02065,0.02799
1346,0.06057,0.107,0.5659,0.289,0.9686,0.23,0.1067,2.156,0.02204,0.02943
1348,0.06699,0.1084,0.6181,0.2719,0.9338,0.2332,0.1101,2.118,0.02381,0.03133
1350,0.07268,0.1102,0.6596,0.2587,0.9131,0.2341,0.1131,2.07,0.02618,0.03388
1352,0.07691,0.1125,0.6839,0.2511,0.9021,0.2321,0.1153,2.014,0.02922,0.03723
1354,0.07878,0.1151,0.6846,0.2509,0.9021,0.2276,0.1166,1.953,0.03288,0.04135
1356,0.07744,0.1178,0.6576,0.2593,0.9131,0.2213,0.1171,1.891,0.03702,0.04591
1358,0.07263,0.1204,0.6034,0.2767,0.9476,0.2143,0.117,1.832,0.04137,0.05075
1360,0.06465,0.1229,0.5261,0.3025,0.9881,0.2072,0.1164,1.78,0.04557,0.05547
1362,0.05413,0.1254,0.4315,0.3355,0.9881,0.2006,0.1154,1.738,0.04921,0.05949
1364,0.04181,0.1281,0.3264,0.3739,0.9881,0.1946,0.1139,1.709,0.05191,0.06258
1366,0.02867,0.1308,0.2192,0.4144,0.9881,0.1893,0.1119,1.692,0.05351,0.06431
1368,0.01617,0.133,0.1216,0.4522,0.9881,0.1845,0.1095,1.685,0.05414,0.06501
1370,0.006171,0.1341,0.04601,0.4819,0.9881,0.1797,0.1068,1.683,0.05434,0.06519
1372,0.0009151,0.1334,0.006859,0.4973,0.9881,0.1746,0.1041,1.677,0.05495,0.06586
1374,0.005525,0.1296,0.04264,0.4832,0.9881,0.1684,0.1017,1.656,0.05705,0.06824
1376,0.02639,0.1222,0.216,0.4156,0.9881,0.1611,0.09999,1.611,0.06183,0.07361
1378,0.04908,0.1164,0.4215,0.3391,0.9881,0.153,0.09938,1.54,0.07007,0.08271
1380,0.06402,0.1125,0.5691,0.288,0.9676,0.1456,0.09987,1.458,0.08062,0.09427
1382,0.0733,0.109,0.6722,0.2548,0.9089,0.1405,0.1008,1.393,0.08983,0.1042
1384,0.07871,0.1058,0.7443,0.2329,0.8588,0.1386,0.1016,1.365,0.09414,0.109
1386,0.08114,0.1025,0.7913,0.2193,0.8182,0.1398,0.1017,1.375,0.09253,0.1072
1388,0.08125,0.09937,0.8177,0.2118,0.8024,0.1436,0.1012,1.419,0.08598,0.1002
1390,0.07977,0.09625,0.8288,0.2088,0.7978,0.1494,0.1002,1.492,0.07607,0.08937
1392,0.07754,0.09325,0.8315,0.208,0.7978,0.1569,0.09878,1.589,0.06432,0.07614
1394,0.07543,0.09052,0.8333,0.2075,0.7978,0.1659,0.09715,1.707,0.05204,0.06266
1396,0.07404,0.0883,0.8385,0.2061,0.7975,0.176,0.09536,1.846,0.04027,0.04955
1398,0.07349,0.08675,0.8472,0.2037,0.7933,0.1873,0.09352,2.003,0.02983,0.03782
1400,0.07355,0.08584,0.8568,0.2011,0.7856,0.1995,0.0917,2.176,0.0212,0.02862
1402,0.0739,0.08535,0.8659,0.1987,0.7826,0.2125,0.09002,2.361,0.01453,0.02033
1404,0.07434,0.08511,0.8735,0.1967,0.7779,0.2262,0.08853,2.555,0.009683,0.01436
1406,0.07467,0.08511,0.8773,0.1956,0.7779,0.2402,0.08734,2.75,0.00637,0.01003
1408,0.07459,0.08534,0.874,0.1965,0.7779,0.2542,0.08651,2.938,0.004219,0.007101
1410,0.07385,0.08572,0.8615,0.1999,0.7831,0.2678,0.08612,3.11,0.002884,0.005078
1412,0.07229,0.08606,0.84,0.2057,0.7975,0.2806,0.08621,3.255,0.002084,0.003781
1414,0.06998,0.08615,0.8123,0.2133,0.8057,0.2921,0.08675,3.368,0.001617,0.002976
1416,0.06717,0.08582,0.7828,0.2217,0.8248,0.3021,0.08763,3.447,0.001351,0.002514
1418,0.06426,0.08504,0.7557,0.2295,0.8489,0.3102,0.08874,3.496,0.001209,0.002262
1420,0.06154,0.08394,0.7331,0.2362,0.866,0.3167,0.08999,3.519,0.001147,0.00216
1422,0.059,0.08279,0.7126,0.2424,0.8859,0.3215,0.09135,3.52,0.001145,0.002159
1424,0.05634,0.08187,0.6882,0.2498,0.9021,0.3249,0.09279,3.502,0.001193,0.002236
1426,0.05311,0.08137,0.6527,0.2609,0.9158,0.3271,0.09435,3.466,0.001293,0.002412
1428,0.04893,0.08143,0.6008,0.2775,0.9478,0.3282,0.09606,3.416,0.001449,0.002691
1430,0.0437,0.08212,0.5322,0.3004,0.9881,0.3284,0.09793,3.354,0.001668,0.003067
1432,0.03781,0.08354,0.4526,0.328,0.9881,0.3281,0.09994,3.283,0.001957,0.003561
1434,0.03197,0.08574,0.3728,0.3567,0.9881,0.3274,0.102,3.209,0.002311,0.004168
1436,0.0268,0.08868,0.3022,0.3829,0.9881,0.3267,0.1041,3.137,0.002714,0.004846
1438,0.0224,0.09224,0.2428,0.4054,0.9881,0.326,0.1061,3.072,0.003136,0.005459
1440,0.01828,0.09625,0.1899,0.4257,0.9881,0.3256,0.1079,3.018,0.00354,0.006078
1442,0.01371,0.1005,0.1364,0.4465,0.9881,0.3255,0.1094,2.975,0.003894,0.006604
1444,0.008225,0.1048,0.0785,0.4691,0.9881,0.3257,0.1107,2.943,0.004174,0.007041
1446,0.002171,0.1087,0.01998,0.4921,0.9881,0.326,0.1116,2.922,0.004374,0.007319
1448,-0.003323,0.1118,-0.02974,0.5117,0.9881,0.3264,0.1122,2.909,0.0045,0.007489
1450,-0.007383,0.1138,-0.06486,0.5255,0.9881,0.3266,0.1125,2.902,0.004567,0.007591
1452,-0.01013,0.1151,-0.08799,0.5346,0.9881,0.3265,0.1126,2.899,0.004597,0.007631
1454,-0.0121,0.1159,-0.1043,0.541,0.9881,0.3259,0.1125,2.897,0.004615,0.00764
1456,-0.01352,0.1166,-0.116,0.5456,0.9881,0.3247,0.1122,2.895,0.004643,0.007666
1458,-0.01422,0.117,-0.1216,0.5478,0.9881,0.3228,0.1117,2.889,0.004702,0.007753
1460,-0.01383,0.117,-0.1182,0.5464,0.9881,0.3203,0.1113,2.879,0.004806,0.007884
1462,-0.012,0.1166,-0.1029,0.5404,0.9881,0.3174,0.1108,2.864,0.004962,0.008108
1464,-0.008575,0.1158,-0.07403,0.5291,0.9881,0.3143,0.1104,2.846,0.005169,0.008391
1466,-0.003558,0.1149,-0.03097,0.5122,0.9881,0.3112,0.1102,2.824,0.005417,0.008738
1468,0.002947,0.114,0.02585,0.4898,0.9881,0.3083,0.1101,2.801,0.005695,0.009127
1470,0.01066,0.1134,0.09407,0.463,0.9881,0.3057,0.11,2.778,0.005989,0.009513
1472,0.01892,0.113,0.1674,0.4344,0.9881,0.3034,0.1101,2.756,0.006289,0.009926
1474,0.02656,0.1128,0.2354,0.4082,0.9881,0.3014,0.1102,2.734,0.006587,0.0103
1476,0.03221,0.1127,0.2858,0.3891,0.9881,0.2997,0.1104,2.714,0.006876,0.0107
1478,0.03456,0.1125,0.3072,0.381,0.9881,0.2982,0.1106,2.696,0.007153,0.01111
1480,0.03256,0.1121,0.2905,0.3873,0.9881,0.2968,0.1107,2.68,0.007406,0.01144
1482,0.02571,0.1116,0.2305,0.4101,0.9881,0.2955,0.1108,2.667,0.007623,0.01173
1484,0.0145,0.1111,0.1305,0.4488,0.9881,0.2944,0.1108,2.657,0.007778,0.01193
1486,0.0005385,0.1109,0.004856,0.4981,0.9881,0.2933,0.1105,2.654,0.00784,0.01201
1488,-0.01413,0.1107,-0.1277,0.5501,0.9881,0.2925,0.1101,2.657,0.007775,0.01193
1490,-0.02803,0.1102,-0.2545,0.5991,0.9881,0.2919,0.1093,2.671,0.007554,0.01164
1492,-0.0406,0.1093,-0.3715,0.6428,0.9881,0.2917,0.1082,2.695,0.00717,0.01112
1494,-0.05191,0.1082,-0.48,0.6816,0.9881,0.2919,0.1069,2.73,0.006646,0.01038
1496,-0.06236,0.107,-0.5828,0.7166,0.9881,0.2923,0.1053,2.775,0.006032,0.009568
1498,-0.07241,0.1059,-0.6835,0.7487,0.9881,0.2929,0.1036,2.827,0.00539,0.008705
1500,-0.08251,0.105,-0.7856,0.7791,0.9881,0.2934,0.1018,2.882,0.004776,0.007844
1502,-0.09294,0.1042,-0.8922,0.8083,0.9881,0.2938,0.1,2.937,0.004227,0.007101
1504,-0.1037,0.1033,-1.004,0.836,0.9881,0.2938,0.09826,2.99,0.003763,0.006418
1506,-0.1146,0.1024,-1.12,0.8616,0.9881,0.2934,0.09661,3.037,0.003393,0.005858
1508,-0.1252,0.1013,-1.236,0.8842,0.9881,0.2924,0.09508,3.075,0.003115,0.005431
1510,-0.1349,0.1001,-1.349,0.9033,0.9881,0.2908,0.09371,3.103,0.002927,0.005131
1512,-0.1437,0.09866,-1.456,0.9192,0.9881,0.2885,0.09249,3.119,0.002824,0.005008
1514,-0.1515,0.09713,-1.56,0.9324,0.9881,0.2854,0.09143,3.122,0.002807,0.004984
1516,-0.1592,0.09551,-1.667,0.944,0.9881,0.2816,0.09051,3.111,0.002877,0.005078
1518,-0.1676,0.09406,-1.782,0.9546,0.9881,0.2769,0.08973,3.086,0.003042,0.005318
1520,-0.1767,0.09361,-1.887,0.9628,0.9881,0.2714,0.08908,3.047,0.003319,0.005746
1522,-0.1851,0.09476,-1.953,0.9672,0.9881,0.2651,0.08857,2.993,0.003736,0.006388
1524,-0.1925,0.0966,-1.992,0.9696,0.9881,0.2582,0.08825,2.926,0.004335,0.007264
1526,-0.1996,0.0978,-2.041,0.9723,0.9881,0.251,0.08819,2.846,0.005168,0.008391
1528,-0.2065,0.09824,-2.102,0.9754,0.9881,0.2438,0.08845,2.756,0.006279,0.009922
1530,-0.2122,0.09836,-2.157,0.978,0.9881,0.2373,0.08905,2.665,0.007654,0.01177
1532,-0.2162,0.0984,-2.197,0.9797,0.9881,0.2319,0.0899,2.58,0.00918,0.01376
1534,-0.2181,0.0984,-2.216,0.9805,0.9881,0.2282,0.0909,2.511,0.01063,0.0155
1536,-0.2179,0.09832,-2.217,0.9805,0.9881,0.2265,0.0919,2.464,0.01172,0.01683
1538,-0.2157,0.09812,-2.198,0.9797,0.9881,0.2269,0.09283,2.444,0.01223,0.01746
1540,-0.2117,0.09778,-2.165,0.9783,0.9881,0.2294,0.09371,2.448,0.01212,0.01732
1542,-0.2069,0.09734,-2.125,0.9766,0.9881,0.234,0.09463,2.472,0.01153,0.01662
1544,-0.2035,0.0971,-2.096,0.9751,0.9881,0.2401,0.09578,2.507,0.01071,0.01557
1546,-0.2042,0.0981,-2.082,0.9744,0.9881,0.2473,0.09729,2.542,0.009951,0.01472
1548,-0.208,0.1017,-2.045,0.9725,0.9881,0.2548,0.09921,2.569,0.009403,0.01399
1550,-0.2093,0.1066,-1.964,0.9678,0.9881,0.2621,0.1014,2.583,0.009108,0.01371
1552,-0.2057,0.1102,-1.866,0.9612,0.9881,0.2687,0.1038,2.587,0.009031,0.01363
1554,-0.1991,0.1122,-1.775,0.954,0.9881,0.2745,0.1063,2.583,0.009116,0.01371
1556,-0.1917,0.1129,-1.698,0.947,0.9881,0.2794,0.1086,2.573,0.009313,0.01391
1558,-0.1848,0.1129,-1.637,0.941,0.9881,0.2836,0.1108,2.559,0.009589,0.01424
1560,-0.1794,0.1126,-1.594,0.9363,0.9881,0.2869,0.1128,2.543,0.009922,0.0147
1562,-0.1757,0.1122,-1.566,0.9331,0.9881,0.2895,0.1146,2.526,0.0103,0.0152
1564,-0.1735,0.1119,-1.551,0.9313,0.9881,0.2913,0.1162,2.507,0.01071,0.01557
1566,-0.1724,0.1116,-1.544,0.9305,0.9881,0.2922,0.1174,2.488,0.01114,0.01612
1568,-0.1717,0.1113,-1.543,0.9304,0.9881,0.2921,0.1183,2.469,0.0116,0.01669
1570,-0.1714,0.1106,-1.549,0.9311,0.9881,0.291,0.1188,2.449,0.0121,0.01731
1572,-0.1714,0.1096,-1.564,0.9328,0.9881,0.2887,0.1189,2.427,0.01266,0.01799
1574,-0.1719,0.1084,-1.586,0.9354,0.9881,0.2853,0.1187,2.402,0.01333,0.01883
1576,-0.1725,0.1069,-1.614,0.9385,0.9881,0.2807,0.1183,2.373,0.01418,0.01989
1578,-0.1728,0.1054,-1.64,0.9413,0.9881,0.2751,0.1177,2.337,0.01527,0.02133
1580,-0.1719,0.1039,-1.655,0.9428,0.9881,0.2689,0.1172,2.295,0.01666,0.02306
1582,-0.169,0.1026,-1.648,0.9421,0.9881,0.2625,0.1168,2.249,0.0183,0.02506
1584,-0.1635,0.1015,-1.61,0.9381,0.9881,0.2566,0.1165,2.203,0.02007,0.02729
1586,-0.1551,0.101,-1.536,0.9295,0.9881,0.2514,0.1162,2.163,0.02176,0.02922
1588,-0.1441,0.101,-1.427,0.9151,0.9881,0.2471,0.116,2.13,0.02323,0.0307
1590,-0.131,0.1017,-1.289,0.8935,0.9881,0.2437,0.1157,2.106,0.02438,0.03195
1592,-0.1167,0.1028,-1.134,0.8646,0.9881,0.2409,0.1154,2.088,0.02526,0.03285
1594,-0.1019,0.1043,-0.9766,0.8295,0.9881,0.2387,0.1151,2.074,0.02594,0.03361
1596,-0.08728,0.1058,-0.8253,0.7903,0.9881,0.2368,0.1148,2.062,0.02656,0.03429
1598,-0.07328,0.1069,-0.6852,0.7492,0.9881,0.235,0.1146,2.05,0.02721,0.03492
1600,-0.06002,0.1077,-0.5571,0.708,0.9881,0.2332,0.1146,2.035,0.028,0.03583
1602,-0.04755,0.108,-0.4401,0.6676,0.9881,0.2312,0.1146,2.017,0.029,0.03699
1604,-0.03586,0.1078,-0.3325,0.6284,0.9881,0.2289,0.1147,1.996,0.03026,0.03832
1606,-0.02501,0.1071,-0.2335,0.5911,0.9881,0.2264,0.115,1.97,0.03182,0.0401
1608,-0.01541,0.1058,-0.1456,0.5571,0.9881,0.2236,0.1153,1.939,0.03372,0.04224
1610,-0.007833,0.1041,-0.07525,0.5296,0.9881,0.2204,0.1157,1.906,0.03598,0.04479
1612,-0.002787,0.1024,-0.02722,0.5107,0.9881,0.217,0.1161,1.869,0.03859,0.04776
1614,0.0009672,0.1017,0.009509,0.4963,0.9881,0.2133,0.1166,1.829,0.04157,0.05089
1616,0.005607,0.1025,0.05468,0.4785,0.9881,0.2092,0.1171,1.788,0.04491,0.05471
1618,0.01169,0.1044,0.112,0.456,0.9881,0.2049,0.1175,1.745,0.04861,0.05882
1620,0.0182,0.1067,0.1706,0.4332,0.9881,0.2002,0.1178,1.7,0.05269,0.0634
1622,0.02387,0.1088,0.2194,0.4143,0.9881,0.1952,0.118,1.655,0.05719,0.06834
1624,0.02788,0.1105,0.2523,0.4018,0.9881,0.1898,0.118,1.608,0.06213,0.0739
1626,0.02991,0.1116,0.2679,0.3958,0.9881,0.1841,0.1179,1.561,0.06757,0.07983
1628,0.03006,0.112,0.2683,0.3957,0.9881,0.178,0.1177,1.512,0.07352,0.08662
1630,0.02876,0.1117,0.2574,0.3998,0.9881,0.1717,0.1174,1.462,0.08,0.09363
1632,0.02652,0.1106,0.2397,0.4066,0.9881,0.1652,0.117,1.413,0.08697,0.1012
1634,0.02376,0.1089,0.2181,0.4148,0.9881,0.1588,0.1164,1.363,0.09434,0.1091
1636,0.02055,0.1067,0.1926,0.4247,0.9881,0.1524,0.1159,1.316,0.102,0.1173
1638,0.0166,0.1042,0.1593,0.4376,0.9881,0.1464,0.1153,1.27,0.1097,0.1256
1640,0.01153,0.1018,0.1133,0.4555,0.9881,0.1409,0.1147,1.228,0.1172,0.1337
1642,0.005205,0.09958,0.05227,0.4794,0.9881,0.136,0.1142,1.191,0.1242,0.141
1644,-0.001954,0.09785,-0.01997,0.5079,0.9881,0.1319,0.1138,1.159,0.1304,0.1472
1646,-0.009111,0.09659,-0.09432,0.5371,0.9881,0.1288,0.1135,1.135,0.1353,0.1522
1648,-0.01563,0.09557,-0.1635,0.5641,0.9881,0.1267,0.1133,1.118,0.1387,0.1556
1650,-0.02161,0.09447,-0.2288,0.5892,0.9881,0.1257,0.1132,1.111,0.1403,0.1571
1652,-0.02772,0.0931,-0.2977,0.6154,0.9881,0.1259,0.1131,1.113,0.1399,0.1568
1654,-0.03456,0.09142,-0.378,0.6452,0.9881,0.1272,0.1131,1.124,0.1375,0.1546
1656,-0.04246,0.08946,-0.4746,0.6798,0.9881,0.1296,0.1131,1.145,0.1331,0.1499
1658,-0.05153,0.08732,-0.5901,0.719,0.9881,0.1331,0.1131,1.177,0.1269,0.1438
1660,-0.0618,0.08511,-0.7261,0.7617,0.9881,0.1377,0.113,1.218,0.1191,0.1355
1662,-0.07338,0.08296,-0.8845,0.8063,0.9881,0.1433,0.1129,1.269,0.1098,0.1256
1664,-0.08648,0.08109,-1.066,0.8502,0.9881,0.15,0.1127,1.331,0.09952,0.1145
1666,-0.1013,0.07995,-1.267,0.8897,0.9881,0.1577,0.1125,1.402,0.08851,0.1028
1668,-0.1173,0.08013,-1.464,0.9202,0.9881,0.1664,0.1122,1.483,0.07719,0.0906
1670,-0.1331,0.08174,-1.628,0.94,0.9881,0.1762,0.112,1.574,0.06604,0.0781
1672,-0.1469,0.08385,-1.752,0.952,0.9881,0.1868,0.1118,1.671,0.05559,0.06656
1674,-0.1586,0.08537,-1.858,0.9606,0.9881,0.1981,0.1119,1.77,0.04635,0.05624
1676,-0.1694,0.08603,-1.969,0.9682,0.9881,0.2095,0.1122,1.867,0.03872,0.04782
1678,-0.1803,0.08636,-2.088,0.9747,0.9881,0.2205,0.1128,1.954,0.0328,0.04129
1680,-0.1913,0.08711,-2.196,0.9796,0.9881,0.2305,0.1137,2.028,0.02843,0.03634
1682,-0.2017,0.0886,-2.276,0.9827,0.9881,0.2393,0.1146,2.088,0.02524,0.03285
1684,-0.211,0.09062,-2.328,0.9844,0.9881,0.2467,0.1153,2.139,0.02282,0.03025
1686,-0.2191,0.09282,-2.36,0.9855,0.9881,0.2531,0.1158,2.186,0.02078,0.02814
1688,-0.2261,0.09501,-2.379,0.986,0.9881,0.259,0.1158,2.236,0.01878,0.02568
1690,-0.2319,0.09714,-2.387,0.9862,0.9881,0.2647,0.1153,2.297,0.01658,0.023
1692,-0.2367,0.09924,-2.386,0.9862,0.9881,0.2708,0.114,2.375,0.01412,0.01982
1694,-0.2407,0.1014,-2.374,0.9859,0.9881,0.2773,0.1123,2.47,0.01157,0.01666
1696,-0.2439,0.1037,-2.353,0.9852,0.9881,0.284,0.1102,2.577,0.009238,0.01381
1698,-0.2465,0.1062,-2.322,0.9843,0.9881,0.2903,0.1082,2.684,0.007336,0.01135
1700,-0.2484,0.1088,-2.282,0.9829,0.9881,0.296,0.1063,2.786,0.005891,0.009404
1702,-0.249,0.1116,-2.231,0.981,0.9881,0.3009,0.1046,2.876,0.004833,0.007917
1704,-0.2474,0.1142,-2.167,0.9784,0.9881,0.3049,0.1032,2.955,0.004069,0.006883
1706,-0.2425,0.1162,-2.088,0.9748,0.9881,0.3081,0.102,3.019,0.003527,0.006064
1708,-0.2338,0.1172,-1.995,0.9697,0.9881,0.3106,0.1012,3.07,0.003152,0.005479
1710,-0.2216,0.1174,-1.887,0.9628,0.9881,0.3125,0.1006,3.106,0.002906,0.005101
1712,-0.2071,0.1171,-1.768,0.9535,0.9881,0.3136,0.1002,3.129,0.002762,0.004922
1714,-0.1913,0.1165,-1.642,0.9415,0.9881,0.3141,0.1001,3.139,0.0027,0.004841
1716,-0.175,0.1156,-1.513,0.9267,0.9881,0.314,0.1,3.138,0.002706,0.004841
1718,-0.1589,0.1145,-1.388,0.9094,0.9881,0.3132,0.1001,3.128,0.002769,0.004924
1720,-0.1436,0.1129,-1.272,0.8906,0.9881,0.3119,0.1003,3.11,0.002883,0.005078
1722,-0.1294,0.1107,-1.169,0.8715,0.9881,0.3101,0.1005,3.086,0.003039,0.005318
1724,-0.116,0.1076,-1.078,0.8526,0.9881,0.308,0.1007,3.059,0.003228,0.005605
1726,-0.102,0.1031,-0.9889,0.8324,0.9881,0.3059,0.1009,3.03,0.003441,0.005933
1728,-0.08496,0.09728,-0.8733,0.8033,0.9881,0.3039,0.1012,3.002,0.003665,0.006276
1730,-0.0651,0.09269,-0.7023,0.7545,0.9881,0.3023,0.1016,2.975,0.003888,0.006603
1732,-0.05081,0.09214,-0.5515,0.7061,0.9881,0.3012,0.1021,2.951,0.004098,0.006922
1734,-0.047,0.09332,-0.5037,0.6899,0.9881,0.3008,0.1026,2.931,0.004289,0.007196
1736,-0.05036,0.09428,-0.5341,0.7003,0.9881,0.3011,0.1033,2.913,0.00446,0.007443
1738,-0.05672,0.09439,-0.6009,0.7225,0.9881,0.3018,0.1042,2.898,0.004614,0.00764
1740,-0.0644,0.09362,-0.6879,0.7501,0.9881,0.3028,0.105,2.883,0.00476,0.007828
1742,-0.07353,0.09241,-0.7957,0.782,0.9881,0.3032,0.1057,2.869,0.004907,0.008029
1744,-0.08447,0.09122,-0.926,0.817,0.9881,0.3021,0.1059,2.853,0.005088,0.008292
1746,-0.09713,0.09033,-1.075,0.8521,0.9881,0.2991,0.1058,2.828,0.005372,0.008687
1748,-0.1111,0.0899,-1.235,0.8841,0.9881,0.2949,0.1057,2.789,0.005844,0.009342
1750,-0.1256,0.09005,-1.395,0.9105,0.9881,0.2909,0.1062,2.739,0.006518,0.01021
1752,-0.1401,0.0908,-1.543,0.9303,0.9881,0.2881,0.1072,2.687,0.0073,0.01131
1754,-0.1537,0.09207,-1.669,0.9442,0.9881,0.2868,0.1086,2.641,0.008058,0.0123
1756,-0.1656,0.09376,-1.766,0.9533,0.9881,0.2867,0.11,2.606,0.008687,0.01316
1758,-0.175,0.09571,-1.829,0.9584,0.9881,0.2876,0.1114,2.582,0.009132,0.01372
1760,-0.1811,0.09782,-1.852,0.9602,0.9881,0.2892,0.1125,2.57,0.009381,0.01398
1762,-0.1826,0.09999,-1.826,0.9582,0.9881,0.2913,0.1135,2.566,0.00945,0.01405
1764,-0.1776,0.1022,-1.737,0.9507,0.9881,0.2936,0.1142,2.57,0.009365,0.01397
1766,-0.1655,0.1047,-1.58,0.9347,0.9881,0.2962,0.1147,2.581,0.009155,0.01374
1768,-0.1506,0.107,-1.407,0.9122,0.9881,0.2988,0.1151,2.597,0.008847,0.01339
1770,-0.1349,0.1084,-1.245,0.8858,0.9881,0.3016,0.1152,2.618,0.008462,0.01287
1772,-0.1172,0.1089,-1.076,0.8523,0.9881,0.3045,0.1152,2.643,0.008013,0.01226
1774,-0.09732,0.109,-0.8927,0.8084,0.9881,0.3076,0.1151,2.674,0.007511,0.01159
1776,-0.07677,0.109,-0.7041,0.755,0.9881,0.3111,0.1148,2.709,0.006964,0.01083
1778,-0.05767,0.109,-0.5289,0.6985,0.9881,0.3149,0.1145,2.749,0.006377,0.01003
1780,-0.0414,0.1089,-0.3802,0.646,0.9881,0.3193,0.1142,2.796,0.005758,0.009216
1782,-0.02826,0.1087,-0.26,0.6012,0.9881,0.3243,0.1138,2.85,0.005118,0.00833
1784,-0.01806,0.1083,-0.1667,0.5653,0.9881,0.33,0.1133,2.912,0.004472,0.007453
1786,-0.01062,0.1079,-0.09844,0.5387,0.9881,0.3364,0.1128,2.981,0.00384,0.006539
1788,-0.00578,0.1071,-0.05395,0.5212,0.9881,0.3435,0.1124,3.057,0.003245,0.005626
1790,-0.003435,0.1061,-0.03236,0.5127,0.9881,0.3514,0.112,3.138,0.002707,0.004841
1792,-0.003434,0.1049,-0.03274,0.5129,0.9881,0.36,0.1117,3.223,0.00224,0.004047
1794,-0.005486,0.1035,-0.05299,0.5209,0.9881,0.369,0.1115,3.308,0.001848,0.003377
1796,-0.009076,0.1021,-0.08887,0.5349,0.9881,0.3784,0.1115,3.393,0.001526,0.002831
1798,-0.01359,0.1008,-0.1348,0.5529,0.9881,0.3879,0.1116,3.476,0.001264,0.002362
1800,-0.01858,0.09978,-0.1863,0.5729,0.9881,0.3973,0.1116,3.559,0.001048,0.001978
1802,-0.02393,0.09912,-0.2414,0.5941,0.9881,0.4064,0.1115,3.643,0.0008648,0.001638
1804,-0.02961,0.09894,-0.2993,0.616,0.9881,0.4151,0.1112,3.732,0.0007058,0.001341
1806,-0.03559,0.09917,-0.3589,0.6382,0.9881,0.4234,0.1106,3.829,0.0005656,0.001079
1808,-0.04177,0.09965,-0.4191,0.6601,0.9881,0.4314,0.1096,3.937,0.0004428,0.0008476
1810,-0.04805,0.1002,-0.4794,0.6815,0.9881,0.4391,0.1083,4.055,0.0003382,0.0006503
1812,-0.05443,0.1008,-0.5398,0.7022,0.9881,0.4465,0.1068,4.182,0.0002527,0.0004882
1814,-0.06093,0.1015,-0.6004,0.7223,0.9881,0.4536,0.1051,4.316,0.0001861,0.0003669
1816,-0.06759,0.1022,-0.6611,0.7417,0.9881,0.4603,0.1034,4.453,0.0001365,0.0002725
1818,-0.07445,0.1032,-0.7212,0.7602,0.9881,0.4664,0.1017,4.586,0.0001009,0.0002031
1820,-0.08149,0.1045,-0.7799,0.7775,0.9881,0.4716,0.1001,4.711,7.609e-05,0.0001549
1822,-0.08868,0.1061,-0.8361,0.7932,0.9881,0.4757,0.09866,4.821,5.93e-05,0.0001217
1824,-0.0959,0.108,-0.8884,0.8073,0.9881,0.4784,0.09741,4.911,4.847e-05,0.000102
1826,-0.1029,0.1101,-0.9354,0.8193,0.9881,0.4795,0.09641,4.974,4.216e-05,8.979e-05
1828,-0.1095,0.1122,-0.9758,0.8293,0.9881,0.4791,0.09571,5.006,3.926e-05,8.432e-05
1830,-0.1152,0.1143,-1.008,0.8369,0.9881,0.4777,0.09529,5.014,3.857e-05,8.312e-05
1832,-0.1196,0.1162,-1.029,0.8419,0.9881,0.476,0.09502,5.01,3.891e-05,8.371e-05
1834,-0.1222,0.1175,-1.039,0.8442,0.9881,0.4743,0.09481,5.003,3.949e-05,8.468e-05
1836,-0.1225,0.1183,-1.035,0.8433,0.9881,0.4728,0.09462,4.997,4.006e-05,8.574e-05
1838,-0.1203,0.1185,-1.015,0.8386,0.9881,0.4713,0.09445,4.99,4.068e-05,8.693e-05
1840,-0.1153,0.1181,-0.976,0.8293,0.9881,0.4698,0.09434,4.98,4.161e-05,8.876e-05
1842,-0.1078,0.1175,-0.9174,0.8148,0.9881,0.4681,0.09433,4.963,4.319e-05,9.165e-05
1844,-0.09898,0.1171,-0.8454,0.7958,0.9881,0.4662,0.09445,4.936,4.584e-05,9.679e-05
1846,-0.09052,0.117,-0.7735,0.7756,0.9881,0.464,0.09476,4.896,5.014e-05,0.0001046
1848,-0.08402,0.1172,-0.7167,0.7589,0.9881,0.4614,0.09532,4.84,5.684e-05,0.0001176
1850,-0.08044,0.1174,-0.6851,0.7492,0.9881,0.4585,0.09616,4.768,6.687e-05,0.0001368
1852,-0.0803,0.1175,-0.6834,0.7487,0.9881,0.4555,0.09729,4.682,8.12e-05,0.000165
1854,-0.08383,0.1176,-0.7129,0.7577,0.9881,0.4526,0.09866,4.587,0.0001006,0.0002027
1856,-0.0904,0.118,-0.7664,0.7736,0.9881,0.45,0.1002,4.492,0.0001249,0.0002502
1858,-0.09725,0.1184,-0.8211,0.7891,0.9881,0.4478,0.1017,4.402,0.0001531,0.0003042
1860,-0.101,0.118,-0.8562,0.7987,0.9881,0.4463,0.1032,4.324,0.0001827,0.0003608
1862,-0.1022,0.1163,-0.8788,0.8048,0.9881,0.4455,0.1045,4.262,0.0002108,0.0004136
1864,-0.1032,0.1138,-0.9066,0.812,0.9881,0.4453,0.1056,4.216,0.0002342,0.0004567
1866,-0.1055,0.1111,-0.9501,0.823,0.9881,0.4456,0.1065,4.186,0.0002507,0.0004858
1868,-0.1097,0.1082,-1.014,0.8383,0.9881,0.4466,0.1071,4.171,0.000259,0.0004991
1870,-0.1157,0.1054,-1.098,0.8571,0.9881,0.4481,0.1074,4.171,0.0002591,0.0004991
1872,-0.1234,0.1028,-1.2,0.8776,0.9881,0.45,0.1076,4.184,0.0002517,0.000487
1874,-0.1323,0.1007,-1.314,0.8977,0.9881,0.4524,0.1075,4.208,0.000238,0.0004635
1876,-0.1418,0.09915,-1.43,0.9155,0.9881,0.4552,0.1073,4.243,0.0002198,0.0004299
1878,-0.1515,0.09839,-1.539,0.9299,0.9881,0.4584,0.1069,4.288,0.0001985,0.0003908
1880,-0.1609,0.09837,-1.636,0.9408,0.9881,0.462,0.1064,4.342,0.0001757,0.0003474
1882,-0.1698,0.09899,-1.715,0.9487,0.9881,0.4658,0.1058,4.404,0.0001525,0.0003035
1884,-0.1779,0.1001,-1.778,0.9543,0.9881,0.4698,0.105,4.474,0.0001299,0.0002598
1886,-0.1851,0.1014,-1.827,0.9582,0.9881,0.4741,0.1041,4.553,0.0001087,0.0002184
1888,-0.1912,0.1026,-1.863,0.961,0.9881,0.4784,0.1031,4.64,8.924e-05,0.0001811
1890,-0.1962,0.1038,-1.89,0.963,0.9881,0.4829,0.102,4.735,7.197e-05,0.0001467
1892,-0.1999,0.1046,-1.911,0.9644,0.9881,0.4875,0.1007,4.839,5.704e-05,0.0001179
1894,-0.2027,0.1052,-1.927,0.9655,0.9881,0.4922,0.09944,4.949,4.452e-05,9.416e-05
1896,-0.2045,0.1054,-1.94,0.9663,0.9881,0.4971,0.09812,5.066,3.433e-05,7.457e-05
1898,-0.2058,0.1055,-1.95,0.967,0.9881,0.5021,0.09682,5.186,2.629e-05,5.745e-05
1900,-0.2066,0.1055,-1.958,0.9675,0.9881,0.5074,0.0956,5.307,2.012e-05,4.435e-05
1902,-0.2072,0.1057,-1.961,0.9676,0.9881,0.5128,0.09451,5.425,1.551e-05,3.438e-05
1904,-0.2074,0.1061,-1.954,0.9672,0.9881,0.5183,0.0936,5.537,1.216e-05,2.713e-05
1906,-0.2061,0.1068,-1.931,0.9657,0.9881,0.5239,0.09291,5.638,9.755e-06,2.185e-05
1908,-0.2025,0.1073,-1.887,0.9627,0.9881,0.5295,0.09247,5.727,8.056e-06,1.815e-05
1910,-0.1966,0.1077,-1.826,0.9582,0.9881,0.5353,0.09227,5.802,6.851e-06,1.557e-05
1912,-0.1892,0.1079,-1.754,0.9522,0.9881,0.5413,0.09228,5.866,5.979e-06,1.361e-05
1914,-0.1815,0.1081,-1.679,0.9453,0.9881,0.5473,0.09245,5.92,5.326e-06,1.217e-05
1916,-0.174,0.1083,-1.606,0.9377,0.9881,0.5533,0.09272,5.967,4.813e-06,1.102e-05
1918,-0.1668,0.1085,-1.538,0.9298,0.9881,0.5592,0.09304,6.011,4.39e-06,1.011e-05
1920,-0.1601,0.1085,-1.476,0.9218,0.9881,0.5649,0.09335,6.051,4.028e-06,9.307e-06
1922,-0.1538,0.1083,-1.419,0.914,0.9881,0.5702,0.09363,6.09,3.708e-06,8.598e-06
1924,-0.1476,0.108,-1.367,0.9061,0.9881,0.5752,0.09384,6.129,3.419e-06,7.958e-06
1926,-0.1414,0.1075,-1.316,0.898,0.9881,0.5796,0.09398,6.167,3.156e-06,7.375e-06
1928,-0.1351,0.1069,-1.264,0.8892,0.9881,0.5835,0.09404,6.204,2.918e-06,6.83e-06
1930,-0.1286,0.1064,-1.209,0.8793,0.9881,0.5868,0.09403,6.241,2.702e-06,6.349e-06
1932,-0.1222,0.1061,-1.152,0.8681,0.9881,0.5896,0.09394,6.277,2.508e-06,5.949e-06
1934,-0.1163,0.1062,-1.095,0.8565,0.9881,0.5919,0.09379,6.311,2.335e-06,5.582e-06
1936,-0.1114,0.1064,-1.047,0.8459,0.9881,0.5937,0.0936,6.343,2.183e-06,5.245e-06
1938,-0.1079,0.1066,-1.011,0.8377,0.9881,0.5951,0.09336,6.374,2.049e-06,4.945e-06
1940,-0.1057,0.1068,-0.9899,0.8327,0.9881,0.596,0.09309,6.402,1.933e-06,4.673e-06
1942,-0.1045,0.1067,-0.98,0.8303,0.9881,0.5965,0.09281,6.428,1.832e-06,4.454e-06
1944,-0.1041,0.1064,-0.9779,0.8298,0.9881,0.5968,0.0925,6.451,1.744e-06,4.259e-06
1946,-0.1039,0.106,-0.9798,0.8303,0.9881,0.5967,0.09219,6.473,1.67e-06,4.092e-06
1948,-0.1037,0.1055,-0.983,0.831,0.9881,0.5965,0.09188,6.492,1.606e-06,3.975e-06
1950,-0.1035,0.105,-0.9858,0.8317,0.9881,0.596,0.09157,6.508,1.551e-06,3.848e-06
1952,-0.1031,0.1044,-0.9874,0.8321,0.9881,0.5953,0.09127,6.523,1.506e-06,3.741e-06
1954,-0.1024,0.1037,-0.9875,0.8321,0.9881,0.5946,0.09097,6.536,1.467e-06,3.653e-06
1956,-0.1017,0.1031,-0.9861,0.8318,0.9881,0.5937,0.09069,6.546,1.435e-06,3.58e-06
1958,-0.1008,0.1025,-0.9836,0.8312,0.9881,0.5928,0.09043,6.556,1.408e-06,3.528e-06
1960,-0.09987,0.1019,-0.9802,0.8303,0.9881,0.5919,0.09018,6.563,1.386e-06,3.48e-06
1962,-0.09891,0.1013,-0.9762,0.8294,0.9881,0.5909,0.08995,6.569,1.369e-06,3.449e-06
1964,-0.09797,0.1008,-0.9719,0.8283,0.9881,0.59,0.08974,6.575,1.354e-06,3.42e-06
1966,-0.09706,0.1003,-0.9675,0.8273,0.9881,0.5891,0.08955,6.579,1.343e-06,3.399e-06
1968,-0.0962,0.09987,-0.9632,0.8262,0.9881,0.5882,0.08937,6.582,1.334e-06,3.383e-06
1970,-0.0954,0.09947,-0.9591,0.8252,0.9881,0.5874,0.08922,6.584,1.328e-06,3.373e-06
1972,-0.09468,0.09912,-0.9552,0.8243,0.9881,0.5867,0.08908,6.586,1.323e-06,3.367e-06
1974,-0.09403,0.0988,-0.9517,0.8234,0.9881,0.586,0.08896,6.588,1.319e-06,3.365e-06
1976,-0.09345,0.09852,-0.9486,0.8226,0.9881,0.5854,0.08885,6.589,1.316e-06,3.365e-06
1978,-0.09294,0.09827,-0.9458,0.8219,0.9881,0.5848,0.08876,6.589,1.314e-06,3.365e-06
1980,-0.0925,0.09805,-0.9434,0.8213,0.9881,0.5843,0.08868,6.59,1.313e-06,3.365e-06
1982,-0.09212,0.09786,-0.9413,0.8208,0.9881,0.5839,0.08861,6.59,1.312e-06,3.365e-06
1984,-0.0918,0.0977,-0.9396,0.8204,0.9881,0.5835,0.08855,6.59,1.312e-06,3.365e-06
1986,-0.09152,0.09756,-0.9381,0.82,0.9881,0.5832,0.0885,6.59,1.312e-06,3.365e-06
1988,-0.09129,0.09744,-0.9369,0.8197,0.9881,0.5829,0.08846,6.59,1.312e-06,3.365e-06
1990,-0.09111,0.09734,-0.936,0.8195,0.9881,0.5827,0.08842,6.59,1.312e-06,3.365e-06
1992,-0.09095,0.09725,-0.9352,0.8193,0.9881,0.5825,0.08839,6.59,1.312e-06,3.365e-06
1994,-0.09082,0.09718,-0.9346,0.8191,0.9881,0.5823,0.08837,6.59,1.312e-06,3.365e-06
1996,-0.09072,0.09712,-0.9341,0.819,0.9881,0.5822,0.08835,6.59,1.312e-06,3.365e-06
1998,-0.09064,0.09708,-0.9337,0.8189,0.9881,0.5821,0.08833,6.59,1.312e-06,3.365e-06
