trial,block,snr_level,vowel,eval,respside,audibility,cv_fold,role
0,1,3,1,0,1,0,0,gen_cond
1,1,5,2,1,1,5,0,gen_cond
2,1,4,1,0,1,0,0,gen_cond
3,1,2,1,1,2,0,0,gen_cond
4,1,3,2,1,1,1,0,gen_cond
5,1,1,2,1,1,0,0,train_cond
6,1,1,1,0,1,0,0,train_cond
7,1,2,1,0,1,0,0,gen_cond
8,1,3,2,1,1,0,0,gen_cond
9,1,2,2,1,1,0,0,gen_cond
10,1,6,2,1,1,10,0,train_cond
11,1,2,1,0,1,0,0,gen_cond
12,1,2,1,0,1,0,0,gen_cond
13,1,5,1,0,1,0,0,gen_cond
14,1,4,1,0,1,0,0,gen_cond
15,1,3,1,0,1,0,0,gen_cond
16,1,6,1,1,2,10,0,train_cond
17,1,6,1,1,2,10,0,train_cond
18,1,1,1,0,1,0,0,train_cond
19,1,5,2,1,1,5,0,gen_cond
20,1,5,1,1,2,9,0,gen_cond
21,1,6,1,1,2,10,0,train_cond
22,1,1,2,1,1,0,0,train_cond
23,1,3,1,1,2,0,0,gen_cond
24,1,6,2,1,1,7,0,train_cond
25,1,1,2,1,1,0,0,train_cond
26,1,5,2,1,1,2,0,gen_cond
27,1,4,2,1,1,0,0,gen_cond
28,1,4,1,0,1,0,0,gen_cond
29,1,5,2,1,1,2,0,gen_cond
30,1,6,2,1,1,10,0,train_cond
31,1,2,2,1,1,0,0,gen_cond
32,1,4,2,1,1,5,0,gen_cond
33,1,1,2,1,1,0,0,train_cond
34,1,5,1,1,2,2,0,gen_cond
35,1,4,1,0,1,0,0,gen_cond
36,1,1,1,0,1,0,0,train_cond
37,1,6,2,1,1,4,0,train_cond
38,1,2,2,0,2,0,0,gen_cond
39,1,4,2,0,2,0,0,gen_cond
40,1,3,2,0,2,0,0,gen_cond
41,1,5,1,1,2,10,0,gen_cond
42,1,4,2,0,2,0,0,gen_cond
43,1,3,2,1,1,0,0,gen_cond
44,1,6,1,1,2,10,0,train_cond
45,1,1,1,1,2,0,0,train_cond
46,1,2,2,0,2,0,0,gen_cond
47,1,3,1,0,1,1,0,gen_cond
48,2,5,1,1,1,2,0,gen_cond
49,2,5,1,1,1,10,0,gen_cond
50,2,2,1,0,2,0,0,gen_cond
51,2,6,2,1,2,10,0,train_cond
52,2,3,1,0,2,0,0,gen_cond
53,2,5,1,1,1,1,0,gen_cond
54,2,4,2,1,2,1,0,gen_cond
55,2,2,1,1,1,0,0,gen_cond
56,2,5,2,1,2,10,0,gen_cond
57,2,2,2,0,1,1,0,gen_cond
58,2,3,2,0,1,0,0,gen_cond
59,2,3,2,1,2,1,0,gen_cond
60,2,6,2,1,2,9,0,train_cond
61,2,2,1,1,1,0,0,gen_cond
62,2,3,2,1,2,0,0,gen_cond
63,2,2,2,1,2,0,0,gen_cond
64,2,1,2,1,2,0,0,train_cond
65,2,6,1,1,1,10,0,train_cond
66,2,3,1,1,1,0,0,gen_cond
67,2,3,1,1,1,0,0,gen_cond
68,2,4,1,0,2,0,0,gen_cond
69,2,5,2,1,2,10,0,gen_cond
70,2,4,2,1,2,4,0,gen_cond
71,2,5,1,1,1,7,0,gen_cond
72,2,4,2,0,1,0,0,gen_cond
73,2,5,2,1,2,3,0,gen_cond
74,2,4,1,1,1,0,0,gen_cond
75,2,2,2,1,2,0,0,gen_cond
76,2,1,2,1,2,0,0,train_cond
77,2,6,2,1,2,5,0,train_cond
78,2,6,1,1,1,8,0,train_cond
79,2,4,1,1,1,0,0,gen_cond
80,2,1,1,0,2,0,0,train_cond
81,2,5,2,1,2,6,0,gen_cond
82,2,2,2,1,2,0,0,gen_cond
83,2,1,2,1,2,0,0,train_cond
84,2,4,2,1,2,2,0,gen_cond
85,2,4,1,1,1,1,0,gen_cond
86,2,3,2,1,2,0,0,gen_cond
87,2,1,1,1,1,0,0,train_cond
88,2,1,1,1,1,0,0,train_cond
89,2,6,2,1,2,8,0,train_cond
90,2,6,1,1,1,10,0,train_cond
91,2,1,1,1,1,0,0,train_cond
92,2,3,1,1,1,10,0,gen_cond
93,2,1,2,0,1,0,0,train_cond
94,2,6,1,1,1,10,0,train_cond
95,2,2,1,1,1,0,0,gen_cond
96,3,1,1,0,1,0,1,train_cond
97,3,1,1,0,1,0,1,train_cond
98,3,5,2,1,1,1,1,gen_cond
99,3,5,2,1,1,6,1,gen_cond
100,3,4,1,0,1,0,1,gen_cond
101,3,2,2,0,2,0,1,gen_cond
102,3,6,2,1,1,5,1,train_cond
103,3,3,2,1,1,0,1,gen_cond
104,3,3,1,0,1,0,1,gen_cond
105,3,5,2,1,1,5,1,gen_cond
106,3,6,1,1,2,1,1,train_cond
107,3,1,2,1,1,0,1,train_cond
108,3,2,2,1,1,0,1,gen_cond
109,3,3,2,0,2,0,1,gen_cond
110,3,5,1,1,2,1,1,gen_cond
111,3,3,1,1,2,0,1,gen_cond
112,3,6,1,1,2,10,1,train_cond
113,3,5,1,1,2,9,1,gen_cond
114,3,3,1,1,2,0,1,gen_cond
115,3,6,2,1,1,9,1,train_cond
116,3,3,2,1,1,0,1,gen_cond
117,3,1,2,0,2,0,1,train_cond
118,3,5,1,1,2,9,1,gen_cond
119,3,1,2,0,2,0,1,train_cond
120,3,4,2,1,1,1,1,gen_cond
121,3,1,1,0,1,0,1,train_cond
122,3,6,2,1,1,1,1,train_cond
123,3,1,1,1,2,0,1,train_cond
124,3,6,1,1,2,10,1,train_cond
125,3,4,2,1,1,0,1,gen_cond
126,3,3,1,0,1,0,1,gen_cond
127,3,2,1,1,2,0,1,gen_cond
128,3,2,1,0,1,0,1,gen_cond
129,3,2,1,0,1,0,1,gen_cond
130,3,6,2,1,1,6,1,train_cond
131,3,3,2,1,1,0,1,gen_cond
132,3,1,2,1,1,0,1,train_cond
133,3,4,1,1,2,1,1,gen_cond
134,3,6,1,1,2,10,1,train_cond
135,3,2,2,1,1,0,1,gen_cond
136,3,4,1,1,2,0,1,gen_cond
137,3,5,1,0,1,1,1,gen_cond
138,3,2,1,0,1,0,1,gen_cond
139,3,4,2,1,1,1,1,gen_cond
140,3,4,1,0,1,0,1,gen_cond
141,3,4,2,1,1,0,1,gen_cond
142,3,2,2,1,1,0,1,gen_cond
143,3,5,2,1,1,3,1,gen_cond
144,4,5,1,1,2,1,1,gen_cond
145,4,2,2,1,1,0,1,gen_cond
146,4,6,2,1,1,6,1,train_cond
147,4,5,2,0,2,0,1,gen_cond
148,4,4,2,1,1,1,1,gen_cond
149,4,2,1,0,1,0,1,gen_cond
150,4,3,1,0,1,0,1,gen_cond
151,4,6,2,1,1,10,1,train_cond
152,4,4,2,1,1,10,1,gen_cond
153,4,3,2,1,1,0,1,gen_cond
154,4,1,1,1,2,0,1,train_cond
155,4,2,2,0,2,0,1,gen_cond
156,4,6,2,1,1,10,1,train_cond
157,4,6,1,1,2,10,1,train_cond
158,4,2,2,0,2,0,1,gen_cond
159,4,5,2,1,1,8,1,gen_cond
160,4,5,1,1,2,8,1,gen_cond
161,4,6,1,1,2,10,1,train_cond
162,4,1,1,1,2,0,1,train_cond
163,4,5,1,1,2,8,1,gen_cond
164,4,3,1,1,2,0,1,gen_cond
165,4,4,1,1,2,0,1,gen_cond
166,4,3,2,0,2,0,1,gen_cond
167,4,4,2,1,1,1,1,gen_cond
168,4,1,2,1,1,0,1,train_cond
169,4,5,2,1,1,2,1,gen_cond
170,4,6,2,1,1,7,1,train_cond
171,4,3,1,0,1,0,1,gen_cond
172,4,4,2,0,2,0,1,gen_cond
173,4,5,2,1,1,8,1,gen_cond
174,4,4,1,0,1,0,1,gen_cond
175,4,4,1,0,1,0,1,gen_cond
176,4,4,1,1,2,8,1,gen_cond
177,4,2,1,0,1,1,1,gen_cond
178,4,1,2,0,2,0,1,train_cond
179,4,3,2,0,2,0,1,gen_cond
180,4,2,1,1,2,0,1,gen_cond
181,4,1,2,1,1,1,1,train_cond
182,4,3,1,1,2,0,1,gen_cond
183,4,1,2,0,2,0,1,train_cond
184,4,2,1,1,2,0,1,gen_cond
185,4,2,2,0,2,0,1,gen_cond
186,4,1,1,1,2,0,1,train_cond
187,4,6,1,1,2,10,1,train_cond
188,4,3,2,0,2,0,1,gen_cond
189,4,5,1,1,2,9,1,gen_cond
190,4,6,1,1,2,7,1,train_cond
191,4,1,1,1,2,0,1,train_cond
192,5,6,2,1,2,4,2,train_cond
193,5,3,1,0,2,0,2,gen_cond
194,5,5,1,1,1,4,2,gen_cond
195,5,4,2,1,2,1,2,gen_cond
196,5,2,1,0,2,0,2,gen_cond
197,5,4,2,1,2,1,2,gen_cond
198,5,1,2,1,2,0,2,train_cond
199,5,6,2,1,2,9,2,train_cond
200,5,4,1,1,1,1,2,gen_cond
201,5,3,2,1,2,1,2,gen_cond
202,5,5,1,1,1,5,2,gen_cond
203,5,5,2,0,1,0,2,gen_cond
204,5,2,1,1,1,1,2,gen_cond
205,5,5,2,1,2,6,2,gen_cond
206,5,5,2,1,2,9,2,gen_cond
207,5,1,2,1,2,0,2,train_cond
208,5,1,1,0,2,0,2,train_cond
209,5,4,1,0,2,0,2,gen_cond
210,5,4,2,1,2,1,2,gen_cond
211,5,3,1,1,1,0,2,gen_cond
212,5,2,2,1,2,0,2,gen_cond
213,5,2,1,0,2,1,2,gen_cond
214,5,1,1,0,2,0,2,train_cond
215,5,1,2,1,2,0,2,train_cond
216,5,5,2,1,2,7,2,gen_cond
217,5,1,1,0,2,0,2,train_cond
218,5,6,1,1,1,10,2,train_cond
219,5,3,2,0,1,0,2,gen_cond
220,5,3,1,1,1,0,2,gen_cond
221,5,2,1,1,1,0,2,gen_cond
222,5,4,2,0,1,0,2,gen_cond
223,5,3,2,0,1,0,2,gen_cond
224,5,6,1,1,1,8,2,train_cond
225,5,1,2,0,1,0,2,train_cond
226,5,4,1,1,1,10,2,gen_cond
227,5,5,1,1,1,7,2,gen_cond
228,5,5,1,1,1,9,2,gen_cond
229,5,6,1,1,1,10,2,train_cond
230,5,3,2,0,1,0,2,gen_cond
231,5,6,1,1,1,9,2,train_cond
232,5,6,2,1,2,4,2,train_cond
233,5,3,1,0,2,0,2,gen_cond
234,5,6,2,1,2,3,2,train_cond
235,5,2,2,1,2,0,2,gen_cond
236,5,4,1,1,1,4,2,gen_cond
237,5,2,2,0,1,0,2,gen_cond
238,6,4,1,1,1,0,2,gen_cond
239,6,2,1,0,2,0,2,gen_cond
240,6,3,2,1,2,0,2,gen_cond
241,6,4,2,1,2,1,2,gen_cond
242,6,3,1,1,1,1,2,gen_cond
243,6,4,1,1,1,1,2,gen_cond
244,6,4,2,1,2,4,2,gen_cond
245,6,6,1,1,1,10,2,train_cond
246,6,1,1,0,2,0,2,train_cond
247,6,6,2,1,2,6,2,train_cond
248,6,1,2,0,1,0,2,train_cond
249,6,5,2,1,2,1,2,gen_cond
250,6,5,1,1,1,3,2,gen_cond
251,6,1,1,0,2,0,2,train_cond
252,6,5,2,1,2,5,2,gen_cond
253,6,5,2,1,2,7,2,gen_cond
254,6,2,2,1,2,0,2,gen_cond
255,6,3,2,1,2,0,2,gen_cond
256,6,4,2,1,2,0,2,gen_cond
257,6,6,2,1,2,1,2,train_cond
258,6,2,1,1,1,0,2,gen_cond
259,6,4,1,0,2,0,2,gen_cond
260,6,2,2,1,2,0,2,gen_cond
261,6,1,2,1,2,0,2,train_cond
262,6,3,2,1,2,0,2,gen_cond
263,6,4,1,0,2,0,2,gen_cond
264,6,1,2,1,2,0,2,train_cond
265,6,3,1,0,2,0,2,gen_cond
266,6,6,1,1,1,10,2,train_cond
267,6,5,1,1,1,5,2,gen_cond
268,6,3,1,1,1,5,2,gen_cond
269,6,6,1,1,1,10,2,train_cond
270,6,1,1,1,1,0,2,train_cond
271,6,2,1,1,1,0,2,gen_cond
272,6,1,1,1,1,0,2,train_cond
273,6,2,1,1,1,0,2,gen_cond
274,6,6,1,1,1,9,2,train_cond
275,6,6,2,1,2,6,2,train_cond
276,6,1,2,0,1,0,2,train_cond
277,6,6,2,1,2,5,2,train_cond
278,6,2,2,1,2,0,2,gen_cond
279,6,5,1,1,1,8,2,gen_cond
280,6,2,2,1,2,0,2,gen_cond
281,6,3,1,0,2,0,2,gen_cond
282,6,4,2,1,2,0,2,gen_cond
283,6,5,2,1,2,3,2,gen_cond
284,6,3,2,1,2,0,2,gen_cond
285,7,3,2,1,2,0,2,gen_cond
286,7,4,2,1,2,1,2,gen_cond
287,7,4,1,0,2,0,3,gen_cond
288,7,6,2,1,2,7,3,train_cond
289,7,6,2,1,2,9,3,train_cond
290,7,5,1,1,1,1,3,gen_cond
291,7,1,1,0,2,0,2,train_cond
292,7,6,1,1,1,10,3,train_cond
293,7,5,1,1,1,5,3,gen_cond
294,7,3,2,0,1,0,3,gen_cond
295,7,2,2,1,2,0,3,gen_cond
296,7,2,2,1,2,0,3,gen_cond
297,7,1,2,1,2,0,3,train_cond
298,7,6,1,1,1,10,3,train_cond
299,7,2,1,0,2,0,3,gen_cond
300,7,4,2,1,2,1,3,gen_cond
301,7,4,2,1,2,1,3,gen_cond
302,7,1,1,0,2,0,3,train_cond
303,7,5,2,1,2,1,3,gen_cond
304,7,3,2,1,2,0,3,gen_cond
305,7,3,1,0,2,0,3,gen_cond
306,7,5,1,1,1,1,3,gen_cond
307,7,4,1,0,2,0,3,gen_cond
308,7,3,1,0,2,0,3,gen_cond
309,7,5,2,1,2,0,3,gen_cond
310,7,4,2,1,2,0,3,gen_cond
311,7,2,1,0,2,1,3,gen_cond
312,7,2,1,0,2,2,3,gen_cond
313,7,1,1,0,2,0,3,train_cond
314,7,1,2,1,2,0,3,train_cond
315,7,3,1,1,1,0,3,gen_cond
316,7,4,1,1,1,1,3,gen_cond
317,7,5,2,1,2,5,3,gen_cond
318,7,6,2,1,2,9,3,train_cond
319,7,3,1,0,2,0,3,gen_cond
320,7,5,2,1,2,0,3,gen_cond
321,7,6,1,1,1,10,3,train_cond
322,7,6,1,1,1,10,3,train_cond
323,7,1,1,0,2,0,3,train_cond
324,7,2,2,1,2,0,3,gen_cond
325,7,6,2,1,2,10,3,train_cond
326,7,2,2,1,2,0,3,gen_cond
327,7,2,1,0,2,0,3,gen_cond
328,7,3,2,1,2,0,3,gen_cond
329,7,4,1,0,2,0,3,gen_cond
330,7,1,2,1,2,0,3,train_cond
331,8,5,2,1,2,1,3,gen_cond
332,8,4,1,1,1,1,3,gen_cond
333,8,4,2,1,2,0,3,gen_cond
334,8,5,1,1,1,2,3,gen_cond
335,8,2,2,1,2,0,3,gen_cond
336,8,4,2,1,2,2,3,gen_cond
337,8,3,1,0,2,0,3,gen_cond
338,8,3,1,0,2,0,3,gen_cond
339,8,1,2,1,2,0,3,train_cond
340,8,3,1,0,2,0,3,gen_cond
341,8,2,2,1,2,0,3,gen_cond
342,8,3,2,1,2,0,3,gen_cond
343,8,1,2,1,2,0,3,train_cond
344,8,2,1,0,2,0,3,gen_cond
345,8,1,1,0,2,0,3,train_cond
346,8,1,2,1,2,0,3,train_cond
347,8,6,1,1,1,10,3,train_cond
348,8,5,1,1,1,7,3,gen_cond
349,8,4,1,1,1,2,3,gen_cond
350,8,4,2,0,1,0,3,gen_cond
351,8,3,1,1,1,0,3,gen_cond
352,8,3,2,1,2,0,3,gen_cond
353,8,2,1,0,2,0,3,gen_cond
354,8,6,1,1,1,5,3,train_cond
355,8,1,1,0,2,0,3,train_cond
356,8,2,1,0,2,0,3,gen_cond
357,8,6,1,1,1,10,3,train_cond
358,8,5,2,1,2,0,3,gen_cond
359,8,6,2,1,2,8,3,train_cond
360,8,3,2,1,2,1,3,gen_cond
361,8,2,2,1,2,0,3,gen_cond
362,8,1,2,1,2,0,3,train_cond
363,8,5,1,1,1,1,3,gen_cond
364,8,4,2,1,2,1,3,gen_cond
365,8,6,2,1,2,3,3,train_cond
366,8,1,1,0,2,0,3,train_cond
367,8,6,1,1,1,10,3,train_cond
368,8,6,2,1,2,7,3,train_cond
369,8,4,1,0,2,0,3,gen_cond
370,8,1,1,0,2,0,3,train_cond
371,8,6,2,1,2,9,3,train_cond
372,8,2,2,1,2,1,3,gen_cond
373,8,4,1,1,1,1,3,gen_cond
374,8,3,2,1,2,0,3,gen_cond
375,8,5,2,1,2,0,3,gen_cond
376,8,2,1,0,2,2,3,gen_cond
377,8,5,2,1,2,1,3,gen_cond
378,9,6,1,1,2,7,4,train_cond
379,9,6,1,1,2,9,4,train_cond
380,9,3,1,1,2,0,3,gen_cond
381,9,3,2,0,2,0,3,gen_cond
382,9,6,2,1,1,4,4,train_cond
383,9,4,1,1,2,3,3,gen_cond
384,9,4,2,0,2,0,4,gen_cond
385,9,6,1,1,2,10,4,train_cond
386,9,4,2,0,2,0,4,gen_cond
387,9,5,2,1,1,9,4,gen_cond
388,9,1,2,0,2,0,3,train_cond
389,9,1,1,1,2,0,3,train_cond
390,9,4,2,1,1,3,4,gen_cond
391,9,4,1,1,2,3,4,gen_cond
392,9,5,1,1,2,8,4,gen_cond
393,9,3,1,1,2,1,4,gen_cond
394,9,4,1,1,2,6,4,gen_cond
395,9,5,2,1,1,1,4,gen_cond
396,9,5,1,1,2,4,4,gen_cond
397,9,2,1,1,2,0,4,gen_cond
398,9,1,2,0,2,0,4,train_cond
399,9,3,2,0,2,0,4,gen_cond
400,9,2,2,0,2,0,4,gen_cond
401,9,3,1,1,2,0,4,gen_cond
402,9,6,2,1,1,9,4,train_cond
403,9,1,1,1,2,0,4,train_cond
404,9,4,1,1,2,0,4,gen_cond
405,9,5,2,1,1,2,4,gen_cond
406,9,2,1,1,2,2,4,gen_cond
407,9,3,2,0,2,0,4,gen_cond
408,9,6,2,1,1,3,4,train_cond
409,9,1,1,1,2,0,4,train_cond
410,9,2,2,0,2,0,4,gen_cond
411,9,6,1,1,2,10,4,train_cond
412,9,1,2,0,2,0,4,train_cond
413,9,1,2,0,2,0,4,train_cond
414,9,2,2,0,2,0,4,gen_cond
415,9,2,1,1,2,1,4,gen_cond
416,9,5,2,1,1,4,4,gen_cond
417,9,3,2,0,2,0,4,gen_cond
418,9,3,1,1,2,0,4,gen_cond
419,9,2,1,1,2,0,4,gen_cond
420,9,6,2,1,1,2,4,train_cond
421,9,4,2,0,2,0,4,gen_cond
422,9,5,1,1,2,1,4,gen_cond
423,9,1,1,1,2,0,4,train_cond
424,9,5,1,1,2,4,4,gen_cond
425,10,6,1,1,1,2,4,train_cond
426,10,6,2,1,2,1,4,train_cond
427,10,1,2,1,2,0,4,train_cond
428,10,2,1,1,1,0,4,gen_cond
429,10,5,2,1,2,2,4,gen_cond
430,10,6,2,1,2,4,4,train_cond
431,10,4,2,1,2,1,4,gen_cond
432,10,3,1,0,2,0,4,gen_cond
433,10,1,1,1,1,0,4,train_cond
434,10,6,2,1,2,2,4,train_cond
435,10,2,2,1,2,0,4,gen_cond
436,10,4,1,1,1,1,4,gen_cond
437,10,2,1,1,1,0,4,gen_cond
438,10,1,1,0,2,0,4,train_cond
439,10,5,1,1,1,10,4,gen_cond
440,10,5,1,1,1,4,4,gen_cond
441,10,5,2,1,2,0,4,gen_cond
442,10,4,1,1,1,9,4,gen_cond
443,10,3,2,1,2,1,4,gen_cond
444,10,1,2,1,2,0,4,train_cond
445,10,4,2,0,1,0,4,gen_cond
446,10,4,2,1,2,0,4,gen_cond
447,10,3,1,1,1,0,4,gen_cond
448,10,3,2,1,2,0,4,gen_cond
449,10,6,1,1,1,10,4,train_cond
450,10,3,1,1,1,4,4,gen_cond
451,10,1,1,0,2,0,4,train_cond
452,10,1,2,1,2,0,4,train_cond
453,10,5,1,1,1,8,4,gen_cond
454,10,6,1,1,1,10,4,train_cond
455,10,2,2,0,1,0,4,gen_cond
456,10,4,2,0,1,0,4,gen_cond
457,10,2,2,1,2,0,4,gen_cond
458,10,3,2,1,2,0,4,gen_cond
459,10,1,1,1,1,0,4,train_cond
460,10,5,1,1,1,4,4,gen_cond
461,10,2,2,0,1,0,4,gen_cond
462,10,4,1,1,1,8,4,gen_cond
463,10,2,1,1,1,0,4,gen_cond
464,10,6,1,1,1,10,4,train_cond
465,10,6,2,1,2,7,4,train_cond
466,10,2,1,1,1,1,4,gen_cond
467,10,3,2,1,2,0,4,gen_cond
468,10,5,2,1,2,0,4,gen_cond
469,10,5,2,1,2,0,4,gen_cond
470,10,4,1,1,1,2,4,gen_cond
471,10,3,1,0,2,0,4,gen_cond
472,10,1,2,0,1,0,4,train_cond
473,11,3,2,1,2,0,4,gen_cond
474,11,2,2,1,2,0,4,gen_cond
475,11,2,2,0,1,0,4,gen_cond
476,11,2,1,0,2,0,5,gen_cond
477,11,2,2,0,1,0,5,gen_cond
478,11,2,1,1,1,0,5,gen_cond
479,11,6,1,1,1,9,5,train_cond
480,11,4,2,1,2,1,5,gen_cond
481,11,5,1,1,1,2,5,gen_cond
482,11,4,1,1,1,0,5,gen_cond
483,11,3,1,0,2,0,5,gen_cond
484,11,5,1,1,1,10,5,gen_cond
485,11,1,2,1,2,0,4,train_cond
486,11,6,1,0,2,9,5,train_cond
487,11,2,2,0,1,0,5,gen_cond
488,11,6,1,1,1,10,5,train_cond
489,11,5,2,1,2,1,5,gen_cond
490,11,3,1,1,1,0,5,gen_cond
491,11,5,1,1,1,0,5,gen_cond
492,11,3,2,1,2,0,5,gen_cond
493,11,1,2,0,1,0,4,train_cond
494,11,4,1,0,2,0,5,gen_cond
495,11,4,2,1,2,0,5,gen_cond
496,11,6,2,1,2,6,5,train_cond
497,11,3,2,0,1,0,5,gen_cond
498,11,6,2,1,2,2,5,train_cond
499,11,4,1,1,1,0,5,gen_cond
500,11,3,2,0,1,0,5,gen_cond
501,11,4,2,1,2,0,5,gen_cond
502,11,5,2,1,2,3,5,gen_cond
503,11,5,1,1,1,7,5,gen_cond
504,11,3,1,0,2,2,5,gen_cond
505,11,1,2,1,2,0,5,train_cond
506,11,1,1,1,1,0,5,train_cond
507,11,4,1,1,1,0,5,gen_cond
508,11,2,1,0,2,0,5,gen_cond
509,11,4,2,1,2,0,5,gen_cond
510,11,6,2,1,2,10,5,train_cond
511,11,6,2,1,2,7,5,train_cond
512,11,6,1,1,1,10,5,train_cond
513,11,1,1,0,2,0,5,train_cond
514,11,1,2,0,1,0,5,train_cond
515,11,2,1,1,1,0,5,gen_cond
516,11,1,1,0,2,0,5,train_cond
517,11,5,2,1,2,2,5,gen_cond
518,11,5,2,1,2,5,5,gen_cond
519,11,1,1,1,1,0,5,train_cond
520,11,3,1,1,1,0,5,gen_cond
521,12,2,2,1,1,0,5,gen_cond
522,12,4,2,1,1,0,5,gen_cond
523,12,5,1,1,2,1,5,gen_cond
524,12,3,2,1,1,0,5,gen_cond
525,12,1,2,1,1,0,5,train_cond
526,12,5,2,1,1,6,5,gen_cond
527,12,6,2,1,1,9,5,train_cond
528,12,1,2,0,2,0,5,train_cond
529,12,3,1,1,2,0,5,gen_cond
530,12,1,2,0,2,0,5,train_cond
531,12,2,1,0,1,0,5,gen_cond
532,12,4,1,1,2,0,5,gen_cond
533,12,1,1,0,1,0,5,train_cond
534,12,1,1,1,2,0,5,train_cond
535,12,1,1,0,1,0,5,train_cond
536,12,1,1,1,2,0,5,train_cond
537,12,2,1,0,1,0,5,gen_cond
538,12,3,2,1,1,1,5,gen_cond
539,12,4,2,0,2,0,5,gen_cond
540,12,2,2,1,1,0,5,gen_cond
541,12,6,1,1,2,10,5,train_cond
542,12,5,2,1,1,2,5,gen_cond
543,12,6,1,1,2,10,5,train_cond
544,12,5,1,1,2,8,5,gen_cond
545,12,5,1,1,2,5,5,gen_cond
546,12,2,1,1,2,0,5,gen_cond
547,12,6,2,1,1,6,5,train_cond
548,12,6,1,1,2,10,5,train_cond
549,12,4,2,1,1,0,5,gen_cond
550,12,6,1,1,2,7,5,train_cond
551,12,5,1,1,2,8,5,gen_cond
552,12,1,2,1,1,0,5,train_cond
553,12,5,2,0,2,0,5,gen_cond
554,12,2,2,1,1,0,5,gen_cond
555,12,2,2,0,2,0,5,gen_cond
556,12,4,2,1,1,0,5,gen_cond
557,12,4,1,1,2,2,5,gen_cond
558,12,2,1,0,1,0,5,gen_cond
559,12,3,2,0,2,0,5,gen_cond
560,12,6,2,1,1,4,5,train_cond
561,12,3,2,0,2,0,5,gen_cond
562,12,4,1,0,1,1,5,gen_cond
563,12,3,1,1,2,0,5,gen_cond
564,12,3,1,0,1,0,5,gen_cond
565,12,4,1,1,2,2,5,gen_cond
566,12,6,2,1,1,5,5,train_cond
567,12,3,1,1,2,1,5,gen_cond
568,12,5,2,1,1,1,5,gen_cond
569,13,1,2,0,1,0,5,train_cond
570,13,3,1,0,2,0,5,gen_cond
571,13,2,1,1,1,0,5,gen_cond
572,13,5,2,1,2,0,6,gen_cond
573,13,4,2,1,2,1,6,gen_cond
574,13,6,1,1,1,10,6,train_cond
575,13,2,2,1,2,1,6,gen_cond
576,13,4,2,1,2,1,6,gen_cond
577,13,4,2,1,2,0,6,gen_cond
578,13,3,1,0,2,0,6,gen_cond
579,13,6,1,1,1,10,6,train_cond
580,13,2,1,1,1,0,6,gen_cond
581,13,2,2,1,2,0,6,gen_cond
582,13,5,1,1,1,0,6,gen_cond
583,13,4,1,1,1,1,6,gen_cond
584,13,1,1,1,1,0,5,train_cond
585,13,3,2,1,2,0,6,gen_cond
586,13,5,1,1,1,1,6,gen_cond
587,13,5,1,0,2,1,6,gen_cond
588,13,1,1,1,1,1,6,train_cond
589,13,4,1,1,1,5,6,gen_cond
590,13,1,2,0,1,0,6,train_cond
591,13,2,1,0,2,0,6,gen_cond
592,13,6,1,1,1,10,6,train_cond
593,13,2,2,1,2,0,6,gen_cond
594,13,6,2,1,2,1,6,train_cond
595,13,1,2,0,1,0,6,train_cond
596,13,4,1,1,1,5,6,gen_cond
597,13,5,2,1,2,1,6,gen_cond
598,13,4,1,1,1,0,6,gen_cond
599,13,3,1,1,1,0,6,gen_cond
600,13,3,2,1,2,0,6,gen_cond
601,13,2,1,1,1,0,6,gen_cond
602,13,5,2,1,2,1,6,gen_cond
603,13,1,1,1,1,0,6,train_cond
604,13,4,2,1,2,0,6,gen_cond
605,13,6,2,1,2,6,6,train_cond
606,13,3,2,0,1,0,6,gen_cond
607,13,3,2,1,2,0,6,gen_cond
608,13,2,2,0,1,0,6,gen_cond
609,13,3,1,1,1,0,6,gen_cond
610,13,6,2,1,2,3,6,train_cond
611,13,1,2,0,1,0,6,train_cond
612,13,5,2,1,2,1,6,gen_cond
613,13,6,2,1,2,1,6,train_cond
614,13,5,1,1,1,1,6,gen_cond
615,13,1,1,0,2,0,6,train_cond
616,14,3,2,0,2,0,6,gen_cond
617,14,4,1,1,2,0,6,gen_cond
618,14,4,2,1,1,0,6,gen_cond
619,14,3,2,1,1,0,6,gen_cond
620,14,5,2,1,1,1,6,gen_cond
621,14,6,2,1,1,6,6,train_cond
622,14,1,2,0,2,0,6,train_cond
623,14,2,2,1,1,0,6,gen_cond
624,14,3,1,1,2,0,6,gen_cond
625,14,4,1,1,2,1,6,gen_cond
626,14,5,1,1,2,6,6,gen_cond
627,14,3,1,0,1,0,6,gen_cond
628,14,4,2,0,2,0,6,gen_cond
629,14,1,1,0,1,0,6,train_cond
630,14,2,1,0,1,1,6,gen_cond
631,14,1,2,0,2,0,6,train_cond
632,14,1,2,0,2,0,6,train_cond
633,14,6,1,1,2,10,6,train_cond
634,14,2,2,1,1,1,6,gen_cond
635,14,5,2,1,1,1,6,gen_cond
636,14,4,2,1,1,1,6,gen_cond
637,14,4,2,1,1,1,6,gen_cond
638,14,2,1,1,2,0,6,gen_cond
639,14,1,1,0,1,0,6,train_cond
640,14,3,2,1,1,0,6,gen_cond
641,14,3,1,1,2,0,6,gen_cond
642,14,5,1,1,2,4,6,gen_cond
643,14,6,2,1,1,8,6,train_cond
644,14,1,1,1,2,0,6,train_cond
645,14,5,2,1,1,1,6,gen_cond
646,14,6,1,1,2,6,6,train_cond
647,14,5,1,1,2,2,6,gen_cond
648,14,6,1,1,2,10,6,train_cond
649,14,2,1,0,1,0,6,gen_cond
650,14,4,1,1,2,0,6,gen_cond
651,14,6,1,1,2,10,6,train_cond
652,14,5,1,1,2,9,6,gen_cond
653,14,1,1,0,1,0,6,train_cond
654,14,2,2,1,1,0,6,gen_cond
655,14,2,1,0,1,0,6,gen_cond
656,14,1,2,0,2,0,6,train_cond
657,14,6,2,1,1,4,6,train_cond
658,14,6,2,1,1,8,6,train_cond
659,14,4,1,0,1,1,6,gen_cond
660,14,5,2,1,1,1,6,gen_cond
661,14,3,2,1,1,1,6,gen_cond
662,14,2,2,0,2,0,6,gen_cond
663,14,3,1,1,2,0,6,gen_cond
664,15,4,1,0,1,0,6,gen_cond
665,15,4,1,1,2,0,7,gen_cond
666,15,1,2,1,1,0,6,train_cond
667,15,6,1,1,2,7,6,train_cond
668,15,1,1,0,1,0,6,train_cond
669,15,2,1,1,2,0,7,gen_cond
670,15,4,2,1,1,1,7,gen_cond
671,15,6,1,1,2,10,7,train_cond
672,15,3,1,0,1,0,7,gen_cond
673,15,4,1,1,2,0,7,gen_cond
674,15,4,2,1,1,2,7,gen_cond
675,15,3,1,1,2,1,7,gen_cond
676,15,4,2,1,1,0,7,gen_cond
677,15,2,2,0,2,0,7,gen_cond
678,15,2,2,1,1,0,7,gen_cond
679,15,1,2,0,2,0,7,train_cond
680,15,1,2,1,1,0,7,train_cond
681,15,5,1,1,2,1,7,gen_cond
682,15,5,2,1,1,1,7,gen_cond
683,15,4,1,1,2,0,7,gen_cond
684,15,5,1,1,2,6,7,gen_cond
685,15,3,1,0,1,0,7,gen_cond
686,15,5,2,1,1,0,7,gen_cond
687,15,3,2,0,2,0,7,gen_cond
688,15,5,2,1,1,0,7,gen_cond
689,15,1,1,1,2,0,7,train_cond
690,15,2,1,0,1,0,7,gen_cond
691,15,3,2,1,1,1,7,gen_cond
692,15,5,2,1,1,1,7,gen_cond
693,15,2,2,1,1,1,7,gen_cond
694,15,4,2,0,2,0,7,gen_cond
695,15,6,1,1,2,9,7,train_cond
696,15,1,1,1,2,0,7,train_cond
697,15,5,1,1,2,0,7,gen_cond
698,15,3,1,1,2,1,7,gen_cond
699,15,3,2,1,1,0,7,gen_cond
700,15,6,2,1,1,8,7,train_cond
701,15,6,2,1,1,10,7,train_cond
702,15,6,2,1,1,10,7,train_cond
703,15,2,1,1,2,0,7,gen_cond
704,15,1,1,1,2,0,7,train_cond
705,15,3,2,1,1,0,7,gen_cond
706,15,6,1,1,2,10,7,train_cond
707,15,1,2,0,2,0,7,train_cond
708,15,2,1,1,2,1,7,gen_cond
709,15,6,2,1,1,8,7,train_cond
710,15,2,2,1,1,0,7,gen_cond
711,15,5,1,1,2,8,7,gen_cond
712,16,4,1,1,1,1,7,gen_cond
713,16,5,1,1,1,1,7,gen_cond
714,16,1,2,1,2,0,7,train_cond
715,16,3,1,0,2,0,7,gen_cond
716,16,3,2,0,1,0,7,gen_cond
717,16,2,2,0,1,0,7,gen_cond
718,16,2,2,1,2,0,7,gen_cond
719,16,5,1,0,2,1,7,gen_cond
720,16,2,1,0,2,0,7,gen_cond
721,16,5,1,1,1,7,7,gen_cond
722,16,1,2,0,1,0,7,train_cond
723,16,2,2,1,2,0,7,gen_cond
724,16,2,1,1,1,0,7,gen_cond
725,16,4,1,1,1,1,7,gen_cond
726,16,6,2,1,2,4,7,train_cond
727,16,5,2,1,2,4,7,gen_cond
728,16,2,1,1,1,0,7,gen_cond
729,16,6,1,1,1,9,7,train_cond
730,16,1,1,0,2,0,7,train_cond
731,16,1,2,0,1,0,7,train_cond
732,16,4,2,1,2,1,7,gen_cond
733,16,6,1,1,1,8,7,train_cond
734,16,6,2,1,2,7,7,train_cond
735,16,1,1,1,1,1,7,train_cond
736,16,3,2,1,2,1,7,gen_cond
737,16,2,1,1,1,0,7,gen_cond
738,16,4,1,1,1,6,7,gen_cond
739,16,5,1,1,1,9,7,gen_cond
740,16,3,1,0,2,0,7,gen_cond
741,16,6,2,1,2,6,7,train_cond
742,16,4,2,0,1,0,7,gen_cond
743,16,6,2,1,2,7,7,train_cond
744,16,6,1,1,1,1,7,train_cond
745,16,5,2,1,2,1,7,gen_cond
746,16,1,1,1,1,0,7,train_cond
747,16,4,2,1,2,1,7,gen_cond
748,16,3,2,1,2,0,7,gen_cond
749,16,4,2,0,1,0,7,gen_cond
750,16,3,1,1,1,0,7,gen_cond
751,16,6,1,1,1,8,7,train_cond
752,16,3,2,0,1,0,7,gen_cond
753,16,5,2,1,2,9,7,gen_cond
754,16,1,1,0,2,0,7,train_cond
755,16,5,2,1,2,1,7,gen_cond
756,16,2,2,0,1,0,7,gen_cond
757,16,1,2,1,2,0,7,train_cond
758,16,4,1,0,2,0,7,gen_cond
759,16,3,1,0,2,0,7,gen_cond
760,17,1,1,1,2,0,7,train_cond
761,17,1,1,0,1,0,7,train_cond
762,17,6,1,1,2,2,8,train_cond
763,17,4,1,1,2,0,8,gen_cond
764,17,5,2,1,1,3,8,gen_cond
765,17,1,1,0,1,0,8,train_cond
766,17,5,1,1,2,2,8,gen_cond
767,17,1,2,0,2,0,8,train_cond
768,17,3,1,0,1,0,8,gen_cond
769,17,1,2,0,2,0,8,train_cond
770,17,4,1,1,2,2,8,gen_cond
771,17,3,2,1,1,0,8,gen_cond
772,17,3,2,1,1,0,8,gen_cond
773,17,2,1,1,2,0,8,gen_cond
774,17,3,2,0,2,0,8,gen_cond
775,17,5,1,1,2,8,8,gen_cond
776,17,2,2,1,1,0,8,gen_cond
777,17,4,2,1,1,1,8,gen_cond
778,17,6,1,1,2,9,8,train_cond
779,17,2,1,1,2,1,8,gen_cond
780,17,5,1,1,2,9,8,gen_cond
781,17,4,2,0,2,6,8,gen_cond
782,17,3,1,1,2,0,8,gen_cond
783,17,5,1,1,2,10,8,gen_cond
784,17,2,1,0,1,0,8,gen_cond
785,17,2,2,1,1,0,8,gen_cond
786,17,5,2,1,1,3,8,gen_cond
787,17,3,1,0,1,0,8,gen_cond
788,17,4,1,1,2,5,8,gen_cond
789,17,5,2,1,1,3,8,gen_cond
790,17,4,1,1,2,0,8,gen_cond
791,17,2,2,0,2,0,8,gen_cond
792,17,2,2,1,1,0,8,gen_cond
793,17,1,2,0,2,0,8,train_cond
794,17,1,2,1,1,0,8,train_cond
795,17,6,2,1,1,3,8,train_cond
796,17,5,2,1,1,7,8,gen_cond
797,17,2,1,1,2,0,8,gen_cond
798,17,4,2,1,1,0,8,gen_cond
799,17,6,2,1,1,10,8,train_cond
800,17,6,2,1,1,9,8,train_cond
801,17,6,2,1,1,8,8,train_cond
802,17,1,1,1,2,0,8,train_cond
803,17,6,1,1,2,10,8,train_cond
804,17,3,1,1,2,0,8,gen_cond
805,17,6,1,1,2,10,8,train_cond
806,17,4,2,1,1,2,8,gen_cond
807,17,3,2,1,1,1,8,gen_cond
808,18,6,1,1,2,7,8,train_cond
809,18,5,2,1,1,1,8,gen_cond
810,18,5,1,1,2,5,8,gen_cond
811,18,1,1,0,1,0,8,train_cond
812,18,4,2,1,1,1,8,gen_cond
813,18,1,2,1,1,0,8,train_cond
814,18,3,1,1,2,0,8,gen_cond
815,18,5,2,1,1,5,8,gen_cond
816,18,1,1,1,2,0,8,train_cond
817,18,6,1,1,2,10,8,train_cond
818,18,3,1,0,1,0,8,gen_cond
819,18,4,1,0,1,1,8,gen_cond
820,18,5,2,1,1,1,8,gen_cond
821,18,3,2,0,2,0,8,gen_cond
822,18,3,1,1,2,0,8,gen_cond
823,18,4,2,1,1,0,8,gen_cond
824,18,2,2,0,2,0,8,gen_cond
825,18,5,1,1,2,5,8,gen_cond
826,18,2,2,1,1,0,8,gen_cond
827,18,6,2,1,1,8,8,train_cond
828,18,4,1,1,2,1,8,gen_cond
829,18,3,2,0,2,0,8,gen_cond
830,18,1,1,0,1,0,8,train_cond
831,18,6,1,1,2,8,8,train_cond
832,18,6,2,1,1,6,8,train_cond
833,18,2,1,1,2,0,8,gen_cond
834,18,2,2,1,1,0,8,gen_cond
835,18,4,1,1,2,1,8,gen_cond
836,18,1,2,1,1,0,8,train_cond
837,18,6,2,1,1,6,8,train_cond
838,18,4,1,1,2,0,8,gen_cond
839,18,4,2,1,1,9,8,gen_cond
840,18,3,2,0,2,0,8,gen_cond
841,18,2,2,1,1,0,8,gen_cond
842,18,2,1,1,2,0,8,gen_cond
843,18,6,1,1,2,10,8,train_cond
844,18,1,2,1,1,0,8,train_cond
845,18,3,2,0,2,0,8,gen_cond
846,18,2,1,1,2,0,8,gen_cond
847,18,6,2,1,1,9,8,train_cond
848,18,1,2,0,2,0,8,train_cond
849,18,5,1,1,2,6,8,gen_cond
850,18,2,1,0,1,0,8,gen_cond
851,18,4,2,1,1,0,8,gen_cond
852,18,1,1,1,2,0,8,train_cond
853,18,5,2,1,1,1,8,gen_cond
854,19,6,2,1,1,1,9,train_cond
855,19,6,1,1,2,9,9,train_cond
856,19,5,2,1,1,7,8,gen_cond
857,19,1,2,0,2,0,8,train_cond
858,19,3,2,0,2,0,9,gen_cond
859,19,3,2,1,1,0,9,gen_cond
860,19,5,1,1,2,7,9,gen_cond
861,19,1,1,0,1,0,9,train_cond
862,19,1,2,0,2,0,9,train_cond
863,19,3,2,0,2,0,9,gen_cond
864,19,3,1,0,1,0,9,gen_cond
865,19,4,2,1,1,5,9,gen_cond
866,19,3,1,1,2,0,9,gen_cond
867,19,6,2,1,1,6,9,train_cond
868,19,4,1,0,1,0,9,gen_cond
869,19,2,1,1,2,0,9,gen_cond
870,19,4,1,1,2,0,9,gen_cond
871,19,6,1,1,2,10,9,train_cond
872,19,4,1,0,1,0,9,gen_cond
873,19,6,2,1,1,9,9,train_cond
874,19,5,2,1,1,9,9,gen_cond
875,19,2,2,0,2,0,9,gen_cond
876,19,4,2,1,1,1,9,gen_cond
877,19,5,1,1,2,5,9,gen_cond
878,19,5,1,1,2,10,9,gen_cond
879,19,5,2,1,1,1,9,gen_cond
880,19,1,2,0,2,0,9,train_cond
881,19,5,2,1,1,1,9,gen_cond
882,19,2,1,1,2,0,9,gen_cond
883,19,1,2,1,1,0,9,train_cond
884,19,3,1,1,2,0,9,gen_cond
885,19,4,2,1,1,1,9,gen_cond
886,19,2,1,1,2,0,9,gen_cond
887,19,5,1,1,2,10,9,gen_cond
888,19,2,2,1,1,0,9,gen_cond
889,19,4,1,1,2,10,9,gen_cond
890,19,1,1,0,1,0,9,train_cond
891,19,1,1,1,2,0,9,train_cond
892,19,3,1,1,2,0,9,gen_cond
893,19,6,1,1,2,10,9,train_cond
894,19,2,1,0,1,0,9,gen_cond
895,19,6,1,1,2,9,9,train_cond
896,19,3,2,1,1,1,9,gen_cond
897,19,2,2,1,1,0,9,gen_cond
898,19,6,2,1,1,6,9,train_cond
899,19,2,2,0,2,0,9,gen_cond
900,19,1,1,1,2,0,9,train_cond
901,19,4,2,1,1,0,9,gen_cond
902,20,3,2,0,2,0,9,gen_cond
903,20,5,2,1,1,1,9,gen_cond
904,20,5,1,1,2,3,9,gen_cond
905,20,4,1,1,2,3,9,gen_cond
906,20,4,2,1,1,1,9,gen_cond
907,20,1,2,0,2,1,9,train_cond
908,20,6,2,1,1,3,9,train_cond
909,20,3,2,0,2,0,9,gen_cond
910,20,1,2,1,1,0,9,train_cond
911,20,3,2,0,2,0,9,gen_cond
912,20,6,1,1,2,10,9,train_cond
913,20,6,2,1,1,4,9,train_cond
914,20,4,2,1,1,0,9,gen_cond
915,20,4,1,1,2,5,9,gen_cond
916,20,5,1,1,2,8,9,gen_cond
917,20,2,1,0,1,0,9,gen_cond
918,20,2,2,0,2,0,9,gen_cond
919,20,3,2,1,1,0,9,gen_cond
920,20,2,2,0,2,0,9,gen_cond
921,20,6,1,1,2,10,9,train_cond
922,20,2,1,1,2,0,9,gen_cond
923,20,6,2,1,1,5,9,train_cond
924,20,2,1,1,2,0,9,gen_cond
925,20,1,2,1,1,0,9,train_cond
926,20,1,1,1,2,0,9,train_cond
927,20,5,1,1,2,0,9,gen_cond
928,20,5,2,1,1,6,9,gen_cond
929,20,4,2,0,2,0,9,gen_cond
930,20,2,2,1,1,1,9,gen_cond
931,20,5,2,1,1,4,9,gen_cond
932,20,5,1,1,2,7,9,gen_cond
933,20,3,1,0,1,0,9,gen_cond
934,20,1,1,1,2,0,9,train_cond
935,20,1,1,1,2,0,9,train_cond
936,20,6,1,1,2,9,9,train_cond
937,20,3,1,1,2,0,9,gen_cond
938,20,2,1,0,1,0,9,gen_cond
939,20,5,2,1,1,5,9,gen_cond
940,20,1,2,0,2,0,9,train_cond
941,20,4,1,1,2,3,9,gen_cond
942,20,3,1,1,2,0,9,gen_cond
943,20,6,1,1,2,10,9,train_cond
944,20,6,2,1,1,9,9,train_cond
945,20,3,1,1,2,0,9,gen_cond
946,20,4,2,1,1,1,9,gen_cond
947,20,2,2,0,2,0,9,gen_cond
948,20,1,1,0,1,0,9,train_cond
949,20,4,1,1,2,0,9,gen_cond
