trial,block,snr_level,vowel,questtype,respside,response,cv_fold,role
0,1,1,2,1,2,2,0,train_cond
1,1,7,1,1,2,4,-1,excluded
2,1,3,1,3,1,1,0,gen_cond
3,1,4,1,2,2,0,0,gen_cond
4,1,5,2,2,2,0,0,gen_cond
5,1,2,1,4,2,0,0,gen_cond
6,1,3,2,3,1,1,0,gen_cond
7,1,5,1,2,2,0,0,gen_cond
8,1,3,1,2,2,0,0,gen_cond
9,1,3,1,4,2,0,0,gen_cond
10,1,1,1,3,1,3,0,train_cond
11,1,6,2,2,2,0,0,train_cond
12,1,5,2,3,1,1,0,gen_cond
13,1,1,2,3,1,1,0,train_cond
14,1,1,1,4,2,0,0,train_cond
15,1,4,2,4,2,0,0,gen_cond
16,1,4,1,3,1,1,0,gen_cond
17,1,7,1,4,2,0,-1,excluded
18,1,2,2,3,1,1,0,gen_cond
19,1,2,1,1,2,2,0,gen_cond
20,1,5,2,1,2,2,0,gen_cond
21,1,1,2,2,2,0,0,train_cond
22,1,6,2,1,2,2,0,train_cond
23,1,1,2,4,2,0,0,train_cond
24,1,5,1,4,2,0,0,gen_cond
25,1,2,2,2,2,0,0,gen_cond
26,1,5,1,3,1,1,0,gen_cond
27,1,2,1,2,2,0,0,gen_cond
28,1,5,1,1,1,3,0,gen_cond
29,1,7,2,2,2,0,-1,excluded
30,1,1,1,1,1,3,0,train_cond
31,1,7,2,1,1,3,-1,excluded
32,1,4,1,1,2,2,0,gen_cond
33,1,6,1,1,2,2,0,train_cond
34,1,3,2,2,2,0,0,gen_cond
35,1,2,2,1,1,1,0,gen_cond
36,1,6,1,2,2,0,0,train_cond
37,1,4,2,2,2,0,0,gen_cond
38,1,5,2,4,2,0,0,gen_cond
39,1,2,1,3,1,1,0,gen_cond
40,1,2,2,4,2,0,0,gen_cond
41,1,4,2,3,1,1,0,gen_cond
42,1,6,2,3,1,1,0,train_cond
43,1,7,1,3,1,1,-1,excluded
44,1,1,1,2,2,0,0,train_cond
45,2,6,1,3,1,1,0,train_cond
46,2,5,2,1,1,1,0,gen_cond
47,2,5,1,3,1,1,0,gen_cond
48,2,1,2,1,2,4,0,train_cond
49,2,7,2,3,1,1,-1,excluded
50,2,2,1,2,2,0,0,gen_cond
51,2,4,1,1,1,1,0,gen_cond
52,2,1,1,4,2,0,0,train_cond
53,2,2,1,4,2,0,0,gen_cond
54,2,4,1,2,2,0,0,gen_cond
55,2,1,2,4,2,0,0,train_cond
56,2,2,2,2,2,0,0,gen_cond
57,2,6,2,4,2,0,0,train_cond
58,2,6,1,1,2,2,0,train_cond
59,2,5,2,3,1,1,0,gen_cond
60,2,3,1,1,1,3,0,gen_cond
61,2,4,2,1,2,2,0,gen_cond
62,2,1,2,3,1,1,0,train_cond
63,2,5,2,4,2,0,0,gen_cond
64,2,3,2,4,2,0,0,gen_cond
65,2,4,1,4,2,0,0,gen_cond
66,2,7,2,4,2,0,-1,excluded
67,2,6,2,2,2,0,0,train_cond
68,2,4,2,3,1,1,0,gen_cond
69,2,7,1,3,1,1,-1,excluded
70,2,3,2,1,1,3,0,gen_cond
71,2,1,1,1,1,3,0,train_cond
72,2,5,1,4,2,0,0,gen_cond
73,2,2,2,1,2,4,0,gen_cond
74,2,4,2,4,2,0,0,gen_cond
75,2,3,2,3,1,1,0,gen_cond
76,2,2,1,1,1,3,0,gen_cond
77,2,4,2,2,2,0,0,gen_cond
78,2,5,1,1,2,2,0,gen_cond
79,2,3,1,4,2,0,0,gen_cond
80,2,5,1,2,2,0,0,gen_cond
81,2,6,2,3,1,1,0,train_cond
82,2,2,2,4,2,0,0,gen_cond
83,2,6,1,2,2,0,0,train_cond
84,2,3,2,2,2,0,0,gen_cond
85,2,2,2,3,1,1,0,gen_cond
86,2,7,1,2,2,0,-1,excluded
87,2,3,1,3,1,1,0,gen_cond
88,2,4,1,3,1,1,0,gen_cond
89,2,5,2,2,2,0,0,gen_cond
90,2,6,2,1,1,3,0,train_cond
91,3,2,1,1,2,4,0,gen_cond
92,3,6,2,3,1,1,0,train_cond
93,3,4,1,4,2,0,0,gen_cond
94,3,3,1,3,1,1,0,gen_cond
95,3,2,1,3,1,1,1,gen_cond
96,3,4,1,2,2,0,1,gen_cond
97,3,3,2,4,2,0,1,gen_cond
98,3,3,2,3,1,3,1,gen_cond
99,3,1,1,4,2,0,0,train_cond
100,3,1,2,1,2,2,0,train_cond
101,3,6,1,4,2,0,0,train_cond
102,3,6,2,4,2,0,0,train_cond
103,3,4,2,4,2,0,1,gen_cond
104,3,1,1,2,2,0,1,train_cond
105,3,5,1,4,2,0,1,gen_cond
106,3,4,2,2,2,0,1,gen_cond
107,3,5,2,4,2,0,1,gen_cond
108,3,4,1,3,1,1,1,gen_cond
109,3,5,2,2,2,0,1,gen_cond
110,3,7,2,2,2,0,-1,excluded
111,3,3,1,1,2,2,1,gen_cond
112,3,4,2,3,1,3,1,gen_cond
113,3,5,1,2,2,0,1,gen_cond
114,3,1,2,3,1,1,1,train_cond
115,3,4,1,1,2,2,1,gen_cond
116,3,7,1,3,1,3,-1,excluded
117,3,3,2,1,2,4,1,gen_cond
118,3,1,1,1,1,3,1,train_cond
119,3,2,1,2,2,0,1,gen_cond
120,3,5,2,3,1,1,1,gen_cond
121,3,7,1,4,2,0,-1,excluded
122,3,5,2,1,1,1,1,gen_cond
123,3,3,1,2,2,0,1,gen_cond
124,3,3,1,4,2,0,1,gen_cond
125,3,3,2,2,2,0,1,gen_cond
126,3,4,2,1,2,2,1,gen_cond
127,3,6,2,2,2,0,1,train_cond
128,3,6,1,2,2,0,1,train_cond
129,3,6,1,1,2,4,1,train_cond
130,3,2,1,4,2,0,1,gen_cond
131,3,2,2,1,1,1,1,gen_cond
132,3,7,2,3,1,1,-1,excluded
133,3,6,1,3,1,1,1,train_cond
134,3,5,1,1,1,1,1,gen_cond
135,3,5,1,3,1,1,1,gen_cond
136,3,6,2,1,2,2,1,train_cond
137,4,3,2,4,2,0,1,gen_cond
138,4,3,1,3,1,1,1,gen_cond
139,4,2,2,3,1,1,1,gen_cond
140,4,4,1,1,1,1,1,gen_cond
141,4,6,2,2,2,0,1,train_cond
142,4,5,2,1,1,3,1,gen_cond
143,4,4,1,4,2,0,1,gen_cond
144,4,1,1,1,2,4,1,train_cond
145,4,6,1,3,1,1,1,train_cond
146,4,1,2,2,2,0,1,train_cond
147,4,4,1,3,1,1,1,gen_cond
148,4,2,1,2,2,0,1,gen_cond
149,4,6,2,1,1,1,1,train_cond
150,4,1,2,1,2,2,1,train_cond
151,4,7,2,3,1,1,-1,excluded
152,4,7,2,1,1,1,-1,excluded
153,4,4,1,2,2,0,1,gen_cond
154,4,1,1,4,2,0,1,train_cond
155,4,6,1,1,1,1,1,train_cond
156,4,5,1,3,1,3,1,gen_cond
157,4,6,2,4,2,0,1,train_cond
158,4,3,2,2,2,0,1,gen_cond
159,4,7,1,2,2,0,-1,excluded
160,4,2,1,4,2,0,1,gen_cond
161,4,7,1,3,1,1,-1,excluded
162,4,4,2,4,2,0,1,gen_cond
163,4,5,2,3,1,1,1,gen_cond
164,4,1,2,4,2,0,1,train_cond
165,4,3,2,1,2,4,1,gen_cond
166,4,2,1,3,1,1,1,gen_cond
167,4,2,1,1,2,4,1,gen_cond
168,4,3,1,2,2,0,1,gen_cond
169,4,6,1,4,2,0,1,train_cond
170,4,4,2,2,2,0,1,gen_cond
171,4,4,2,1,1,1,1,gen_cond
172,4,3,1,4,2,0,1,gen_cond
173,4,1,1,3,1,1,1,train_cond
174,4,5,2,2,2,0,1,gen_cond
175,4,5,1,2,2,0,1,gen_cond
176,4,5,1,4,2,0,1,gen_cond
177,4,1,2,3,1,3,1,train_cond
178,4,5,2,4,2,0,1,gen_cond
179,4,4,2,3,1,3,1,gen_cond
180,4,2,2,1,1,3,1,gen_cond
181,4,7,1,4,2,0,-1,excluded
182,4,2,2,2,2,0,1,gen_cond
183,4,6,1,2,2,0,1,train_cond
184,4,3,2,3,1,1,1,gen_cond
185,5,1,1,1,2,4,1,train_cond
186,5,4,1,3,1,1,1,gen_cond
187,5,6,2,4,2,0,1,train_cond
188,5,5,2,4,2,0,1,gen_cond
189,5,6,1,4,2,0,1,train_cond
190,5,7,2,2,2,0,-1,excluded
191,5,6,1,3,1,3,1,train_cond
192,5,2,1,4,2,0,1,gen_cond
193,5,2,2,3,1,3,1,gen_cond
194,5,4,2,2,2,0,1,gen_cond
195,5,3,2,3,1,1,2,gen_cond
196,5,3,1,2,2,0,2,gen_cond
197,5,7,2,1,1,3,-1,excluded
198,5,4,2,4,2,0,2,gen_cond
199,5,3,2,4,2,0,2,gen_cond
200,5,7,1,2,2,0,-1,excluded
201,5,5,2,1,2,4,2,gen_cond
202,5,2,2,4,2,0,2,gen_cond
203,5,5,2,3,1,3,2,gen_cond
204,5,1,2,4,2,0,1,train_cond
205,5,6,1,2,2,0,2,train_cond
206,5,4,2,3,1,1,2,gen_cond
207,5,1,1,4,2,0,1,train_cond
208,5,2,1,3,1,3,2,gen_cond
209,5,1,1,3,1,1,1,train_cond
210,5,4,1,4,2,0,2,gen_cond
211,5,1,2,1,2,2,1,train_cond
212,5,5,1,4,2,0,2,gen_cond
213,5,1,1,2,2,0,2,train_cond
214,5,7,2,3,1,1,-1,excluded
215,5,7,1,3,1,1,-1,excluded
216,5,2,1,2,2,0,2,gen_cond
217,5,5,2,2,2,0,2,gen_cond
218,5,3,2,2,2,0,2,gen_cond
219,5,7,2,4,2,0,-1,excluded
220,5,5,1,3,1,3,2,gen_cond
221,5,6,2,3,1,1,2,train_cond
222,5,6,2,1,2,2,2,train_cond
223,5,2,2,1,1,3,2,gen_cond
224,5,1,2,3,1,3,2,train_cond
225,5,2,2,2,2,0,2,gen_cond
226,5,7,1,1,2,2,-1,excluded
227,5,1,2,2,2,0,2,train_cond
228,5,3,2,1,2,2,2,gen_cond
229,5,4,2,1,2,2,2,gen_cond
230,5,6,2,2,2,0,2,train_cond
231,5,5,1,1,2,4,2,gen_cond
232,6,5,1,2,2,0,2,gen_cond
233,6,1,1,2,2,0,2,train_cond
234,6,1,1,4,2,0,2,train_cond
235,6,2,1,1,1,1,2,gen_cond
236,6,1,2,1,2,4,2,train_cond
237,6,3,1,4,2,0,2,gen_cond
238,6,3,1,2,2,0,2,gen_cond
239,6,7,2,3,1,3,-1,excluded
240,6,6,1,3,1,1,2,train_cond
241,6,6,1,4,2,0,2,train_cond
242,6,4,1,4,2,0,2,gen_cond
243,6,6,2,2,2,0,2,train_cond
244,6,4,2,2,2,0,2,gen_cond
245,6,2,1,2,2,0,2,gen_cond
246,6,7,2,4,2,0,-1,excluded
247,6,1,1,1,2,4,2,train_cond
248,6,1,2,4,2,0,2,train_cond
249,6,1,2,2,2,0,2,train_cond
250,6,3,2,2,2,0,2,gen_cond
251,6,5,1,3,1,1,2,gen_cond
252,6,5,1,4,2,0,2,gen_cond
253,6,6,1,1,1,3,2,train_cond
254,6,7,1,2,2,0,-1,excluded
255,6,2,1,4,2,0,2,gen_cond
256,6,4,1,3,1,1,2,gen_cond
257,6,2,2,1,1,3,2,gen_cond
258,6,7,1,4,2,0,-1,excluded
259,6,1,1,3,1,1,2,train_cond
260,6,2,1,3,1,3,2,gen_cond
261,6,6,1,2,2,0,2,train_cond
262,6,2,2,2,2,0,2,gen_cond
263,6,7,1,3,1,1,-1,excluded
264,6,5,1,1,2,2,2,gen_cond
265,6,4,1,1,1,3,2,gen_cond
266,6,7,2,2,2,0,-1,excluded
267,6,4,2,3,1,1,2,gen_cond
268,6,3,1,3,1,1,2,gen_cond
269,6,3,2,3,1,1,2,gen_cond
270,6,4,1,2,2,0,2,gen_cond
271,6,6,2,4,2,0,2,train_cond
272,6,7,1,1,2,2,-1,excluded
273,6,3,2,4,2,0,2,gen_cond
274,6,6,2,1,1,1,2,train_cond
275,6,5,2,4,2,0,2,gen_cond
276,6,5,2,1,1,1,2,gen_cond
277,6,3,2,1,2,2,2,gen_cond
278,6,5,2,2,2,0,2,gen_cond
279,7,7,1,1,1,1,-1,excluded
280,7,6,2,3,1,1,2,train_cond
281,7,4,1,4,2,0,2,gen_cond
282,7,3,1,3,1,1,2,gen_cond
283,7,7,1,4,2,0,-1,excluded
284,7,6,1,4,2,0,2,train_cond
285,7,5,2,4,2,0,2,gen_cond
286,7,5,2,1,1,3,2,gen_cond
287,7,4,1,2,2,0,2,gen_cond
288,7,1,1,2,2,0,2,train_cond
289,7,5,1,2,2,0,2,gen_cond
290,7,5,1,4,2,0,2,gen_cond
291,7,4,1,3,1,1,2,gen_cond
292,7,6,1,3,1,1,2,train_cond
293,7,3,1,1,2,2,2,gen_cond
294,7,4,2,2,2,0,2,gen_cond
295,7,2,1,3,1,3,2,gen_cond
296,7,1,1,4,2,0,2,train_cond
297,7,2,1,1,1,1,2,gen_cond
298,7,4,2,4,2,0,2,gen_cond
299,7,2,2,3,1,1,3,gen_cond
300,7,5,2,3,1,1,3,gen_cond
301,7,2,1,2,2,0,3,gen_cond
302,7,3,1,4,2,0,3,gen_cond
303,7,3,1,2,2,0,3,gen_cond
304,7,1,2,1,1,3,2,train_cond
305,7,4,1,1,2,2,3,gen_cond
306,7,3,2,2,2,0,3,gen_cond
307,7,7,2,1,2,2,-1,excluded
308,7,6,2,2,2,0,2,train_cond
309,7,1,1,3,1,1,2,train_cond
310,7,2,2,4,2,0,3,gen_cond
311,7,5,1,1,2,2,3,gen_cond
312,7,7,2,3,1,1,-1,excluded
313,7,2,1,4,2,0,3,gen_cond
314,7,1,2,2,2,0,2,train_cond
315,7,4,2,1,2,4,3,gen_cond
316,7,2,2,2,2,0,3,gen_cond
317,7,1,2,3,1,1,3,train_cond
318,7,3,2,3,1,1,3,gen_cond
319,7,2,2,1,1,3,3,gen_cond
320,7,6,1,1,1,1,3,train_cond
321,7,4,2,3,1,3,3,gen_cond
322,7,5,2,2,2,0,3,gen_cond
323,7,6,2,1,2,2,3,train_cond
324,7,3,2,4,2,0,3,gen_cond
325,7,1,1,1,1,1,3,train_cond
326,7,6,2,4,2,0,3,train_cond
327,7,7,1,3,1,3,-1,excluded
328,7,7,2,4,2,0,-1,excluded
329,7,1,2,4,2,0,3,train_cond
330,7,3,2,1,1,1,3,gen_cond
331,7,6,1,2,2,0,3,train_cond
332,7,7,2,2,2,0,-1,excluded
333,7,5,1,3,1,3,3,gen_cond
334,8,3,1,4,2,0,3,gen_cond
335,8,3,2,2,2,0,3,gen_cond
336,8,5,2,4,2,0,3,gen_cond
337,8,4,2,4,2,0,3,gen_cond
338,8,2,1,3,1,1,3,gen_cond
339,8,4,1,3,1,1,3,gen_cond
340,8,1,1,2,2,0,3,train_cond
341,8,5,1,1,1,1,3,gen_cond
342,8,5,1,3,1,3,3,gen_cond
343,8,7,1,2,2,0,-1,excluded
344,8,2,2,2,2,0,3,gen_cond
345,8,4,1,1,1,1,3,gen_cond
346,8,1,2,4,2,0,3,train_cond
347,8,3,2,4,2,0,3,gen_cond
348,8,3,1,2,2,0,3,gen_cond
349,8,7,2,2,2,0,-1,excluded
350,8,5,2,1,2,2,3,gen_cond
351,8,5,2,2,2,0,3,gen_cond
352,8,1,2,1,1,1,3,train_cond
353,8,4,1,4,2,0,3,gen_cond
354,8,6,1,3,1,1,3,train_cond
355,8,6,2,1,1,1,3,train_cond
356,8,7,1,4,2,0,-1,excluded
357,8,5,2,3,1,3,3,gen_cond
358,8,2,2,1,1,3,3,gen_cond
359,8,3,2,1,1,3,3,gen_cond
360,8,1,1,3,1,3,3,train_cond
361,8,2,2,3,1,1,3,gen_cond
362,8,2,1,1,2,4,3,gen_cond
363,8,7,1,1,1,3,-1,excluded
364,8,3,1,1,2,2,3,gen_cond
365,8,6,2,4,2,0,3,train_cond
366,8,6,2,2,2,0,3,train_cond
367,8,6,1,1,1,1,3,train_cond
368,8,6,1,4,2,0,3,train_cond
369,8,7,2,3,1,1,-1,excluded
370,8,2,2,4,2,0,3,gen_cond
371,8,4,1,2,2,0,3,gen_cond
372,8,7,2,4,2,0,-1,excluded
373,8,7,2,1,2,4,-1,excluded
374,8,7,1,3,1,1,-1,excluded
375,8,3,1,3,1,3,3,gen_cond
376,8,4,2,1,2,4,3,gen_cond
377,8,5,1,4,2,0,3,gen_cond
378,8,4,2,2,2,0,3,gen_cond
379,8,1,1,4,2,0,3,train_cond
380,8,5,1,2,2,0,3,gen_cond
381,8,4,2,3,1,1,3,gen_cond
382,8,3,2,3,1,1,3,gen_cond
383,8,1,1,1,2,4,3,train_cond
384,8,2,1,2,2,0,3,gen_cond
385,8,1,2,3,1,3,3,train_cond
386,8,2,1,4,2,0,3,gen_cond
387,8,1,2,2,2,0,3,train_cond
388,8,6,2,3,1,1,3,train_cond
389,8,6,1,2,2,0,3,train_cond
390,9,2,1,1,2,4,3,gen_cond
391,9,2,2,2,2,0,3,gen_cond
392,9,4,1,1,1,1,3,gen_cond
393,9,6,2,2,2,0,3,train_cond
394,9,3,1,2,2,0,3,gen_cond
395,9,7,2,3,1,1,-1,excluded
396,9,1,1,4,2,0,3,train_cond
397,9,1,2,2,2,0,3,train_cond
398,9,6,2,3,1,1,3,train_cond
399,9,1,2,4,2,0,3,train_cond
400,9,6,1,2,2,0,3,train_cond
401,9,7,1,1,2,4,-1,excluded
402,9,2,1,3,1,1,3,gen_cond
403,9,4,1,3,1,3,3,gen_cond
404,9,6,2,1,2,4,4,train_cond
405,9,6,1,4,2,0,4,train_cond
406,9,7,1,4,2,0,-1,excluded
407,9,1,1,1,2,4,3,train_cond
408,9,5,2,4,2,0,3,gen_cond
409,9,7,2,1,2,2,-1,excluded
410,9,3,1,1,1,1,3,gen_cond
411,9,3,2,1,2,4,4,gen_cond
412,9,3,2,3,1,3,4,gen_cond
413,9,3,1,4,2,0,4,gen_cond
414,9,4,2,3,1,1,4,gen_cond
415,9,2,2,4,2,0,4,gen_cond
416,9,5,1,4,2,0,4,gen_cond
417,9,2,1,4,2,0,4,gen_cond
418,9,4,1,4,2,0,4,gen_cond
419,9,5,1,1,2,4,4,gen_cond
420,9,2,2,1,1,1,4,gen_cond
421,9,5,2,2,2,0,4,gen_cond
422,9,4,2,4,2,0,4,gen_cond
423,9,5,1,3,1,1,4,gen_cond
424,9,4,2,1,1,3,4,gen_cond
425,9,7,1,3,1,1,-1,excluded
426,9,3,2,2,2,0,4,gen_cond
427,9,1,1,2,2,0,4,train_cond
428,9,1,2,3,1,3,4,train_cond
429,9,7,2,2,2,0,-1,excluded
430,9,5,2,1,1,1,4,gen_cond
431,9,7,2,4,2,0,-1,excluded
432,9,2,2,3,1,3,4,gen_cond
433,9,3,2,4,2,0,4,gen_cond
434,9,4,1,2,2,0,4,gen_cond
435,9,4,2,2,2,0,4,gen_cond
436,9,5,1,2,2,0,4,gen_cond
437,9,1,2,1,1,1,4,train_cond
438,9,6,1,3,1,3,4,train_cond
439,9,6,2,4,2,0,4,train_cond
440,10,2,2,1,1,1,4,gen_cond
441,10,4,1,3,1,1,4,gen_cond
442,10,3,1,2,2,0,4,gen_cond
443,10,5,1,3,1,1,4,gen_cond
444,10,3,1,1,1,1,4,gen_cond
445,10,1,2,4,2,0,4,train_cond
446,10,7,2,3,1,1,-1,excluded
447,10,2,2,3,1,3,4,gen_cond
448,10,7,1,1,2,2,-1,excluded
449,10,3,1,3,1,3,4,gen_cond
450,10,1,1,4,2,0,4,train_cond
451,10,6,1,2,2,0,4,train_cond
452,10,4,2,4,2,0,4,gen_cond
453,10,5,2,4,2,0,4,gen_cond
454,10,6,1,4,2,0,4,train_cond
455,10,4,1,4,2,0,4,gen_cond
456,10,3,2,3,1,1,4,gen_cond
457,10,5,2,3,1,3,4,gen_cond
458,10,2,2,2,2,0,4,gen_cond
459,10,7,2,2,2,0,-1,excluded
460,10,7,1,3,1,1,-1,excluded
461,10,7,2,1,1,1,-1,excluded
462,10,2,1,3,1,1,4,gen_cond
463,10,3,2,4,2,0,4,gen_cond
464,10,6,2,4,2,0,4,train_cond
465,10,1,1,1,1,3,4,train_cond
466,10,1,1,3,1,1,4,train_cond
467,10,6,1,3,1,3,4,train_cond
468,10,2,1,2,2,0,4,gen_cond
469,10,6,2,3,1,1,4,train_cond
470,10,2,1,1,2,4,4,gen_cond
471,10,4,2,2,2,0,4,gen_cond
472,10,3,1,4,2,0,4,gen_cond
473,10,1,2,3,1,1,4,train_cond
474,10,5,2,1,2,2,4,gen_cond
475,10,7,2,4,2,0,-1,excluded
476,10,6,2,1,2,2,4,train_cond
477,10,5,1,2,2,0,4,gen_cond
478,10,6,2,2,2,0,4,train_cond
479,10,4,2,3,1,1,4,gen_cond
480,10,6,1,1,2,2,4,train_cond
481,10,1,1,2,2,0,4,train_cond
482,10,7,1,4,2,0,-1,excluded
483,10,4,2,1,2,4,4,gen_cond
484,10,4,1,1,1,1,4,gen_cond
485,10,5,1,1,2,4,4,gen_cond
486,10,3,2,1,2,2,4,gen_cond
487,10,5,2,2,2,0,4,gen_cond
488,11,7,1,1,2,2,-1,excluded
489,11,3,1,3,1,3,4,gen_cond
490,11,2,1,4,2,0,4,gen_cond
491,11,5,1,3,1,1,4,gen_cond
492,11,4,1,3,1,1,4,gen_cond
493,11,5,1,2,2,0,4,gen_cond
494,11,6,1,1,1,1,4,train_cond
495,11,1,1,3,1,3,4,train_cond
496,11,2,2,3,1,1,4,gen_cond
497,11,7,1,4,2,0,-1,excluded
498,11,3,1,1,2,4,4,gen_cond
499,11,3,1,4,2,0,4,gen_cond
500,11,7,2,2,2,0,-1,excluded
501,11,6,2,1,1,1,4,train_cond
502,11,4,1,4,2,0,4,gen_cond
503,11,1,2,4,2,0,4,train_cond
504,11,7,1,2,2,0,-1,excluded
505,11,5,1,4,2,0,4,gen_cond
506,11,1,2,3,1,1,4,train_cond
507,11,6,1,3,1,1,5,train_cond
508,11,5,2,4,2,0,4,gen_cond
509,11,5,1,1,2,2,5,gen_cond
510,11,2,2,2,2,0,5,gen_cond
511,11,4,2,3,1,3,5,gen_cond
512,11,5,2,1,2,2,5,gen_cond
513,11,2,1,2,2,0,5,gen_cond
514,11,2,2,1,2,2,5,gen_cond
515,11,3,2,3,1,1,5,gen_cond
516,11,4,1,2,2,0,5,gen_cond
517,11,1,2,1,2,2,4,train_cond
518,11,4,2,1,2,2,5,gen_cond
519,11,3,1,2,2,0,5,gen_cond
520,11,4,1,1,2,2,5,gen_cond
521,11,6,2,3,1,1,5,train_cond
522,11,4,2,2,2,0,5,gen_cond
523,11,6,1,4,2,0,5,train_cond
524,11,3,2,2,2,0,5,gen_cond
525,11,3,2,1,1,3,5,gen_cond
526,11,2,2,4,2,0,5,gen_cond
527,11,6,1,2,2,0,5,train_cond
528,11,7,2,3,1,1,-1,excluded
529,11,7,1,3,1,1,-1,excluded
530,11,1,1,4,2,0,4,train_cond
531,11,4,2,4,2,0,5,gen_cond
532,11,5,2,3,1,1,5,gen_cond
533,11,5,2,2,2,0,5,gen_cond
534,11,1,1,1,1,3,4,train_cond
535,11,2,1,1,2,2,5,gen_cond
536,11,3,2,4,2,0,5,gen_cond
537,11,6,2,4,2,0,5,train_cond
538,11,7,2,1,1,1,-1,excluded
539,11,7,2,4,2,0,-1,excluded
540,12,1,2,1,1,3,5,train_cond
541,12,7,2,4,2,0,-1,excluded
542,12,3,1,3,1,1,5,gen_cond
543,12,1,2,2,2,0,5,train_cond
544,12,4,2,3,1,3,5,gen_cond
545,12,4,2,1,2,4,5,gen_cond
546,12,7,1,3,1,1,-1,excluded
547,12,1,2,4,2,0,5,train_cond
548,12,2,1,3,1,1,5,gen_cond
549,12,7,1,4,2,0,-1,excluded
550,12,6,2,4,2,0,5,train_cond
551,12,5,2,3,1,1,5,gen_cond
552,12,6,2,3,1,1,5,train_cond
553,12,2,2,4,2,0,5,gen_cond
554,12,1,1,4,2,0,5,train_cond
555,12,6,1,4,2,0,5,train_cond
556,12,4,1,1,2,4,5,gen_cond
557,12,5,2,2,2,0,5,gen_cond
558,12,3,2,1,2,2,5,gen_cond
559,12,3,1,4,2,0,5,gen_cond
560,12,7,2,1,1,1,-1,excluded
561,12,6,1,3,1,1,5,train_cond
562,12,5,2,4,2,0,5,gen_cond
563,12,5,1,4,2,0,5,gen_cond
564,12,6,2,1,1,3,5,train_cond
565,12,4,2,4,2,0,5,gen_cond
566,12,7,2,3,1,3,-1,excluded
567,12,2,1,2,2,0,5,gen_cond
568,12,5,1,1,1,3,5,gen_cond
569,12,2,1,4,2,0,5,gen_cond
570,12,2,2,3,1,1,5,gen_cond
571,12,7,2,2,2,0,-1,excluded
572,12,3,2,2,2,0,5,gen_cond
573,12,4,1,4,2,0,5,gen_cond
574,12,3,2,4,2,0,5,gen_cond
575,12,3,1,1,2,2,5,gen_cond
576,12,6,1,1,1,3,5,train_cond
577,12,7,1,2,2,0,-1,excluded
578,12,4,1,2,2,0,5,gen_cond
579,12,5,2,1,2,4,5,gen_cond
580,12,1,2,3,1,1,5,train_cond
581,12,2,2,1,2,2,5,gen_cond
582,12,2,2,2,2,0,5,gen_cond
583,12,3,1,2,2,0,5,gen_cond
584,12,4,2,2,2,0,5,gen_cond
585,12,5,1,2,2,0,5,gen_cond
586,12,2,1,1,2,4,5,gen_cond
587,12,1,1,3,1,1,5,train_cond
588,12,6,2,2,2,0,5,train_cond
589,12,4,1,3,1,1,5,gen_cond
590,12,7,1,1,2,2,-1,excluded
591,12,1,1,2,2,0,5,train_cond
592,13,2,2,4,2,0,5,gen_cond
593,13,1,1,2,2,0,5,train_cond
594,13,4,2,4,2,0,5,gen_cond
595,13,1,2,2,2,0,5,train_cond
596,13,7,1,3,1,1,-1,excluded
597,13,4,2,3,1,1,5,gen_cond
598,13,5,2,1,1,1,5,gen_cond
599,13,5,2,3,1,1,5,gen_cond
600,13,5,2,4,2,0,5,gen_cond
601,13,5,2,2,2,0,5,gen_cond
602,13,1,2,3,1,1,5,train_cond
603,13,7,2,3,1,1,-1,excluded
604,13,4,1,2,2,0,5,gen_cond
605,13,2,2,2,2,0,5,gen_cond
606,13,7,1,1,2,2,-1,excluded
607,13,1,1,1,2,2,5,train_cond
608,13,1,2,4,2,0,5,train_cond
609,13,6,2,2,2,0,5,train_cond
610,13,2,1,4,2,0,6,gen_cond
611,13,1,1,3,1,1,5,train_cond
612,13,4,1,3,1,1,6,gen_cond
613,13,4,1,1,1,3,6,gen_cond
614,13,6,1,4,2,0,5,train_cond
615,13,3,1,2,2,0,6,gen_cond
616,13,7,2,2,2,0,-1,excluded
617,13,6,1,2,2,0,5,train_cond
618,13,3,1,4,2,0,6,gen_cond
619,13,7,1,2,2,0,-1,excluded
620,13,6,2,1,2,4,6,train_cond
621,13,2,2,1,2,2,6,gen_cond
622,13,5,1,3,1,3,6,gen_cond
623,13,4,2,2,2,0,6,gen_cond
624,13,5,1,2,2,0,6,gen_cond
625,13,4,1,4,2,0,6,gen_cond
626,13,3,2,1,2,2,6,gen_cond
627,13,1,2,1,1,3,5,train_cond
628,13,6,1,1,2,2,6,train_cond
629,13,5,1,4,2,0,6,gen_cond
630,13,1,1,4,2,0,6,train_cond
631,13,3,1,3,1,3,6,gen_cond
632,13,5,1,1,1,1,6,gen_cond
633,13,7,2,1,1,1,-1,excluded
634,13,4,2,1,1,1,6,gen_cond
635,13,6,1,3,1,3,6,train_cond
636,13,2,1,3,1,1,6,gen_cond
637,13,3,2,2,2,0,6,gen_cond
638,13,2,1,1,1,3,6,gen_cond
639,13,6,2,4,2,0,6,train_cond
640,13,2,2,3,1,3,6,gen_cond
641,13,6,2,3,1,1,6,train_cond
642,13,2,1,2,2,0,6,gen_cond
643,13,3,1,1,2,4,6,gen_cond
644,13,3,2,3,1,1,6,gen_cond
645,13,7,1,4,2,0,-1,excluded
646,14,2,1,3,1,1,6,gen_cond
647,14,7,1,1,2,2,-1,excluded
648,14,3,2,3,2,2,6,gen_cond
649,14,5,1,4,2,0,6,gen_cond
650,14,3,2,1,1,1,6,gen_cond
651,14,6,1,2,2,0,6,train_cond
652,14,1,1,2,2,0,6,train_cond
653,14,5,2,3,1,1,6,gen_cond
654,14,4,2,4,2,0,6,gen_cond
655,14,7,2,3,1,1,-1,excluded
656,14,1,2,2,2,0,6,train_cond
657,14,5,1,2,2,0,6,gen_cond
658,14,2,2,3,1,3,6,gen_cond
659,14,2,1,1,2,4,6,gen_cond
660,14,6,2,1,2,2,6,train_cond
661,14,3,1,3,1,1,6,gen_cond
662,14,3,1,4,2,0,6,gen_cond
663,14,3,2,2,2,0,6,gen_cond
664,14,7,2,4,2,0,-1,excluded
665,14,7,1,4,2,0,-1,excluded
666,14,1,1,1,2,2,6,train_cond
667,14,5,1,3,1,3,6,gen_cond
668,14,6,1,4,2,0,6,train_cond
669,14,4,1,4,2,0,6,gen_cond
670,14,1,1,4,2,0,6,train_cond
671,14,6,2,4,2,0,6,train_cond
672,14,2,1,2,2,0,6,gen_cond
673,14,7,2,1,2,2,-1,excluded
674,14,2,1,4,2,0,6,gen_cond
675,14,7,1,2,2,0,-1,excluded
676,14,4,1,2,2,0,6,gen_cond
677,14,4,1,1,2,2,6,gen_cond
678,14,3,1,1,1,3,6,gen_cond
679,14,6,1,3,1,1,6,train_cond
680,14,2,2,2,2,0,6,gen_cond
681,14,7,1,3,1,1,-1,excluded
682,14,1,2,4,2,0,6,train_cond
683,14,6,1,1,1,1,6,train_cond
684,14,1,2,3,1,1,6,train_cond
685,14,4,1,3,1,3,6,gen_cond
686,14,5,2,4,2,0,6,gen_cond
687,14,5,2,1,1,3,6,gen_cond
688,14,1,2,1,1,1,6,train_cond
689,14,1,1,3,1,1,6,train_cond
690,14,5,2,2,2,0,6,gen_cond
691,14,4,2,3,1,1,6,gen_cond
692,14,6,2,3,1,1,6,train_cond
693,14,5,1,1,2,4,6,gen_cond
694,14,2,2,1,1,3,6,gen_cond
695,14,3,2,4,2,0,6,gen_cond
696,14,6,2,2,2,0,6,train_cond
697,14,4,2,2,2,0,6,gen_cond
698,14,4,2,1,1,1,6,gen_cond
699,14,3,1,2,2,0,6,gen_cond
700,14,7,2,2,2,0,-1,excluded
701,14,2,2,4,2,0,6,gen_cond
702,15,6,2,1,1,3,6,train_cond
703,15,2,2,2,2,0,6,gen_cond
704,15,3,2,2,2,0,6,gen_cond
705,15,6,1,2,2,0,6,train_cond
706,15,1,2,3,1,1,6,train_cond
707,15,5,1,3,1,1,6,gen_cond
708,15,1,2,2,2,0,6,train_cond
709,15,4,2,2,2,0,6,gen_cond
710,15,7,2,1,1,3,-1,excluded
711,15,7,2,4,2,0,-1,excluded
712,15,1,1,2,2,0,6,train_cond
713,15,2,2,1,2,2,6,gen_cond
714,15,6,2,2,2,0,7,train_cond
715,15,7,1,2,2,0,-1,excluded
716,15,1,1,4,2,0,6,train_cond
717,15,4,1,4,2,0,7,gen_cond
718,15,2,1,4,2,0,7,gen_cond
719,15,6,1,1,1,3,7,train_cond
720,15,7,2,2,2,0,-1,excluded
721,15,3,2,3,1,1,7,gen_cond
722,15,2,1,1,2,2,7,gen_cond
723,15,3,2,4,2,0,7,gen_cond
724,15,2,1,3,1,1,7,gen_cond
725,15,1,1,3,1,1,6,train_cond
726,15,7,1,4,2,0,-1,excluded
727,15,5,2,3,1,1,7,gen_cond
728,15,4,1,2,2,0,7,gen_cond
729,15,5,1,4,2,0,7,gen_cond
730,15,3,1,2,2,0,7,gen_cond
731,15,1,1,1,1,1,7,train_cond
732,15,2,1,2,2,0,7,gen_cond
733,15,5,2,1,1,3,7,gen_cond
734,15,5,2,4,2,0,7,gen_cond
735,15,3,1,3,1,1,7,gen_cond
736,15,6,2,3,1,1,7,train_cond
737,15,2,2,4,2,0,7,gen_cond
738,15,5,1,2,2,0,7,gen_cond
739,15,7,1,3,1,1,-1,excluded
740,15,7,1,1,2,4,-1,excluded
741,15,4,2,1,1,3,7,gen_cond
742,15,3,1,4,2,0,7,gen_cond
743,15,6,1,4,2,0,7,train_cond
744,15,4,1,3,1,1,7,gen_cond
745,15,6,2,4,2,0,7,train_cond
746,15,2,2,3,1,1,7,gen_cond
747,15,4,2,3,1,1,7,gen_cond
748,15,4,1,1,1,3,7,gen_cond
749,15,1,2,4,2,0,7,train_cond
750,15,3,1,1,2,4,7,gen_cond
751,15,5,1,1,1,3,7,gen_cond
752,15,7,2,3,1,3,-1,excluded
753,15,1,2,1,2,4,7,train_cond
754,15,5,2,2,2,0,7,gen_cond
755,15,4,2,4,2,0,7,gen_cond
756,15,6,1,3,1,3,7,train_cond
757,16,3,1,2,2,0,7,gen_cond
758,16,5,1,3,1,1,7,gen_cond
759,16,1,2,2,2,0,7,train_cond
760,16,6,1,1,1,3,7,train_cond
761,16,3,2,2,2,0,7,gen_cond
762,16,6,2,4,2,0,7,train_cond
763,16,2,2,4,2,0,7,gen_cond
764,16,3,2,4,2,0,7,gen_cond
765,16,3,1,4,2,0,7,gen_cond
766,16,4,1,4,2,0,7,gen_cond
767,16,3,1,3,1,3,7,gen_cond
768,16,2,1,2,2,0,7,gen_cond
769,16,6,2,3,1,3,7,train_cond
770,16,2,1,1,1,3,7,gen_cond
771,16,6,1,4,2,0,7,train_cond
772,16,1,2,4,2,0,7,train_cond
773,16,6,2,1,2,4,7,train_cond
774,16,4,2,1,1,1,7,gen_cond
775,16,3,2,1,1,1,7,gen_cond
776,16,5,2,2,2,0,7,gen_cond
777,16,6,1,3,1,3,7,train_cond
778,16,2,1,4,2,0,7,gen_cond
779,16,7,1,3,1,1,-1,excluded
780,16,5,1,2,2,0,7,gen_cond
781,16,4,1,1,1,1,7,gen_cond
782,16,7,2,1,2,4,-1,excluded
783,16,2,2,1,1,3,7,gen_cond
784,16,5,1,4,2,0,7,gen_cond
785,16,1,1,4,2,0,7,train_cond
786,16,1,1,1,1,1,7,train_cond
787,16,7,1,2,2,0,-1,excluded
788,16,7,1,4,2,0,-1,excluded
789,16,6,2,2,2,0,7,train_cond
790,16,7,2,2,2,0,-1,excluded
791,16,4,1,2,2,0,7,gen_cond
792,16,5,2,3,1,1,7,gen_cond
793,16,4,1,3,1,3,7,gen_cond
794,16,5,2,4,2,0,7,gen_cond
795,16,4,2,2,2,0,7,gen_cond
796,16,7,2,3,1,1,-1,excluded
797,16,7,2,4,2,0,-1,excluded
798,16,1,1,3,1,1,7,train_cond
799,16,3,1,1,2,2,7,gen_cond
800,16,2,2,3,1,1,7,gen_cond
801,16,1,2,1,2,2,7,train_cond
802,16,1,1,2,2,0,7,train_cond
803,16,7,1,1,2,2,-1,excluded
804,16,4,2,4,2,0,7,gen_cond
805,16,6,1,2,2,0,7,train_cond
806,16,2,2,2,2,0,7,gen_cond
807,16,1,2,3,1,1,7,train_cond
808,16,2,1,3,1,1,7,gen_cond
809,17,4,1,1,2,2,7,gen_cond
810,17,6,1,4,2,0,7,train_cond
811,17,1,2,1,1,1,7,train_cond
812,17,5,1,3,1,1,7,gen_cond
813,17,2,1,4,2,0,7,gen_cond
814,17,1,1,2,2,0,7,train_cond
815,17,2,2,4,2,0,7,gen_cond
816,17,3,1,3,2,2,7,gen_cond
817,17,5,2,4,2,0,8,gen_cond
818,17,6,2,4,2,0,8,train_cond
819,17,3,1,1,1,1,8,gen_cond
820,17,7,2,3,1,3,-1,excluded
821,17,4,1,3,1,1,8,gen_cond
822,17,2,2,1,1,1,8,gen_cond
823,17,3,2,2,2,0,8,gen_cond
824,17,5,2,3,1,1,8,gen_cond
825,17,5,1,4,2,0,8,gen_cond
826,17,2,1,1,2,2,8,gen_cond
827,17,6,1,2,2,0,8,train_cond
828,17,7,1,4,2,0,-1,excluded
829,17,5,1,1,1,3,8,gen_cond
830,17,3,2,3,1,1,8,gen_cond
831,17,1,2,4,2,0,7,train_cond
832,17,7,1,3,1,1,-1,excluded
833,17,7,2,1,2,2,-1,excluded
834,17,1,1,4,2,0,8,train_cond
835,17,6,2,2,2,0,8,train_cond
836,17,2,1,2,2,0,8,gen_cond
837,17,1,1,1,1,1,8,train_cond
838,17,1,2,2,2,0,8,train_cond
839,17,1,2,3,1,1,8,train_cond
840,17,6,1,3,1,1,8,train_cond
841,17,7,2,4,2,0,-1,excluded
842,17,2,1,3,1,1,8,gen_cond
843,17,3,1,4,2,0,8,gen_cond
844,17,6,2,3,1,1,8,train_cond
845,17,4,2,2,2,0,8,gen_cond
846,17,3,2,4,2,0,8,gen_cond
847,17,4,1,2,2,0,8,gen_cond
848,17,3,1,2,2,0,8,gen_cond
849,17,5,2,1,1,1,8,gen_cond
850,17,7,1,1,2,2,-1,excluded
851,17,7,1,2,2,0,-1,excluded
852,17,4,2,3,1,3,8,gen_cond
853,17,1,1,3,1,1,8,train_cond
854,17,2,2,2,2,0,8,gen_cond
855,17,5,2,2,2,0,8,gen_cond
856,17,5,1,2,2,0,8,gen_cond
857,17,4,2,1,2,2,8,gen_cond
858,17,7,2,2,2,0,-1,excluded
859,17,2,2,3,1,1,8,gen_cond
860,17,3,2,1,2,4,8,gen_cond
861,17,6,1,1,2,4,8,train_cond
862,18,2,2,3,1,1,8,gen_cond
863,18,7,2,1,2,4,-1,excluded
864,18,5,2,1,2,2,8,gen_cond
865,18,3,2,1,2,4,8,gen_cond
866,18,6,1,4,2,0,8,train_cond
867,18,1,2,4,2,0,8,train_cond
868,18,3,2,2,2,0,8,gen_cond
869,18,2,2,1,2,4,8,gen_cond
870,18,1,1,2,2,0,8,train_cond
871,18,1,2,2,2,0,8,train_cond
872,18,2,1,2,2,0,8,gen_cond
873,18,1,1,3,1,1,8,train_cond
874,18,7,1,1,2,2,-1,excluded
875,18,6,2,2,2,0,8,train_cond
876,18,3,2,3,1,3,8,gen_cond
877,18,6,2,1,1,1,8,train_cond
878,18,2,2,4,2,0,8,gen_cond
879,18,3,1,2,2,0,8,gen_cond
880,18,4,2,1,2,2,8,gen_cond
881,18,7,1,2,2,0,-1,excluded
882,18,3,2,4,2,0,8,gen_cond
883,18,7,2,4,2,0,-1,excluded
884,18,5,2,2,2,0,8,gen_cond
885,18,3,1,3,1,1,8,gen_cond
886,18,7,2,2,2,0,-1,excluded
887,18,4,1,1,1,3,8,gen_cond
888,18,5,1,3,1,1,8,gen_cond
889,18,3,1,4,2,0,8,gen_cond
890,18,7,1,4,2,0,-1,excluded
891,18,1,1,4,2,0,8,train_cond
892,18,1,1,1,1,1,8,train_cond
893,18,2,1,1,2,2,8,gen_cond
894,18,6,2,3,1,1,8,train_cond
895,18,5,1,2,2,0,8,gen_cond
896,18,3,1,1,1,3,8,gen_cond
897,18,4,2,2,2,0,8,gen_cond
898,18,6,2,4,2,0,8,train_cond
899,18,1,2,3,1,1,8,train_cond
900,18,5,2,3,1,1,8,gen_cond
901,18,6,1,2,2,0,8,train_cond
902,18,6,1,3,1,1,8,train_cond
903,18,2,1,3,1,1,8,gen_cond
904,18,5,1,1,1,1,8,gen_cond
905,18,4,1,4,2,0,8,gen_cond
906,18,6,1,1,1,3,8,train_cond
907,18,4,2,3,1,3,8,gen_cond
908,18,1,2,1,2,2,8,train_cond
909,18,7,2,3,1,1,-1,excluded
910,18,4,1,2,2,0,8,gen_cond
911,18,4,2,4,2,0,8,gen_cond
912,18,5,1,4,2,0,8,gen_cond
913,18,5,2,4,2,0,8,gen_cond
914,18,2,1,4,2,0,8,gen_cond
915,18,7,1,3,1,1,-1,excluded
916,19,5,2,1,1,3,8,gen_cond
917,19,2,2,3,1,3,8,gen_cond
918,19,7,1,2,2,0,-1,excluded
919,19,1,1,1,2,2,8,train_cond
920,19,1,2,3,1,1,9,train_cond
921,19,2,1,3,1,1,8,gen_cond
922,19,3,1,4,2,0,8,gen_cond
923,19,7,1,4,2,0,-1,excluded
924,19,1,1,3,1,1,9,train_cond
925,19,7,1,3,1,1,-1,excluded
926,19,1,2,2,2,0,9,train_cond
927,19,6,1,4,2,0,8,train_cond
928,19,4,1,1,1,3,9,gen_cond
929,19,2,1,2,2,0,9,gen_cond
930,19,7,1,1,1,1,-1,excluded
931,19,6,2,1,1,1,9,train_cond
932,19,5,1,1,1,1,9,gen_cond
933,19,6,1,1,1,1,9,train_cond
934,19,4,1,4,2,0,9,gen_cond
935,19,4,1,2,2,0,9,gen_cond
936,19,5,2,4,2,0,9,gen_cond
937,19,5,2,3,1,1,9,gen_cond
938,19,6,1,2,2,0,9,train_cond
939,19,7,2,4,2,0,-1,excluded
940,19,3,2,1,2,2,9,gen_cond
941,19,7,2,1,2,2,-1,excluded
942,19,4,2,1,1,3,9,gen_cond
943,19,3,1,2,2,0,9,gen_cond
944,19,4,2,4,2,0,9,gen_cond
945,19,2,2,4,2,0,9,gen_cond
946,19,2,2,2,2,0,9,gen_cond
947,19,6,2,3,1,3,9,train_cond
948,19,3,2,3,1,1,9,gen_cond
949,19,1,1,2,2,0,9,train_cond
950,19,3,2,4,2,0,9,gen_cond
951,19,5,1,4,2,0,9,gen_cond
952,19,4,2,3,1,3,9,gen_cond
953,19,7,2,2,2,0,-1,excluded
954,19,1,1,4,2,0,9,train_cond
955,19,2,1,4,2,0,9,gen_cond
956,19,6,2,2,2,0,9,train_cond
957,19,3,2,2,2,0,9,gen_cond
958,19,5,1,3,1,1,9,gen_cond
959,19,4,1,3,1,3,9,gen_cond
960,19,5,2,2,2,0,9,gen_cond
961,19,2,2,1,2,2,9,gen_cond
962,19,1,2,1,1,1,9,train_cond
963,19,4,2,2,2,0,9,gen_cond
964,19,7,2,3,1,3,-1,excluded
965,19,3,1,1,2,2,9,gen_cond
966,19,6,1,3,1,1,9,train_cond
967,19,2,1,1,1,1,9,gen_cond
968,19,5,1,2,2,0,9,gen_cond
969,19,3,1,3,1,1,9,gen_cond
970,19,6,2,4,2,0,9,train_cond
971,20,2,1,3,1,1,9,gen_cond
972,20,1,2,2,2,0,9,train_cond
973,20,4,1,3,1,1,9,gen_cond
974,20,1,1,1,1,1,9,train_cond
975,20,3,2,3,1,3,9,gen_cond
976,20,6,1,2,2,0,9,train_cond
977,20,3,1,2,2,0,9,gen_cond
978,20,5,1,4,2,0,9,gen_cond
979,20,2,2,3,1,1,9,gen_cond
980,20,4,1,1,2,4,9,gen_cond
981,20,4,1,2,2,0,9,gen_cond
982,20,4,2,4,2,0,9,gen_cond
983,20,1,1,4,2,0,9,train_cond
984,20,4,2,1,2,4,9,gen_cond
985,20,5,2,3,1,3,9,gen_cond
986,20,5,2,1,1,3,9,gen_cond
987,20,7,2,4,2,0,-1,excluded
988,20,1,2,4,2,0,9,train_cond
989,20,3,2,4,2,0,9,gen_cond
990,20,6,2,1,1,3,9,train_cond
991,20,5,1,3,1,3,9,gen_cond
992,20,2,1,2,2,0,9,gen_cond
993,20,1,1,2,2,0,9,train_cond
994,20,6,2,2,2,0,9,train_cond
995,20,7,1,3,1,1,-1,excluded
996,20,2,1,1,2,2,9,gen_cond
997,20,2,2,2,2,0,9,gen_cond
998,20,7,2,3,1,3,-1,excluded
999,20,1,1,3,1,1,9,train_cond
1000,20,5,1,1,1,1,9,gen_cond
1001,20,5,1,2,2,0,9,gen_cond
1002,20,5,2,2,2,0,9,gen_cond
1003,20,3,1,1,1,1,9,gen_cond
1004,20,3,2,1,1,3,9,gen_cond
1005,20,4,2,3,1,1,9,gen_cond
1006,20,4,1,4,2,0,9,gen_cond
1007,20,7,1,2,2,0,-1,excluded
1008,20,6,2,3,1,1,9,train_cond
1009,20,5,2,4,2,0,9,gen_cond
1010,20,1,2,3,1,1,9,train_cond
1011,20,6,2,4,2,0,9,train_cond
1012,20,3,1,4,2,0,9,gen_cond
1013,20,7,2,1,2,4,-1,excluded
1014,20,7,1,4,2,0,-1,excluded
1015,20,2,1,4,2,0,9,gen_cond
1016,20,3,1,3,1,3,9,gen_cond
1017,20,6,1,3,1,1,9,train_cond
1018,20,6,1,4,2,0,9,train_cond
1019,20,2,2,4,2,0,9,gen_cond
1020,20,1,2,1,2,2,9,train_cond
1021,20,6,1,1,2,2,9,train_cond
1022,20,7,1,1,1,3,-1,excluded
1023,20,3,2,2,2,0,9,gen_cond
1024,20,2,2,1,1,1,9,gen_cond
1025,20,7,2,2,2,0,-1,excluded
